[2026-08-10T02:40:34.138Z] ----------------------------------------------------------------------
[2026-08-10T02:40:34.153Z] Command:       C:\nvm4w\nodejs\node.exe C:\nvm4w\nodejs\node_modules\firebase-tools\lib\bin\firebase.js deploy --only functions --debug
[2026-08-10T02:40:34.154Z] CLI Version:   15.26.0
[2026-08-10T02:40:34.186Z] Platform:      win32
[2026-08-10T02:40:34.200Z] Node Version:  v20.19.0
[2026-08-10T02:40:34.201Z] Detected Agent: antigravity
[2026-08-10T02:40:34.201Z] Time:          Mon Aug 10 2026 03:40:34 GMT+0100 (West Africa Standard Time)
[2026-08-10T02:40:34.202Z] ----------------------------------------------------------------------

[2026-08-10T02:40:40.014Z] > command requires scopes: ["email","openid","https://www.googleapis.com/auth/cloudplatformprojects.readonly","https://www.googleapis.com/auth/firebase","https://www.googleapis.com/auth/cloud-platform"]
[2026-08-10T02:40:40.016Z] > authorizing via signed-in user (lsbsf.dev@gmail.com)
[2026-08-10T02:40:40.017Z] [iam] checking project refreshing-website for permissions ["cloudfunctions.functions.create","cloudfunctions.functions.delete","cloudfunctions.functions.get","cloudfunctions.functions.list","cloudfunctions.functions.update","cloudfunctions.operations.get","firebase.projects.get"]
[2026-08-10T02:40:40.022Z] Checked if tokens are valid: true, expires at: 1786331729344
[2026-08-10T02:40:40.023Z] Checked if tokens are valid: true, expires at: 1786331729344
[2026-08-10T02:40:40.026Z] >>> [apiv2][query] POST https://cloudresourcemanager.googleapis.com/v1/projects/refreshing-website:testIamPermissions [none]
[2026-08-10T02:40:40.027Z] >>> [apiv2][(partial)header] POST https://cloudresourcemanager.googleapis.com/v1/projects/refreshing-website:testIamPermissions  x-goog-user-project=refreshing-website
[2026-08-10T02:40:40.028Z] >>> [apiv2][body] POST https://cloudresourcemanager.googleapis.com/v1/projects/refreshing-website:testIamPermissions {"permissions":["cloudfunctions.functions.create","cloudfunctions.functions.delete","cloudfunctions.functions.get","cloudfunctions.functions.list","cloudfunctions.functions.update","cloudfunctions.operations.get","firebase.projects.get"]}
[2026-08-10T02:40:41.531Z] <<< [apiv2][status] POST https://cloudresourcemanager.googleapis.com/v1/projects/refreshing-website:testIamPermissions 200
[2026-08-10T02:40:41.532Z] <<< [apiv2][body] POST https://cloudresourcemanager.googleapis.com/v1/projects/refreshing-website:testIamPermissions {"permissions":["cloudfunctions.functions.create","cloudfunctions.functions.delete","cloudfunctions.functions.get","cloudfunctions.functions.list","cloudfunctions.functions.update","cloudfunctions.operations.get","firebase.projects.get"]}
[2026-08-10T02:40:41.533Z] Checked if tokens are valid: true, expires at: 1786331729344
[2026-08-10T02:40:41.533Z] Checked if tokens are valid: true, expires at: 1786331729344
[2026-08-10T02:40:41.534Z] >>> [apiv2][query] POST https://iam.googleapis.com/v1/projects/refreshing-website/serviceAccounts/refreshing-website@appspot.gserviceaccount.com:testIamPermissions [none]
[2026-08-10T02:40:41.534Z] >>> [apiv2][body] POST https://iam.googleapis.com/v1/projects/refreshing-website/serviceAccounts/refreshing-website@appspot.gserviceaccount.com:testIamPermissions {"permissions":["iam.serviceAccounts.actAs"]}
[2026-08-10T02:40:42.991Z] <<< [apiv2][status] POST https://iam.googleapis.com/v1/projects/refreshing-website/serviceAccounts/refreshing-website@appspot.gserviceaccount.com:testIamPermissions 200
[2026-08-10T02:40:42.991Z] <<< [apiv2][body] POST https://iam.googleapis.com/v1/projects/refreshing-website/serviceAccounts/refreshing-website@appspot.gserviceaccount.com:testIamPermissions {"permissions":["iam.serviceAccounts.actAs"]}

=== Deploying to 'refreshing-website'...

i  deploying functions 
[2026-08-10T02:40:42.998Z] Checked if tokens are valid: true, expires at: 1786331729344
[2026-08-10T02:40:42.999Z] Checked if tokens are valid: true, expires at: 1786331729344
[2026-08-10T02:40:42.999Z] >>> [apiv2][query] GET https://cloudresourcemanager.googleapis.com/v1/projects/refreshing-website [none]
[2026-08-10T02:40:43.609Z] <<< [apiv2][status] GET https://cloudresourcemanager.googleapis.com/v1/projects/refreshing-website 200
[2026-08-10T02:40:43.609Z] <<< [apiv2][body] GET https://cloudresourcemanager.googleapis.com/v1/projects/refreshing-website {"projectNumber":"832093857842","projectId":"refreshing-website","lifecycleState":"ACTIVE","name":"refreshing-website","labels":{"firebase":"enabled","firebase-core":"disabled"},"createTime":"2026-07-21T18:11:55.357Z"}
i  functions: preparing codebase default for deployment 
i  functions: ensuring required API cloudfunctions.googleapis.com is enabled... 
i  functions: ensuring required API cloudbuild.googleapis.com is enabled... 
i  artifactregistry: ensuring required API artifactregistry.googleapis.com is enabled... 
[2026-08-10T02:40:43.614Z] Checked if tokens are valid: true, expires at: 1786331729344
[2026-08-10T02:40:43.614Z] Checked if tokens are valid: true, expires at: 1786331729344
[2026-08-10T02:40:43.614Z] >>> [apiv2][query] GET https://firebase.googleapis.com/v1beta1/projects/refreshing-website/adminSdkConfig [none]
[2026-08-10T02:40:44.520Z] <<< [apiv2][status] GET https://firebase.googleapis.com/v1beta1/projects/refreshing-website/adminSdkConfig 200
[2026-08-10T02:40:44.521Z] <<< [apiv2][body] GET https://firebase.googleapis.com/v1beta1/projects/refreshing-website/adminSdkConfig {"projectId":"refreshing-website","storageBucket":"refreshing-website.firebasestorage.app"}
[2026-08-10T02:40:44.522Z] Checked if tokens are valid: true, expires at: 1786331729344
[2026-08-10T02:40:44.522Z] Checked if tokens are valid: true, expires at: 1786331729344
[2026-08-10T02:40:44.522Z] >>> [apiv2][query] GET https://runtimeconfig.googleapis.com/v1beta1/projects/refreshing-website/configs [none]
[2026-08-10T02:40:45.037Z] <<< [apiv2][status] GET https://runtimeconfig.googleapis.com/v1beta1/projects/refreshing-website/configs 200
[2026-08-10T02:40:45.037Z] <<< [apiv2][body] GET https://runtimeconfig.googleapis.com/v1beta1/projects/refreshing-website/configs {}
[2026-08-10T02:40:45.040Z] Validating nodejs source
!  functions: Runtime Node.js 20 was deprecated on 2026-04-30 and will be decommissioned on 2026-10-30, after which you will not be able to deploy without upgrading. Consider upgrading now to avoid disruption. See https://cloud.google.com/functions/docs/runtime-support for full details on the lifecycle policy 
!  functions: package.json indicates an outdated version of firebase-functions. Please upgrade using npm install --save firebase-functions@latest in your functions directory. 
!  functions: Please note that there will be breaking changes when you upgrade. 
[2026-08-10T02:40:51.755Z] > [functions] package.json contents: {
  "name": "functions",
  "scripts": {
    "build": "tsc",
    "serve": "npm run build && firebase emulators:start --only functions",
    "shell": "npm run build && firebase functions:shell",
    "start": "npm run shell",
    "deploy": "firebase deploy --only functions"
  },
  "engines": {
    "node": "20"
  },
  "main": "lib/index.js",
  "dependencies": {
    "firebase-admin": "^11.8.0",
    "firebase-functions": "^4.3.1",
    "zod": "^3.22.4"
  },
  "devDependencies": {
    "typescript": "^5.0.4"
  },
  "private": true
}
[2026-08-10T02:40:51.756Z] Building nodejs source
i  functions: Loading and analyzing source code for codebase default to determine what to deploy 
i  functions: You are using a version of firebase-functions SDK (4.9.0) that does not have support for the newest Firebase Extensions features. Please update firebase-functions SDK to >=5.1.0 to use them correctly 
[2026-08-10T02:40:51.765Z] Could not find functions.yaml. Must use http discovery
[2026-08-10T02:40:51.788Z] Found firebase-functions binary at 'C:\Users\HP\Documents\Github\refrshing-website\functions\node_modules\.bin\firebase-functions'
Serving at port 8412

[2026-08-10T02:40:59.439Z] Got response from /__/functions.yaml {"endpoints":{"createInvite":{"platform":"gcfv1","labels":{},"availableMemoryMb":null,"timeoutSeconds":null,"minInstances":null,"maxInstances":null,"ingressSettings":null,"serviceAccountEmail":null,"vpc":null,"callableTrigger":{},"entryPoint":"createInvite"},"acceptInvite":{"platform":"gcfv1","labels":{},"availableMemoryMb":null,"timeoutSeconds":null,"minInstances":null,"maxInstances":null,"ingressSettings":null,"serviceAccountEmail":null,"vpc":null,"callableTrigger":{},"entryPoint":"acceptInvite"},"setUserRole":{"platform":"gcfv1","labels":{},"availableMemoryMb":null,"timeoutSeconds":null,"minInstances":null,"maxInstances":null,"ingressSettings":null,"serviceAccountEmail":null,"vpc":null,"callableTrigger":{},"entryPoint":"setUserRole"},"revokeUserAccess":{"platform":"gcfv1","labels":{},"availableMemoryMb":null,"timeoutSeconds":null,"minInstances":null,"maxInstances":null,"ingressSettings":null,"serviceAccountEmail":null,"vpc":null,"callableTrigger":{},"entryPoint":"revokeUserAccess"},"markCheckedIn":{"platform":"gcfv1","labels":{},"availableMemoryMb":null,"timeoutSeconds":null,"minInstances":null,"maxInstances":null,"ingressSettings":null,"serviceAccountEmail":null,"vpc":null,"callableTrigger":{},"entryPoint":"markCheckedIn"},"undoCheckIn":{"platform":"gcfv1","labels":{},"availableMemoryMb":null,"timeoutSeconds":null,"minInstances":null,"maxInstances":null,"ingressSettings":null,"serviceAccountEmail":null,"vpc":null,"callableTrigger":{},"entryPoint":"undoCheckIn"},"syncCheckinView":{"platform":"gcfv1","availableMemoryMb":null,"timeoutSeconds":null,"minInstances":null,"maxInstances":null,"ingressSettings":null,"serviceAccountEmail":null,"vpc":null,"eventTrigger":{"eventType":"providers/cloud.firestore/eventTypes/document.write","eventFilters":{"resource":"projects/refreshing-website/databases/(default)/documents/events/{eventId}/attendees/{attendeeId}"},"retry":false},"labels":{},"entryPoint":"syncCheckinView"},"auditMinistersWrite":{"platform":"gcfv1","availableMemoryMb":null,"timeoutSeconds":null,"minInstances":null,"maxInstances":null,"ingressSettings":null,"serviceAccountEmail":null,"vpc":null,"eventTrigger":{"eventType":"providers/cloud.firestore/eventTypes/document.write","eventFilters":{"resource":"projects/refreshing-website/databases/(default)/documents/events/{eventId}/ministers/{ministerId}"},"retry":false},"labels":{},"entryPoint":"auditMinistersWrite"},"auditSessionsWrite":{"platform":"gcfv1","availableMemoryMb":null,"timeoutSeconds":null,"minInstances":null,"maxInstances":null,"ingressSettings":null,"serviceAccountEmail":null,"vpc":null,"eventTrigger":{"eventType":"providers/cloud.firestore/eventTypes/document.write","eventFilters":{"resource":"projects/refreshing-website/databases/(default)/documents/events/{eventId}/sessions/{sessionId}"},"retry":false},"labels":{},"entryPoint":"auditSessionsWrite"},"auditAttendeesWrite":{"platform":"gcfv1","availableMemoryMb":null,"timeoutSeconds":null,"minInstances":null,"maxInstances":null,"ingressSettings":null,"serviceAccountEmail":null,"vpc":null,"eventTrigger":{"eventType":"providers/cloud.firestore/eventTypes/document.write","eventFilters":{"resource":"projects/refreshing-website/databases/(default)/documents/events/{eventId}/attendees/{attendeeId}"},"retry":false},"labels":{},"entryPoint":"auditAttendeesWrite"},"purgeTrash":{"platform":"gcfv1","availableMemoryMb":null,"timeoutSeconds":null,"minInstances":null,"maxInstances":null,"ingressSettings":null,"serviceAccountEmail":null,"vpc":null,"scheduleTrigger":{"schedule":"0 0 * * *","retryConfig":{"retryCount":null,"maxDoublings":null,"maxRetryDuration":null,"maxBackoffDuration":null,"minBackoffDuration":null},"timeZone":null},"labels":{},"entryPoint":"purgeTrash"},"pruneVersionHistory":{"platform":"gcfv1","availableMemoryMb":null,"timeoutSeconds":null,"minInstances":null,"maxInstances":null,"ingressSettings":null,"serviceAccountEmail":null,"vpc":null,"scheduleTrigger":{"schedule":"0 1 * * *","retryConfig":{"retryCount":null,"maxDoublings":null,"maxRetryDuration":null,"maxBackoffDuration":null,"minBackoffDuration":null},"timeZone":null},"labels":{},"entryPoint":"pruneVersionHistory"},"provisionAdminAccount":{"platform":"gcfv1","labels":{},"availableMemoryMb":null,"timeoutSeconds":null,"minInstances":null,"maxInstances":null,"ingressSettings":null,"serviceAccountEmail":null,"vpc":null,"callableTrigger":{},"entryPoint":"provisionAdminAccount"}},"specVersion":"v1alpha1","requiredAPIs":[{"api":"cloudscheduler.googleapis.com","reason":"Needed for scheduled functions."}]}
[2026-08-10T02:41:02.560Z] Checked if tokens are valid: true, expires at: 1786331729344
[2026-08-10T02:41:02.561Z] Checked if tokens are valid: true, expires at: 1786331729344
[2026-08-10T02:41:02.561Z] >>> [apiv2][query] GET https://cloudfunctions.googleapis.com/v1/projects/refreshing-website/locations/-/functions [none]
[2026-08-10T02:41:03.470Z] <<< [apiv2][status] GET https://cloudfunctions.googleapis.com/v1/projects/refreshing-website/locations/-/functions 200
[2026-08-10T02:41:03.470Z] <<< [apiv2][body] GET https://cloudfunctions.googleapis.com/v1/projects/refreshing-website/locations/-/functions {"functions":[{"name":"projects/refreshing-website/locations/us-central1/functions/createInvite","httpsTrigger":{"url":"https://us-central1-refreshing-website.cloudfunctions.net/createInvite","securityLevel":"SECURE_ALWAYS"},"status":"DEPLOY_IN_PROGRESS","entryPoint":"createInvite","timeout":"60s","availableMemoryMb":256,"serviceAccountEmail":"refreshing-website@appspot.gserviceaccount.com","updateTime":"2026-08-10T02:40:37.258405505Z","versionId":"1","labels":{"deployment-callable":"true","firebase-functions-hash":"4ca4e0a08a41b0b71544684edcaaaba587ae5703","deployment-tool":"cli-firebase"},"sourceUploadUrl":"https://storage.googleapis.com/uploads-836972235469.us-central1.cloudfunctions.appspot.com/2dbc5b32-8d21-4049-b186-6384d75b03e3.zip","environmentVariables":{"FIREBASE_CONFIG":"{\"projectId\":\"refreshing-website\",\"storageBucket\":\"refreshing-website.firebasestorage.app\"}","GCLOUD_PROJECT":"refreshing-website","EVENTARC_CLOUD_EVENT_SOURCE":"projects/refreshing-website/locations/us-central1/functions/createInvite"},"runtime":"nodejs20","ingressSettings":"ALLOW_ALL","buildId":"6526f45b-d73c-4974-a3a2-a2b7a9ea1a1e","buildEnvironmentVariables":{"GOOGLE_NODE_RUN_SCRIPTS":""},"buildName":"projects/832093857842/locations/us-central1/builds/6526f45b-d73c-4974-a3a2-a2b7a9ea1a1e","dockerRegistry":"ARTIFACT_REGISTRY","automaticUpdatePolicy":{},"buildServiceAccount":"projects/refreshing-website/serviceAccounts/832093857842-compute@developer.gserviceaccount.com","satisfiesPzi":true}]}
[2026-08-10T02:41:03.472Z] Checked if tokens are valid: true, expires at: 1786331729344
[2026-08-10T02:41:03.472Z] Checked if tokens are valid: true, expires at: 1786331729344
[2026-08-10T02:41:03.474Z] >>> [apiv2][query] GET https://cloudfunctions.googleapis.com/v2/projects/refreshing-website/locations/-/functions filter=environment%3D%22GEN_2%22
[2026-08-10T02:41:04.594Z] <<< [apiv2][status] GET https://cloudfunctions.googleapis.com/v2/projects/refreshing-website/locations/-/functions 200
[2026-08-10T02:41:04.595Z] <<< [apiv2][body] GET https://cloudfunctions.googleapis.com/v2/projects/refreshing-website/locations/-/functions {}
[2026-08-10T02:41:04.597Z] Attempting to merge .env secret bindings {} into declared secrets...)}
[2026-08-10T02:41:04.597Z] createInvite declared secrets: undefined
[2026-08-10T02:41:04.597Z] acceptInvite declared secrets: undefined
[2026-08-10T02:41:04.597Z] setUserRole declared secrets: undefined
[2026-08-10T02:41:04.598Z] revokeUserAccess declared secrets: undefined
[2026-08-10T02:41:04.598Z] markCheckedIn declared secrets: undefined
[2026-08-10T02:41:04.598Z] undoCheckIn declared secrets: undefined
[2026-08-10T02:41:04.598Z] syncCheckinView declared secrets: undefined
[2026-08-10T02:41:04.598Z] auditMinistersWrite declared secrets: undefined
[2026-08-10T02:41:04.598Z] auditSessionsWrite declared secrets: undefined
[2026-08-10T02:41:04.598Z] auditAttendeesWrite declared secrets: undefined
[2026-08-10T02:41:04.598Z] purgeTrash declared secrets: undefined
[2026-08-10T02:41:04.598Z] pruneVersionHistory declared secrets: undefined
[2026-08-10T02:41:04.599Z] provisionAdminAccount declared secrets: undefined
i  functions: preparing functions directory for uploading... 
i  functions: packaged C:\Users\HP\Documents\Github\refrshing-website\functions (66.31 KB) for uploading 
[2026-08-10T02:41:04.874Z] Checked if tokens are valid: true, expires at: 1786331729344
[2026-08-10T02:41:04.874Z] Checked if tokens are valid: true, expires at: 1786331729344
[2026-08-10T02:41:04.877Z] >>> [apiv2][query] GET https://firestore.googleapis.com/v1/projects/refreshing-website/databases/(default) [none]
[2026-08-10T02:41:06.369Z] <<< [apiv2][status] GET https://firestore.googleapis.com/v1/projects/refreshing-website/databases/(default) 200
[2026-08-10T02:41:06.369Z] <<< [apiv2][body] GET https://firestore.googleapis.com/v1/projects/refreshing-website/databases/(default) {"name":"projects/refreshing-website/databases/(default)","uid":"3e2a2d90-8083-4eee-976f-ab659e1f4762","createTime":"2026-07-21T18:15:32.051591Z","updateTime":"2026-07-21T18:15:32.051591Z","locationId":"nam5","type":"FIRESTORE_NATIVE","concurrencyMode":"PESSIMISTIC","versionRetentionPeriod":"3600s","earliestVersionTime":"2026-08-10T01:41:05.903109Z","appEngineIntegrationMode":"DISABLED","keyPrefix":"s","pointInTimeRecoveryEnablement":"POINT_IN_TIME_RECOVERY_DISABLED","deleteProtectionState":"DELETE_PROTECTION_DISABLED","databaseEdition":"STANDARD","freeTier":true,"realtimeUpdatesMode":"REALTIME_UPDATES_MODE_ENABLED","etag":"INKvwMmElZYDMMPH27S15JUD"}
i  functions: ensuring required API cloudscheduler.googleapis.com is enabled... 
[2026-08-10T02:41:06.383Z] Checked if tokens are valid: true, expires at: 1786331729344
[2026-08-10T02:41:06.384Z] Checked if tokens are valid: true, expires at: 1786331729344
[2026-08-10T02:41:06.384Z] >>> [apiv2][query] GET https://cloudresourcemanager.googleapis.com/v1/projects/refreshing-website [none]
[2026-08-10T02:41:07.731Z] <<< [apiv2][status] GET https://cloudresourcemanager.googleapis.com/v1/projects/refreshing-website 200
[2026-08-10T02:41:07.731Z] <<< [apiv2][body] GET https://cloudresourcemanager.googleapis.com/v1/projects/refreshing-website {"projectNumber":"832093857842","projectId":"refreshing-website","lifecycleState":"ACTIVE","name":"refreshing-website","labels":{"firebase":"enabled","firebase-core":"disabled"},"createTime":"2026-07-21T18:11:55.357Z"}
[2026-08-10T02:41:07.734Z] Checked if tokens are valid: true, expires at: 1786331729344
[2026-08-10T02:41:07.734Z] Checked if tokens are valid: true, expires at: 1786331729344
[2026-08-10T02:41:07.735Z] >>> [apiv2][query] POST https://cloudfunctions.googleapis.com/v1/projects/refreshing-website/locations/us-central1/functions:generateUploadUrl [none]
[2026-08-10T02:41:07.735Z] >>> [apiv2][body] POST https://cloudfunctions.googleapis.com/v1/projects/refreshing-website/locations/us-central1/functions:generateUploadUrl {}
[2026-08-10T02:41:08.463Z] <<< [apiv2][status] POST https://cloudfunctions.googleapis.com/v1/projects/refreshing-website/locations/us-central1/functions:generateUploadUrl 200
[2026-08-10T02:41:08.464Z] <<< [apiv2][body] POST https://cloudfunctions.googleapis.com/v1/projects/refreshing-website/locations/us-central1/functions:generateUploadUrl {"uploadUrl":"https://storage.googleapis.com/uploads-836972235469.us-central1.cloudfunctions.appspot.com/02c1e8fa-c1af-4e22-a011-38b11d0d0528.zip?GoogleAccessId=service-832093857842@gcf-admin-robot.iam.gserviceaccount.com&Expires=1786331467&Signature=VvDa9HDI3UGM%2FHi4yzU0DUDtxVA0ODbyjK8rjmhZpl77FapwR07yYG27cQvoJq%2FbMXoMdUggMWprpHUxcf63d7X8h7jiO6%2BSK2ngf0ma1u6LkFIZoa%2B%2BhfP4Unu%2BIQLcRs8jHKSJ2C8sXkOilNPe79mOMk3j7FUY9rXyKnX5%2FfOmcW%2F4hkPOqwpVLpIYBugYydoJERfEWFy9K%2BiV0LWOSGO352HW7CqGsJeH94c7yxILlbtxT0CeuMlbuDICtHh01cH2GPxtt0OyBMx4ZN9EzDxFrzQPR7z9zuLdS36mHKN6JhFDX6Nvc%2FRxcDM2DV5SHCcPUiaAa7qZ6QPoNWrVjQ%3D%3D"}
[2026-08-10T02:41:08.466Z] >>> [apiv2][query] PUT https://storage.googleapis.com/uploads-836972235469.us-central1.cloudfunctions.appspot.com/02c1e8fa-c1af-4e22-a011-38b11d0d0528.zip GoogleAccessId=service-832093857842%40gcf-admin-robot.iam.gserviceaccount.com&Expires=1786331467&Signature=VvDa9HDI3UGM%2FHi4yzU0DUDtxVA0ODbyjK8rjmhZpl77FapwR07yYG27cQvoJq%2FbMXoMdUggMWprpHUxcf63d7X8h7jiO6%2BSK2ngf0ma1u6LkFIZoa%2B%2BhfP4Unu%2BIQLcRs8jHKSJ2C8sXkOilNPe79mOMk3j7FUY9rXyKnX5%2FfOmcW%2F4hkPOqwpVLpIYBugYydoJERfEWFy9K%2BiV0LWOSGO352HW7CqGsJeH94c7yxILlbtxT0CeuMlbuDICtHh01cH2GPxtt0OyBMx4ZN9EzDxFrzQPR7z9zuLdS36mHKN6JhFDX6Nvc%2FRxcDM2DV5SHCcPUiaAa7qZ6QPoNWrVjQ%3D%3D
[2026-08-10T02:41:08.466Z] >>> [apiv2][body] PUT https://storage.googleapis.com/uploads-836972235469.us-central1.cloudfunctions.appspot.com/02c1e8fa-c1af-4e22-a011-38b11d0d0528.zip [stream]
[2026-08-10T02:41:09.669Z] <<< [apiv2][status] PUT https://storage.googleapis.com/uploads-836972235469.us-central1.cloudfunctions.appspot.com/02c1e8fa-c1af-4e22-a011-38b11d0d0528.zip 200
[2026-08-10T02:41:09.669Z] <<< [apiv2][body] PUT https://storage.googleapis.com/uploads-836972235469.us-central1.cloudfunctions.appspot.com/02c1e8fa-c1af-4e22-a011-38b11d0d0528.zip [omitted]
+  functions: functions source uploaded successfully 
i  functions: creating Node.js 20 (1st Gen) function acceptInvite(us-central1)... 
i  functions: creating Node.js 20 (1st Gen) function setUserRole(us-central1)... 
i  functions: creating Node.js 20 (1st Gen) function revokeUserAccess(us-central1)... 
i  functions: creating Node.js 20 (1st Gen) function markCheckedIn(us-central1)... 
i  functions: creating Node.js 20 (1st Gen) function undoCheckIn(us-central1)... 
i  functions: creating Node.js 20 (1st Gen) function syncCheckinView(us-central1)... 
i  functions: creating Node.js 20 (1st Gen) function auditMinistersWrite(us-central1)... 
i  functions: creating Node.js 20 (1st Gen) function auditSessionsWrite(us-central1)... 
i  functions: creating Node.js 20 (1st Gen) function auditAttendeesWrite(us-central1)... 
i  functions: creating Node.js 20 (1st Gen) function purgeTrash(us-central1)... 
i  functions: creating Node.js 20 (1st Gen) function pruneVersionHistory(us-central1)... 
i  functions: creating Node.js 20 (1st Gen) function provisionAdminAccount(us-central1)... 
i  functions: updating Node.js 20 (1st Gen) function createInvite(us-central1)... 
[2026-08-10T02:41:09.681Z] Checked if tokens are valid: true, expires at: 1786331729344
[2026-08-10T02:41:09.681Z] Checked if tokens are valid: true, expires at: 1786331729344
[2026-08-10T02:41:09.682Z] >>> [apiv2][query] POST https://cloudfunctions.googleapis.com/v1/projects/refreshing-website/locations/us-central1/functions [none]
[2026-08-10T02:41:09.682Z] >>> [apiv2][body] POST https://cloudfunctions.googleapis.com/v1/projects/refreshing-website/locations/us-central1/functions {"name":"projects/refreshing-website/locations/us-central1/functions/acceptInvite","sourceUploadUrl":"https://storage.googleapis.com/uploads-836972235469.us-central1.cloudfunctions.appspot.com/02c1e8fa-c1af-4e22-a011-38b11d0d0528.zip?GoogleAccessId=service-832093857842@gcf-admin-robot.iam.gserviceaccount.com&Expires=1786331467&Signature=VvDa9HDI3UGM%2FHi4yzU0DUDtxVA0ODbyjK8rjmhZpl77FapwR07yYG27cQvoJq%2FbMXoMdUggMWprpHUxcf63d7X8h7jiO6%2BSK2ngf0ma1u6LkFIZoa%2B%2BhfP4Unu%2BIQLcRs8jHKSJ2C8sXkOilNPe79mOMk3j7FUY9rXyKnX5%2FfOmcW%2F4hkPOqwpVLpIYBugYydoJERfEWFy9K%2BiV0LWOSGO352HW7CqGsJeH94c7yxILlbtxT0CeuMlbuDICtHh01cH2GPxtt0OyBMx4ZN9EzDxFrzQPR7z9zuLdS36mHKN6JhFDX6Nvc%2FRxcDM2DV5SHCcPUiaAa7qZ6QPoNWrVjQ%3D%3D","entryPoint":"acceptInvite","runtime":"nodejs20","dockerRegistry":"ARTIFACT_REGISTRY","labels":{"deployment-tool":"cli-firebase","deployment-callable":"true","firebase-functions-hash":"74436fef8c2ebebe3f9c654a6faa2958a1c805fc"},"httpsTrigger":{"securityLevel":"SECURE_ALWAYS"},"minInstances":null,"maxInstances":null,"ingressSettings":null,"environmentVariables":{"FIREBASE_CONFIG":"{\"projectId\":\"refreshing-website\",\"storageBucket\":\"refreshing-website.firebasestorage.app\"}","GCLOUD_PROJECT":"refreshing-website","EVENTARC_CLOUD_EVENT_SOURCE":"projects/refreshing-website/locations/us-central1/functions/acceptInvite"},"serviceAccountEmail":null,"availableMemoryMb":null,"timeout":null,"vpcConnector":null,"vpcConnectorEgressSettings":null,"buildEnvironmentVariables":{"GOOGLE_NODE_RUN_SCRIPTS":""}}
[2026-08-10T02:41:10.452Z] <<< [apiv2][status] POST https://cloudfunctions.googleapis.com/v1/projects/refreshing-website/locations/us-central1/functions 200
[2026-08-10T02:41:10.452Z] <<< [apiv2][body] POST https://cloudfunctions.googleapis.com/v1/projects/refreshing-website/locations/us-central1/functions {"name":"operations/cHJvamVjdHMvcmVmcmVzaGluZy13ZWJzaXRlL2xvY2F0aW9ucy91cy1jZW50cmFsMS9vcGVyYXRpb25zL29wZXJhdGlvbi0xNzg2MzI5NjY5NTY5LTY1OGE4NDk2ODBiNDktYWMwMzZjMGItMTgzZjRlMGI","metadata":{"@type":"type.googleapis.com/google.cloud.functions.v1.OperationMetadataV1","target":"projects/refreshing-website/locations/us-central1/functions/acceptInvite","updateTime":"2026-08-10T02:41:09.945832903Z"}}
[2026-08-10T02:41:10.454Z] Checked if tokens are valid: true, expires at: 1786331729344
[2026-08-10T02:41:10.454Z] Checked if tokens are valid: true, expires at: 1786331729344
[2026-08-10T02:41:10.454Z] >>> [apiv2][query] GET https://cloudfunctions.googleapis.com/v1/operations/cHJvamVjdHMvcmVmcmVzaGluZy13ZWJzaXRlL2xvY2F0aW9ucy91cy1jZW50cmFsMS9vcGVyYXRpb25zL29wZXJhdGlvbi0xNzg2MzI5NjY5NTY5LTY1OGE4NDk2ODBiNDktYWMwMzZjMGItMTgzZjRlMGI [none]
[2026-08-10T02:41:10.813Z] <<< [apiv2][status] GET https://cloudfunctions.googleapis.com/v1/operations/cHJvamVjdHMvcmVmcmVzaGluZy13ZWJzaXRlL2xvY2F0aW9ucy91cy1jZW50cmFsMS9vcGVyYXRpb25zL29wZXJhdGlvbi0xNzg2MzI5NjY5NTY5LTY1OGE4NDk2ODBiNDktYWMwMzZjMGItMTgzZjRlMGI 200
[2026-08-10T02:41:10.813Z] <<< [apiv2][body] GET https://cloudfunctions.googleapis.com/v1/operations/cHJvamVjdHMvcmVmcmVzaGluZy13ZWJzaXRlL2xvY2F0aW9ucy91cy1jZW50cmFsMS9vcGVyYXRpb25zL29wZXJhdGlvbi0xNzg2MzI5NjY5NTY5LTY1OGE4NDk2ODBiNDktYWMwMzZjMGItMTgzZjRlMGI {"name":"operations/cHJvamVjdHMvcmVmcmVzaGluZy13ZWJzaXRlL2xvY2F0aW9ucy91cy1jZW50cmFsMS9vcGVyYXRpb25zL29wZXJhdGlvbi0xNzg2MzI5NjY5NTY5LTY1OGE4NDk2ODBiNDktYWMwMzZjMGItMTgzZjRlMGI","metadata":{"@type":"type.googleapis.com/google.cloud.functions.v1.OperationMetadataV1","target":"projects/refreshing-website/locations/us-central1/functions/acceptInvite","updateTime":"2026-08-10T02:41:09.945832903Z"}}
[2026-08-10T02:41:11.315Z] [create-default-us-central1-acceptInvite] Retrying task index 0
[2026-08-10T02:41:11.315Z] Checked if tokens are valid: true, expires at: 1786331729344
[2026-08-10T02:41:11.315Z] Checked if tokens are valid: true, expires at: 1786331729344
[2026-08-10T02:41:11.315Z] >>> [apiv2][query] GET https://cloudfunctions.googleapis.com/v1/operations/cHJvamVjdHMvcmVmcmVzaGluZy13ZWJzaXRlL2xvY2F0aW9ucy91cy1jZW50cmFsMS9vcGVyYXRpb25zL29wZXJhdGlvbi0xNzg2MzI5NjY5NTY5LTY1OGE4NDk2ODBiNDktYWMwMzZjMGItMTgzZjRlMGI [none]
[2026-08-10T02:41:11.682Z] <<< [apiv2][status] GET https://cloudfunctions.googleapis.com/v1/operations/cHJvamVjdHMvcmVmcmVzaGluZy13ZWJzaXRlL2xvY2F0aW9ucy91cy1jZW50cmFsMS9vcGVyYXRpb25zL29wZXJhdGlvbi0xNzg2MzI5NjY5NTY5LTY1OGE4NDk2ODBiNDktYWMwMzZjMGItMTgzZjRlMGI 200
[2026-08-10T02:41:11.682Z] <<< [apiv2][body] GET https://cloudfunctions.googleapis.com/v1/operations/cHJvamVjdHMvcmVmcmVzaGluZy13ZWJzaXRlL2xvY2F0aW9ucy91cy1jZW50cmFsMS9vcGVyYXRpb25zL29wZXJhdGlvbi0xNzg2MzI5NjY5NTY5LTY1OGE4NDk2ODBiNDktYWMwMzZjMGItMTgzZjRlMGI {"name":"operations/cHJvamVjdHMvcmVmcmVzaGluZy13ZWJzaXRlL2xvY2F0aW9ucy91cy1jZW50cmFsMS9vcGVyYXRpb25zL29wZXJhdGlvbi0xNzg2MzI5NjY5NTY5LTY1OGE4NDk2ODBiNDktYWMwMzZjMGItMTgzZjRlMGI","metadata":{"@type":"type.googleapis.com/google.cloud.functions.v1.OperationMetadataV1","target":"projects/refreshing-website/locations/us-central1/functions/acceptInvite","type":"CREATE_FUNCTION","request":{"@type":"type.googleapis.com/google.cloud.functions.v1.CloudFunction","name":"projects/refreshing-website/locations/us-central1/functions/acceptInvite","httpsTrigger":{"securityLevel":"SECURE_ALWAYS"},"entryPoint":"acceptInvite","updateTime":"1970-01-01T00:00:00Z","labels":{"deployment-tool":"cli-firebase","deployment-callable":"true","firebase-functions-hash":"74436fef8c2ebebe3f9c654a6faa2958a1c805fc"},"sourceUploadUrl":"https://storage.googleapis.com/uploads-836972235469.us-central1.cloudfunctions.appspot.com/02c1e8fa-c1af-4e22-a011-38b11d0d0528.zip?GoogleAccessId=service-832093857842@gcf-admin-robot.iam.gserviceaccount.com&Expires=1786331467&Signature=VvDa9HDI3UGM%2FHi4yzU0DUDtxVA0ODbyjK8rjmhZpl77FapwR07yYG27cQvoJq%2FbMXoMdUggMWprpHUxcf63d7X8h7jiO6%2BSK2ngf0ma1u6LkFIZoa%2B%2BhfP4Unu%2BIQLcRs8jHKSJ2C8sXkOilNPe79mOMk3j7FUY9rXyKnX5%2FfOmcW%2F4hkPOqwpVLpIYBugYydoJERfEWFy9K%2BiV0LWOSGO352HW7CqGsJeH94c7yxILlbtxT0CeuMlbuDICtHh01cH2GPxtt0OyBMx4ZN9EzDxFrzQPR7z9zuLdS36mHKN6JhFDX6Nvc%2FRxcDM2DV5SHCcPUiaAa7qZ6QPoNWrVjQ%3D%3D","environmentVariables":{"FIREBASE_CONFIG":"{\"projectId\":\"refreshing-website\",\"storageBucket\":\"refreshing-website.firebasestorage.app\"}","GCLOUD_PROJECT":"refreshing-website","EVENTARC_CLOUD_EVENT_SOURCE":"projects/refreshing-website/locations/us-central1/functions/acceptInvite"},"runtime":"nodejs20","buildEnvironmentVariables":{"GOOGLE_NODE_RUN_SCRIPTS":""},"dockerRegistry":"ARTIFACT_REGISTRY"},"versionId":"1","updateTime":"2026-08-10T02:41:09.945832903Z"}}
[2026-08-10T02:41:12.696Z] [create-default-us-central1-acceptInvite] Retrying task index 0
[2026-08-10T02:41:12.696Z] Checked if tokens are valid: true, expires at: 1786331729344
[2026-08-10T02:41:12.697Z] Checked if tokens are valid: true, expires at: 1786331729344
[2026-08-10T02:41:12.697Z] >>> [apiv2][query] GET https://cloudfunctions.googleapis.com/v1/operations/cHJvamVjdHMvcmVmcmVzaGluZy13ZWJzaXRlL2xvY2F0aW9ucy91cy1jZW50cmFsMS9vcGVyYXRpb25zL29wZXJhdGlvbi0xNzg2MzI5NjY5NTY5LTY1OGE4NDk2ODBiNDktYWMwMzZjMGItMTgzZjRlMGI [none]
[2026-08-10T02:41:13.046Z] <<< [apiv2][status] GET https://cloudfunctions.googleapis.com/v1/operations/cHJvamVjdHMvcmVmcmVzaGluZy13ZWJzaXRlL2xvY2F0aW9ucy91cy1jZW50cmFsMS9vcGVyYXRpb25zL29wZXJhdGlvbi0xNzg2MzI5NjY5NTY5LTY1OGE4NDk2ODBiNDktYWMwMzZjMGItMTgzZjRlMGI 200
[2026-08-10T02:41:13.046Z] <<< [apiv2][body] GET https://cloudfunctions.googleapis.com/v1/operations/cHJvamVjdHMvcmVmcmVzaGluZy13ZWJzaXRlL2xvY2F0aW9ucy91cy1jZW50cmFsMS9vcGVyYXRpb25zL29wZXJhdGlvbi0xNzg2MzI5NjY5NTY5LTY1OGE4NDk2ODBiNDktYWMwMzZjMGItMTgzZjRlMGI {"name":"operations/cHJvamVjdHMvcmVmcmVzaGluZy13ZWJzaXRlL2xvY2F0aW9ucy91cy1jZW50cmFsMS9vcGVyYXRpb25zL29wZXJhdGlvbi0xNzg2MzI5NjY5NTY5LTY1OGE4NDk2ODBiNDktYWMwMzZjMGItMTgzZjRlMGI","metadata":{"@type":"type.googleapis.com/google.cloud.functions.v1.OperationMetadataV1","target":"projects/refreshing-website/locations/us-central1/functions/acceptInvite","type":"CREATE_FUNCTION","request":{"@type":"type.googleapis.com/google.cloud.functions.v1.CloudFunction","name":"projects/refreshing-website/locations/us-central1/functions/acceptInvite","httpsTrigger":{"securityLevel":"SECURE_ALWAYS"},"entryPoint":"acceptInvite","updateTime":"1970-01-01T00:00:00Z","labels":{"deployment-tool":"cli-firebase","deployment-callable":"true","firebase-functions-hash":"74436fef8c2ebebe3f9c654a6faa2958a1c805fc"},"sourceUploadUrl":"https://storage.googleapis.com/uploads-836972235469.us-central1.cloudfunctions.appspot.com/02c1e8fa-c1af-4e22-a011-38b11d0d0528.zip?GoogleAccessId=service-832093857842@gcf-admin-robot.iam.gserviceaccount.com&Expires=1786331467&Signature=VvDa9HDI3UGM%2FHi4yzU0DUDtxVA0ODbyjK8rjmhZpl77FapwR07yYG27cQvoJq%2FbMXoMdUggMWprpHUxcf63d7X8h7jiO6%2BSK2ngf0ma1u6LkFIZoa%2B%2BhfP4Unu%2BIQLcRs8jHKSJ2C8sXkOilNPe79mOMk3j7FUY9rXyKnX5%2FfOmcW%2F4hkPOqwpVLpIYBugYydoJERfEWFy9K%2BiV0LWOSGO352HW7CqGsJeH94c7yxILlbtxT0CeuMlbuDICtHh01cH2GPxtt0OyBMx4ZN9EzDxFrzQPR7z9zuLdS36mHKN6JhFDX6Nvc%2FRxcDM2DV5SHCcPUiaAa7qZ6QPoNWrVjQ%3D%3D","environmentVariables":{"FIREBASE_CONFIG":"{\"projectId\":\"refreshing-website\",\"storageBucket\":\"refreshing-website.firebasestorage.app\"}","GCLOUD_PROJECT":"refreshing-website","EVENTARC_CLOUD_EVENT_SOURCE":"projects/refreshing-website/locations/us-central1/functions/acceptInvite"},"runtime":"nodejs20","buildEnvironmentVariables":{"GOOGLE_NODE_RUN_SCRIPTS":""},"dockerRegistry":"ARTIFACT_REGISTRY"},"versionId":"1","updateTime":"2026-08-10T02:41:09.945832903Z"}}
[2026-08-10T02:41:15.119Z] [create-default-us-central1-acceptInvite] Retrying task index 0
[2026-08-10T02:41:15.121Z] Checked if tokens are valid: true, expires at: 1786331729344
[2026-08-10T02:41:15.121Z] Checked if tokens are valid: true, expires at: 1786331729344
[2026-08-10T02:41:15.121Z] >>> [apiv2][query] GET https://cloudfunctions.googleapis.com/v1/operations/cHJvamVjdHMvcmVmcmVzaGluZy13ZWJzaXRlL2xvY2F0aW9ucy91cy1jZW50cmFsMS9vcGVyYXRpb25zL29wZXJhdGlvbi0xNzg2MzI5NjY5NTY5LTY1OGE4NDk2ODBiNDktYWMwMzZjMGItMTgzZjRlMGI [none]
[2026-08-10T02:41:15.625Z] <<< [apiv2][status] GET https://cloudfunctions.googleapis.com/v1/operations/cHJvamVjdHMvcmVmcmVzaGluZy13ZWJzaXRlL2xvY2F0aW9ucy91cy1jZW50cmFsMS9vcGVyYXRpb25zL29wZXJhdGlvbi0xNzg2MzI5NjY5NTY5LTY1OGE4NDk2ODBiNDktYWMwMzZjMGItMTgzZjRlMGI 200
[2026-08-10T02:41:15.626Z] <<< [apiv2][body] GET https://cloudfunctions.googleapis.com/v1/operations/cHJvamVjdHMvcmVmcmVzaGluZy13ZWJzaXRlL2xvY2F0aW9ucy91cy1jZW50cmFsMS9vcGVyYXRpb25zL29wZXJhdGlvbi0xNzg2MzI5NjY5NTY5LTY1OGE4NDk2ODBiNDktYWMwMzZjMGItMTgzZjRlMGI {"name":"operations/cHJvamVjdHMvcmVmcmVzaGluZy13ZWJzaXRlL2xvY2F0aW9ucy91cy1jZW50cmFsMS9vcGVyYXRpb25zL29wZXJhdGlvbi0xNzg2MzI5NjY5NTY5LTY1OGE4NDk2ODBiNDktYWMwMzZjMGItMTgzZjRlMGI","metadata":{"@type":"type.googleapis.com/google.cloud.functions.v1.OperationMetadataV1","target":"projects/refreshing-website/locations/us-central1/functions/acceptInvite","type":"CREATE_FUNCTION","request":{"@type":"type.googleapis.com/google.cloud.functions.v1.CloudFunction","name":"projects/refreshing-website/locations/us-central1/functions/acceptInvite","httpsTrigger":{"securityLevel":"SECURE_ALWAYS"},"entryPoint":"acceptInvite","updateTime":"1970-01-01T00:00:00Z","labels":{"deployment-tool":"cli-firebase","deployment-callable":"true","firebase-functions-hash":"74436fef8c2ebebe3f9c654a6faa2958a1c805fc"},"sourceUploadUrl":"https://storage.googleapis.com/uploads-836972235469.us-central1.cloudfunctions.appspot.com/02c1e8fa-c1af-4e22-a011-38b11d0d0528.zip?GoogleAccessId=service-832093857842@gcf-admin-robot.iam.gserviceaccount.com&Expires=1786331467&Signature=VvDa9HDI3UGM%2FHi4yzU0DUDtxVA0ODbyjK8rjmhZpl77FapwR07yYG27cQvoJq%2FbMXoMdUggMWprpHUxcf63d7X8h7jiO6%2BSK2ngf0ma1u6LkFIZoa%2B%2BhfP4Unu%2BIQLcRs8jHKSJ2C8sXkOilNPe79mOMk3j7FUY9rXyKnX5%2FfOmcW%2F4hkPOqwpVLpIYBugYydoJERfEWFy9K%2BiV0LWOSGO352HW7CqGsJeH94c7yxILlbtxT0CeuMlbuDICtHh01cH2GPxtt0OyBMx4ZN9EzDxFrzQPR7z9zuLdS36mHKN6JhFDX6Nvc%2FRxcDM2DV5SHCcPUiaAa7qZ6QPoNWrVjQ%3D%3D","environmentVariables":{"FIREBASE_CONFIG":"{\"projectId\":\"refreshing-website\",\"storageBucket\":\"refreshing-website.firebasestorage.app\"}","GCLOUD_PROJECT":"refreshing-website","EVENTARC_CLOUD_EVENT_SOURCE":"projects/refreshing-website/locations/us-central1/functions/acceptInvite"},"runtime":"nodejs20","buildEnvironmentVariables":{"GOOGLE_NODE_RUN_SCRIPTS":""},"dockerRegistry":"ARTIFACT_REGISTRY"},"versionId":"1","updateTime":"2026-08-10T02:41:09.945832903Z","buildId":"a2631d9f-7979-4f48-b87a-42a1da1146b3","buildName":"projects/832093857842/locations/us-central1/builds/a2631d9f-7979-4f48-b87a-42a1da1146b3"}}
[2026-08-10T02:41:19.627Z] [create-default-us-central1-acceptInvite] Retrying task index 0
[2026-08-10T02:41:19.628Z] Checked if tokens are valid: true, expires at: 1786331729344
[2026-08-10T02:41:19.628Z] Checked if tokens are valid: true, expires at: 1786331729344
[2026-08-10T02:41:19.629Z] >>> [apiv2][query] GET https://cloudfunctions.googleapis.com/v1/operations/cHJvamVjdHMvcmVmcmVzaGluZy13ZWJzaXRlL2xvY2F0aW9ucy91cy1jZW50cmFsMS9vcGVyYXRpb25zL29wZXJhdGlvbi0xNzg2MzI5NjY5NTY5LTY1OGE4NDk2ODBiNDktYWMwMzZjMGItMTgzZjRlMGI [none]
[2026-08-10T02:41:20.119Z] <<< [apiv2][status] GET https://cloudfunctions.googleapis.com/v1/operations/cHJvamVjdHMvcmVmcmVzaGluZy13ZWJzaXRlL2xvY2F0aW9ucy91cy1jZW50cmFsMS9vcGVyYXRpb25zL29wZXJhdGlvbi0xNzg2MzI5NjY5NTY5LTY1OGE4NDk2ODBiNDktYWMwMzZjMGItMTgzZjRlMGI 200
[2026-08-10T02:41:20.120Z] <<< [apiv2][body] GET https://cloudfunctions.googleapis.com/v1/operations/cHJvamVjdHMvcmVmcmVzaGluZy13ZWJzaXRlL2xvY2F0aW9ucy91cy1jZW50cmFsMS9vcGVyYXRpb25zL29wZXJhdGlvbi0xNzg2MzI5NjY5NTY5LTY1OGE4NDk2ODBiNDktYWMwMzZjMGItMTgzZjRlMGI {"name":"operations/cHJvamVjdHMvcmVmcmVzaGluZy13ZWJzaXRlL2xvY2F0aW9ucy91cy1jZW50cmFsMS9vcGVyYXRpb25zL29wZXJhdGlvbi0xNzg2MzI5NjY5NTY5LTY1OGE4NDk2ODBiNDktYWMwMzZjMGItMTgzZjRlMGI","metadata":{"@type":"type.googleapis.com/google.cloud.functions.v1.OperationMetadataV1","target":"projects/refreshing-website/locations/us-central1/functions/acceptInvite","type":"CREATE_FUNCTION","request":{"@type":"type.googleapis.com/google.cloud.functions.v1.CloudFunction","name":"projects/refreshing-website/locations/us-central1/functions/acceptInvite","httpsTrigger":{"securityLevel":"SECURE_ALWAYS"},"entryPoint":"acceptInvite","updateTime":"1970-01-01T00:00:00Z","labels":{"deployment-tool":"cli-firebase","deployment-callable":"true","firebase-functions-hash":"74436fef8c2ebebe3f9c654a6faa2958a1c805fc"},"sourceUploadUrl":"https://storage.googleapis.com/uploads-836972235469.us-central1.cloudfunctions.appspot.com/02c1e8fa-c1af-4e22-a011-38b11d0d0528.zip?GoogleAccessId=service-832093857842@gcf-admin-robot.iam.gserviceaccount.com&Expires=1786331467&Signature=VvDa9HDI3UGM%2FHi4yzU0DUDtxVA0ODbyjK8rjmhZpl77FapwR07yYG27cQvoJq%2FbMXoMdUggMWprpHUxcf63d7X8h7jiO6%2BSK2ngf0ma1u6LkFIZoa%2B%2BhfP4Unu%2BIQLcRs8jHKSJ2C8sXkOilNPe79mOMk3j7FUY9rXyKnX5%2FfOmcW%2F4hkPOqwpVLpIYBugYydoJERfEWFy9K%2BiV0LWOSGO352HW7CqGsJeH94c7yxILlbtxT0CeuMlbuDICtHh01cH2GPxtt0OyBMx4ZN9EzDxFrzQPR7z9zuLdS36mHKN6JhFDX6Nvc%2FRxcDM2DV5SHCcPUiaAa7qZ6QPoNWrVjQ%3D%3D","environmentVariables":{"FIREBASE_CONFIG":"{\"projectId\":\"refreshing-website\",\"storageBucket\":\"refreshing-website.firebasestorage.app\"}","GCLOUD_PROJECT":"refreshing-website","EVENTARC_CLOUD_EVENT_SOURCE":"projects/refreshing-website/locations/us-central1/functions/acceptInvite"},"runtime":"nodejs20","buildEnvironmentVariables":{"GOOGLE_NODE_RUN_SCRIPTS":""},"dockerRegistry":"ARTIFACT_REGISTRY"},"versionId":"1","updateTime":"2026-08-10T02:41:09.945832903Z","buildId":"a2631d9f-7979-4f48-b87a-42a1da1146b3","buildName":"projects/832093857842/locations/us-central1/builds/a2631d9f-7979-4f48-b87a-42a1da1146b3"}}
[2026-08-10T02:41:28.121Z] [create-default-us-central1-acceptInvite] Retrying task index 0
[2026-08-10T02:41:28.122Z] Checked if tokens are valid: true, expires at: 1786331729344
[2026-08-10T02:41:28.122Z] Checked if tokens are valid: true, expires at: 1786331729344
[2026-08-10T02:41:28.122Z] >>> [apiv2][query] GET https://cloudfunctions.googleapis.com/v1/operations/cHJvamVjdHMvcmVmcmVzaGluZy13ZWJzaXRlL2xvY2F0aW9ucy91cy1jZW50cmFsMS9vcGVyYXRpb25zL29wZXJhdGlvbi0xNzg2MzI5NjY5NTY5LTY1OGE4NDk2ODBiNDktYWMwMzZjMGItMTgzZjRlMGI [none]
[2026-08-10T02:41:28.641Z] <<< [apiv2][status] GET https://cloudfunctions.googleapis.com/v1/operations/cHJvamVjdHMvcmVmcmVzaGluZy13ZWJzaXRlL2xvY2F0aW9ucy91cy1jZW50cmFsMS9vcGVyYXRpb25zL29wZXJhdGlvbi0xNzg2MzI5NjY5NTY5LTY1OGE4NDk2ODBiNDktYWMwMzZjMGItMTgzZjRlMGI 200
[2026-08-10T02:41:28.641Z] <<< [apiv2][body] GET https://cloudfunctions.googleapis.com/v1/operations/cHJvamVjdHMvcmVmcmVzaGluZy13ZWJzaXRlL2xvY2F0aW9ucy91cy1jZW50cmFsMS9vcGVyYXRpb25zL29wZXJhdGlvbi0xNzg2MzI5NjY5NTY5LTY1OGE4NDk2ODBiNDktYWMwMzZjMGItMTgzZjRlMGI {"name":"operations/cHJvamVjdHMvcmVmcmVzaGluZy13ZWJzaXRlL2xvY2F0aW9ucy91cy1jZW50cmFsMS9vcGVyYXRpb25zL29wZXJhdGlvbi0xNzg2MzI5NjY5NTY5LTY1OGE4NDk2ODBiNDktYWMwMzZjMGItMTgzZjRlMGI","metadata":{"@type":"type.googleapis.com/google.cloud.functions.v1.OperationMetadataV1","target":"projects/refreshing-website/locations/us-central1/functions/acceptInvite","type":"CREATE_FUNCTION","request":{"@type":"type.googleapis.com/google.cloud.functions.v1.CloudFunction","name":"projects/refreshing-website/locations/us-central1/functions/acceptInvite","httpsTrigger":{"securityLevel":"SECURE_ALWAYS"},"entryPoint":"acceptInvite","updateTime":"1970-01-01T00:00:00Z","labels":{"deployment-tool":"cli-firebase","deployment-callable":"true","firebase-functions-hash":"74436fef8c2ebebe3f9c654a6faa2958a1c805fc"},"sourceUploadUrl":"https://storage.googleapis.com/uploads-836972235469.us-central1.cloudfunctions.appspot.com/02c1e8fa-c1af-4e22-a011-38b11d0d0528.zip?GoogleAccessId=service-832093857842@gcf-admin-robot.iam.gserviceaccount.com&Expires=1786331467&Signature=VvDa9HDI3UGM%2FHi4yzU0DUDtxVA0ODbyjK8rjmhZpl77FapwR07yYG27cQvoJq%2FbMXoMdUggMWprpHUxcf63d7X8h7jiO6%2BSK2ngf0ma1u6LkFIZoa%2B%2BhfP4Unu%2BIQLcRs8jHKSJ2C8sXkOilNPe79mOMk3j7FUY9rXyKnX5%2FfOmcW%2F4hkPOqwpVLpIYBugYydoJERfEWFy9K%2BiV0LWOSGO352HW7CqGsJeH94c7yxILlbtxT0CeuMlbuDICtHh01cH2GPxtt0OyBMx4ZN9EzDxFrzQPR7z9zuLdS36mHKN6JhFDX6Nvc%2FRxcDM2DV5SHCcPUiaAa7qZ6QPoNWrVjQ%3D%3D","environmentVariables":{"FIREBASE_CONFIG":"{\"projectId\":\"refreshing-website\",\"storageBucket\":\"refreshing-website.firebasestorage.app\"}","GCLOUD_PROJECT":"refreshing-website","EVENTARC_CLOUD_EVENT_SOURCE":"projects/refreshing-website/locations/us-central1/functions/acceptInvite"},"runtime":"nodejs20","buildEnvironmentVariables":{"GOOGLE_NODE_RUN_SCRIPTS":""},"dockerRegistry":"ARTIFACT_REGISTRY"},"versionId":"1","updateTime":"2026-08-10T02:41:09.945832903Z","buildId":"a2631d9f-7979-4f48-b87a-42a1da1146b3","buildName":"projects/832093857842/locations/us-central1/builds/a2631d9f-7979-4f48-b87a-42a1da1146b3"}}
[2026-08-10T02:41:38.641Z] [create-default-us-central1-acceptInvite] Retrying task index 0
[2026-08-10T02:41:38.642Z] Checked if tokens are valid: true, expires at: 1786331729344
[2026-08-10T02:41:38.642Z] Checked if tokens are valid: true, expires at: 1786331729344
[2026-08-10T02:41:38.642Z] >>> [apiv2][query] GET https://cloudfunctions.googleapis.com/v1/operations/cHJvamVjdHMvcmVmcmVzaGluZy13ZWJzaXRlL2xvY2F0aW9ucy91cy1jZW50cmFsMS9vcGVyYXRpb25zL29wZXJhdGlvbi0xNzg2MzI5NjY5NTY5LTY1OGE4NDk2ODBiNDktYWMwMzZjMGItMTgzZjRlMGI [none]
[2026-08-10T02:41:39.179Z] <<< [apiv2][status] GET https://cloudfunctions.googleapis.com/v1/operations/cHJvamVjdHMvcmVmcmVzaGluZy13ZWJzaXRlL2xvY2F0aW9ucy91cy1jZW50cmFsMS9vcGVyYXRpb25zL29wZXJhdGlvbi0xNzg2MzI5NjY5NTY5LTY1OGE4NDk2ODBiNDktYWMwMzZjMGItMTgzZjRlMGI 200
[2026-08-10T02:41:39.179Z] <<< [apiv2][body] GET https://cloudfunctions.googleapis.com/v1/operations/cHJvamVjdHMvcmVmcmVzaGluZy13ZWJzaXRlL2xvY2F0aW9ucy91cy1jZW50cmFsMS9vcGVyYXRpb25zL29wZXJhdGlvbi0xNzg2MzI5NjY5NTY5LTY1OGE4NDk2ODBiNDktYWMwMzZjMGItMTgzZjRlMGI {"name":"operations/cHJvamVjdHMvcmVmcmVzaGluZy13ZWJzaXRlL2xvY2F0aW9ucy91cy1jZW50cmFsMS9vcGVyYXRpb25zL29wZXJhdGlvbi0xNzg2MzI5NjY5NTY5LTY1OGE4NDk2ODBiNDktYWMwMzZjMGItMTgzZjRlMGI","metadata":{"@type":"type.googleapis.com/google.cloud.functions.v1.OperationMetadataV1","target":"projects/refreshing-website/locations/us-central1/functions/acceptInvite","type":"CREATE_FUNCTION","request":{"@type":"type.googleapis.com/google.cloud.functions.v1.CloudFunction","name":"projects/refreshing-website/locations/us-central1/functions/acceptInvite","httpsTrigger":{"securityLevel":"SECURE_ALWAYS"},"entryPoint":"acceptInvite","updateTime":"1970-01-01T00:00:00Z","labels":{"deployment-tool":"cli-firebase","deployment-callable":"true","firebase-functions-hash":"74436fef8c2ebebe3f9c654a6faa2958a1c805fc"},"sourceUploadUrl":"https://storage.googleapis.com/uploads-836972235469.us-central1.cloudfunctions.appspot.com/02c1e8fa-c1af-4e22-a011-38b11d0d0528.zip?GoogleAccessId=service-832093857842@gcf-admin-robot.iam.gserviceaccount.com&Expires=1786331467&Signature=VvDa9HDI3UGM%2FHi4yzU0DUDtxVA0ODbyjK8rjmhZpl77FapwR07yYG27cQvoJq%2FbMXoMdUggMWprpHUxcf63d7X8h7jiO6%2BSK2ngf0ma1u6LkFIZoa%2B%2BhfP4Unu%2BIQLcRs8jHKSJ2C8sXkOilNPe79mOMk3j7FUY9rXyKnX5%2FfOmcW%2F4hkPOqwpVLpIYBugYydoJERfEWFy9K%2BiV0LWOSGO352HW7CqGsJeH94c7yxILlbtxT0CeuMlbuDICtHh01cH2GPxtt0OyBMx4ZN9EzDxFrzQPR7z9zuLdS36mHKN6JhFDX6Nvc%2FRxcDM2DV5SHCcPUiaAa7qZ6QPoNWrVjQ%3D%3D","environmentVariables":{"FIREBASE_CONFIG":"{\"projectId\":\"refreshing-website\",\"storageBucket\":\"refreshing-website.firebasestorage.app\"}","GCLOUD_PROJECT":"refreshing-website","EVENTARC_CLOUD_EVENT_SOURCE":"projects/refreshing-website/locations/us-central1/functions/acceptInvite"},"runtime":"nodejs20","buildEnvironmentVariables":{"GOOGLE_NODE_RUN_SCRIPTS":""},"dockerRegistry":"ARTIFACT_REGISTRY"},"versionId":"1","updateTime":"2026-08-10T02:41:09.945832903Z","buildId":"a2631d9f-7979-4f48-b87a-42a1da1146b3","buildName":"projects/832093857842/locations/us-central1/builds/a2631d9f-7979-4f48-b87a-42a1da1146b3"}}
[2026-08-10T02:41:49.180Z] [create-default-us-central1-acceptInvite] Retrying task index 0
[2026-08-10T02:41:49.181Z] Checked if tokens are valid: true, expires at: 1786331729344
[2026-08-10T02:41:49.181Z] Checked if tokens are valid: true, expires at: 1786331729344
[2026-08-10T02:41:49.181Z] >>> [apiv2][query] GET https://cloudfunctions.googleapis.com/v1/operations/cHJvamVjdHMvcmVmcmVzaGluZy13ZWJzaXRlL2xvY2F0aW9ucy91cy1jZW50cmFsMS9vcGVyYXRpb25zL29wZXJhdGlvbi0xNzg2MzI5NjY5NTY5LTY1OGE4NDk2ODBiNDktYWMwMzZjMGItMTgzZjRlMGI [none]
[2026-08-10T02:41:49.678Z] <<< [apiv2][status] GET https://cloudfunctions.googleapis.com/v1/operations/cHJvamVjdHMvcmVmcmVzaGluZy13ZWJzaXRlL2xvY2F0aW9ucy91cy1jZW50cmFsMS9vcGVyYXRpb25zL29wZXJhdGlvbi0xNzg2MzI5NjY5NTY5LTY1OGE4NDk2ODBiNDktYWMwMzZjMGItMTgzZjRlMGI 200
[2026-08-10T02:41:49.678Z] <<< [apiv2][body] GET https://cloudfunctions.googleapis.com/v1/operations/cHJvamVjdHMvcmVmcmVzaGluZy13ZWJzaXRlL2xvY2F0aW9ucy91cy1jZW50cmFsMS9vcGVyYXRpb25zL29wZXJhdGlvbi0xNzg2MzI5NjY5NTY5LTY1OGE4NDk2ODBiNDktYWMwMzZjMGItMTgzZjRlMGI {"name":"operations/cHJvamVjdHMvcmVmcmVzaGluZy13ZWJzaXRlL2xvY2F0aW9ucy91cy1jZW50cmFsMS9vcGVyYXRpb25zL29wZXJhdGlvbi0xNzg2MzI5NjY5NTY5LTY1OGE4NDk2ODBiNDktYWMwMzZjMGItMTgzZjRlMGI","metadata":{"@type":"type.googleapis.com/google.cloud.functions.v1.OperationMetadataV1","target":"projects/refreshing-website/locations/us-central1/functions/acceptInvite","type":"CREATE_FUNCTION","request":{"@type":"type.googleapis.com/google.cloud.functions.v1.CloudFunction","name":"projects/refreshing-website/locations/us-central1/functions/acceptInvite","httpsTrigger":{"securityLevel":"SECURE_ALWAYS"},"entryPoint":"acceptInvite","updateTime":"1970-01-01T00:00:00Z","labels":{"deployment-tool":"cli-firebase","deployment-callable":"true","firebase-functions-hash":"74436fef8c2ebebe3f9c654a6faa2958a1c805fc"},"sourceUploadUrl":"https://storage.googleapis.com/uploads-836972235469.us-central1.cloudfunctions.appspot.com/02c1e8fa-c1af-4e22-a011-38b11d0d0528.zip?GoogleAccessId=service-832093857842@gcf-admin-robot.iam.gserviceaccount.com&Expires=1786331467&Signature=VvDa9HDI3UGM%2FHi4yzU0DUDtxVA0ODbyjK8rjmhZpl77FapwR07yYG27cQvoJq%2FbMXoMdUggMWprpHUxcf63d7X8h7jiO6%2BSK2ngf0ma1u6LkFIZoa%2B%2BhfP4Unu%2BIQLcRs8jHKSJ2C8sXkOilNPe79mOMk3j7FUY9rXyKnX5%2FfOmcW%2F4hkPOqwpVLpIYBugYydoJERfEWFy9K%2BiV0LWOSGO352HW7CqGsJeH94c7yxILlbtxT0CeuMlbuDICtHh01cH2GPxtt0OyBMx4ZN9EzDxFrzQPR7z9zuLdS36mHKN6JhFDX6Nvc%2FRxcDM2DV5SHCcPUiaAa7qZ6QPoNWrVjQ%3D%3D","environmentVariables":{"FIREBASE_CONFIG":"{\"projectId\":\"refreshing-website\",\"storageBucket\":\"refreshing-website.firebasestorage.app\"}","GCLOUD_PROJECT":"refreshing-website","EVENTARC_CLOUD_EVENT_SOURCE":"projects/refreshing-website/locations/us-central1/functions/acceptInvite"},"runtime":"nodejs20","buildEnvironmentVariables":{"GOOGLE_NODE_RUN_SCRIPTS":""},"dockerRegistry":"ARTIFACT_REGISTRY"},"versionId":"1","updateTime":"2026-08-10T02:41:09.945832903Z","buildId":"a2631d9f-7979-4f48-b87a-42a1da1146b3","buildName":"projects/832093857842/locations/us-central1/builds/a2631d9f-7979-4f48-b87a-42a1da1146b3"}}
[2026-08-10T02:41:59.690Z] [create-default-us-central1-acceptInvite] Retrying task index 0
[2026-08-10T02:41:59.690Z] Checked if tokens are valid: true, expires at: 1786331729344
[2026-08-10T02:41:59.690Z] Checked if tokens are valid: true, expires at: 1786331729344
[2026-08-10T02:41:59.691Z] >>> [apiv2][query] GET https://cloudfunctions.googleapis.com/v1/operations/cHJvamVjdHMvcmVmcmVzaGluZy13ZWJzaXRlL2xvY2F0aW9ucy91cy1jZW50cmFsMS9vcGVyYXRpb25zL29wZXJhdGlvbi0xNzg2MzI5NjY5NTY5LTY1OGE4NDk2ODBiNDktYWMwMzZjMGItMTgzZjRlMGI [none]
[2026-08-10T02:42:00.198Z] <<< [apiv2][status] GET https://cloudfunctions.googleapis.com/v1/operations/cHJvamVjdHMvcmVmcmVzaGluZy13ZWJzaXRlL2xvY2F0aW9ucy91cy1jZW50cmFsMS9vcGVyYXRpb25zL29wZXJhdGlvbi0xNzg2MzI5NjY5NTY5LTY1OGE4NDk2ODBiNDktYWMwMzZjMGItMTgzZjRlMGI 200
[2026-08-10T02:42:00.199Z] <<< [apiv2][body] GET https://cloudfunctions.googleapis.com/v1/operations/cHJvamVjdHMvcmVmcmVzaGluZy13ZWJzaXRlL2xvY2F0aW9ucy91cy1jZW50cmFsMS9vcGVyYXRpb25zL29wZXJhdGlvbi0xNzg2MzI5NjY5NTY5LTY1OGE4NDk2ODBiNDktYWMwMzZjMGItMTgzZjRlMGI {"name":"operations/cHJvamVjdHMvcmVmcmVzaGluZy13ZWJzaXRlL2xvY2F0aW9ucy91cy1jZW50cmFsMS9vcGVyYXRpb25zL29wZXJhdGlvbi0xNzg2MzI5NjY5NTY5LTY1OGE4NDk2ODBiNDktYWMwMzZjMGItMTgzZjRlMGI","metadata":{"@type":"type.googleapis.com/google.cloud.functions.v1.OperationMetadataV1","target":"projects/refreshing-website/locations/us-central1/functions/acceptInvite","type":"CREATE_FUNCTION","request":{"@type":"type.googleapis.com/google.cloud.functions.v1.CloudFunction","name":"projects/refreshing-website/locations/us-central1/functions/acceptInvite","httpsTrigger":{"securityLevel":"SECURE_ALWAYS"},"entryPoint":"acceptInvite","updateTime":"1970-01-01T00:00:00Z","labels":{"deployment-tool":"cli-firebase","deployment-callable":"true","firebase-functions-hash":"74436fef8c2ebebe3f9c654a6faa2958a1c805fc"},"sourceUploadUrl":"https://storage.googleapis.com/uploads-836972235469.us-central1.cloudfunctions.appspot.com/02c1e8fa-c1af-4e22-a011-38b11d0d0528.zip?GoogleAccessId=service-832093857842@gcf-admin-robot.iam.gserviceaccount.com&Expires=1786331467&Signature=VvDa9HDI3UGM%2FHi4yzU0DUDtxVA0ODbyjK8rjmhZpl77FapwR07yYG27cQvoJq%2FbMXoMdUggMWprpHUxcf63d7X8h7jiO6%2BSK2ngf0ma1u6LkFIZoa%2B%2BhfP4Unu%2BIQLcRs8jHKSJ2C8sXkOilNPe79mOMk3j7FUY9rXyKnX5%2FfOmcW%2F4hkPOqwpVLpIYBugYydoJERfEWFy9K%2BiV0LWOSGO352HW7CqGsJeH94c7yxILlbtxT0CeuMlbuDICtHh01cH2GPxtt0OyBMx4ZN9EzDxFrzQPR7z9zuLdS36mHKN6JhFDX6Nvc%2FRxcDM2DV5SHCcPUiaAa7qZ6QPoNWrVjQ%3D%3D","environmentVariables":{"FIREBASE_CONFIG":"{\"projectId\":\"refreshing-website\",\"storageBucket\":\"refreshing-website.firebasestorage.app\"}","GCLOUD_PROJECT":"refreshing-website","EVENTARC_CLOUD_EVENT_SOURCE":"projects/refreshing-website/locations/us-central1/functions/acceptInvite"},"runtime":"nodejs20","buildEnvironmentVariables":{"GOOGLE_NODE_RUN_SCRIPTS":""},"dockerRegistry":"ARTIFACT_REGISTRY"},"versionId":"1","updateTime":"2026-08-10T02:41:09.945832903Z","buildId":"a2631d9f-7979-4f48-b87a-42a1da1146b3","sourceToken":"f57d6fd0-2c70-4ab7-b944-19aed713bef8","buildName":"projects/832093857842/locations/us-central1/builds/a2631d9f-7979-4f48-b87a-42a1da1146b3"}}
[2026-08-10T02:42:00.199Z] Got source token f57d6fd0-2c70-4ab7-b944-19aed713bef8 for region us-central1
[2026-08-10T02:42:00.200Z] Checked if tokens are valid: true, expires at: 1786331729344
[2026-08-10T02:42:00.200Z] Checked if tokens are valid: true, expires at: 1786331729344
[2026-08-10T02:42:00.200Z] Checked if tokens are valid: true, expires at: 1786331729344
[2026-08-10T02:42:00.200Z] Checked if tokens are valid: true, expires at: 1786331729344
[2026-08-10T02:42:00.201Z] Checked if tokens are valid: true, expires at: 1786331729344
[2026-08-10T02:42:00.201Z] Checked if tokens are valid: true, expires at: 1786331729344
[2026-08-10T02:42:00.201Z] Checked if tokens are valid: true, expires at: 1786331729344
[2026-08-10T02:42:00.201Z] Checked if tokens are valid: true, expires at: 1786331729344
[2026-08-10T02:42:00.202Z] Checked if tokens are valid: true, expires at: 1786331729344
[2026-08-10T02:42:00.202Z] Checked if tokens are valid: true, expires at: 1786331729344
[2026-08-10T02:42:00.202Z] Checked if tokens are valid: true, expires at: 1786331729344
[2026-08-10T02:42:00.202Z] Checked if tokens are valid: true, expires at: 1786331729344
[2026-08-10T02:42:00.203Z] Checked if tokens are valid: true, expires at: 1786331729344
[2026-08-10T02:42:00.203Z] Checked if tokens are valid: true, expires at: 1786331729344
[2026-08-10T02:42:00.203Z] Checked if tokens are valid: true, expires at: 1786331729344
[2026-08-10T02:42:00.203Z] Checked if tokens are valid: true, expires at: 1786331729344
[2026-08-10T02:42:00.203Z] Checked if tokens are valid: true, expires at: 1786331729344
[2026-08-10T02:42:00.203Z] Checked if tokens are valid: true, expires at: 1786331729344
[2026-08-10T02:42:00.203Z] Checked if tokens are valid: true, expires at: 1786331729344
[2026-08-10T02:42:00.203Z] Checked if tokens are valid: true, expires at: 1786331729344
[2026-08-10T02:42:00.204Z] Checked if tokens are valid: true, expires at: 1786331729344
[2026-08-10T02:42:00.204Z] Checked if tokens are valid: true, expires at: 1786331729344
[2026-08-10T02:42:00.205Z] Checked if tokens are valid: true, expires at: 1786331729344
[2026-08-10T02:42:00.205Z] Checked if tokens are valid: true, expires at: 1786331729344
[2026-08-10T02:42:00.205Z] >>> [apiv2][query] POST https://cloudfunctions.googleapis.com/v1/projects/refreshing-website/locations/us-central1/functions [none]
[2026-08-10T02:42:00.205Z] >>> [apiv2][body] POST https://cloudfunctions.googleapis.com/v1/projects/refreshing-website/locations/us-central1/functions {"name":"projects/refreshing-website/locations/us-central1/functions/setUserRole","sourceUploadUrl":"https://storage.googleapis.com/uploads-836972235469.us-central1.cloudfunctions.appspot.com/02c1e8fa-c1af-4e22-a011-38b11d0d0528.zip?GoogleAccessId=service-832093857842@gcf-admin-robot.iam.gserviceaccount.com&Expires=1786331467&Signature=VvDa9HDI3UGM%2FHi4yzU0DUDtxVA0ODbyjK8rjmhZpl77FapwR07yYG27cQvoJq%2FbMXoMdUggMWprpHUxcf63d7X8h7jiO6%2BSK2ngf0ma1u6LkFIZoa%2B%2BhfP4Unu%2BIQLcRs8jHKSJ2C8sXkOilNPe79mOMk3j7FUY9rXyKnX5%2FfOmcW%2F4hkPOqwpVLpIYBugYydoJERfEWFy9K%2BiV0LWOSGO352HW7CqGsJeH94c7yxILlbtxT0CeuMlbuDICtHh01cH2GPxtt0OyBMx4ZN9EzDxFrzQPR7z9zuLdS36mHKN6JhFDX6Nvc%2FRxcDM2DV5SHCcPUiaAa7qZ6QPoNWrVjQ%3D%3D","entryPoint":"setUserRole","runtime":"nodejs20","dockerRegistry":"ARTIFACT_REGISTRY","labels":{"deployment-tool":"cli-firebase","deployment-callable":"true","firebase-functions-hash":"74436fef8c2ebebe3f9c654a6faa2958a1c805fc"},"httpsTrigger":{"securityLevel":"SECURE_ALWAYS"},"minInstances":null,"maxInstances":null,"ingressSettings":null,"environmentVariables":{"FIREBASE_CONFIG":"{\"projectId\":\"refreshing-website\",\"storageBucket\":\"refreshing-website.firebasestorage.app\"}","GCLOUD_PROJECT":"refreshing-website","EVENTARC_CLOUD_EVENT_SOURCE":"projects/refreshing-website/locations/us-central1/functions/setUserRole"},"serviceAccountEmail":null,"availableMemoryMb":null,"timeout":null,"vpcConnector":null,"vpcConnectorEgressSettings":null,"sourceToken":"f57d6fd0-2c70-4ab7-b944-19aed713bef8","buildEnvironmentVariables":{"GOOGLE_NODE_RUN_SCRIPTS":""}}
[2026-08-10T02:42:00.206Z] >>> [apiv2][query] POST https://cloudfunctions.googleapis.com/v1/projects/refreshing-website/locations/us-central1/functions [none]
[2026-08-10T02:42:00.206Z] >>> [apiv2][body] POST https://cloudfunctions.googleapis.com/v1/projects/refreshing-website/locations/us-central1/functions {"name":"projects/refreshing-website/locations/us-central1/functions/revokeUserAccess","sourceUploadUrl":"https://storage.googleapis.com/uploads-836972235469.us-central1.cloudfunctions.appspot.com/02c1e8fa-c1af-4e22-a011-38b11d0d0528.zip?GoogleAccessId=service-832093857842@gcf-admin-robot.iam.gserviceaccount.com&Expires=1786331467&Signature=VvDa9HDI3UGM%2FHi4yzU0DUDtxVA0ODbyjK8rjmhZpl77FapwR07yYG27cQvoJq%2FbMXoMdUggMWprpHUxcf63d7X8h7jiO6%2BSK2ngf0ma1u6LkFIZoa%2B%2BhfP4Unu%2BIQLcRs8jHKSJ2C8sXkOilNPe79mOMk3j7FUY9rXyKnX5%2FfOmcW%2F4hkPOqwpVLpIYBugYydoJERfEWFy9K%2BiV0LWOSGO352HW7CqGsJeH94c7yxILlbtxT0CeuMlbuDICtHh01cH2GPxtt0OyBMx4ZN9EzDxFrzQPR7z9zuLdS36mHKN6JhFDX6Nvc%2FRxcDM2DV5SHCcPUiaAa7qZ6QPoNWrVjQ%3D%3D","entryPoint":"revokeUserAccess","runtime":"nodejs20","dockerRegistry":"ARTIFACT_REGISTRY","labels":{"deployment-tool":"cli-firebase","deployment-callable":"true","firebase-functions-hash":"74436fef8c2ebebe3f9c654a6faa2958a1c805fc"},"httpsTrigger":{"securityLevel":"SECURE_ALWAYS"},"minInstances":null,"maxInstances":null,"ingressSettings":null,"environmentVariables":{"FIREBASE_CONFIG":"{\"projectId\":\"refreshing-website\",\"storageBucket\":\"refreshing-website.firebasestorage.app\"}","GCLOUD_PROJECT":"refreshing-website","EVENTARC_CLOUD_EVENT_SOURCE":"projects/refreshing-website/locations/us-central1/functions/revokeUserAccess"},"serviceAccountEmail":null,"availableMemoryMb":null,"timeout":null,"vpcConnector":null,"vpcConnectorEgressSettings":null,"sourceToken":"f57d6fd0-2c70-4ab7-b944-19aed713bef8","buildEnvironmentVariables":{"GOOGLE_NODE_RUN_SCRIPTS":""}}
[2026-08-10T02:42:00.207Z] >>> [apiv2][query] POST https://cloudfunctions.googleapis.com/v1/projects/refreshing-website/locations/us-central1/functions [none]
[2026-08-10T02:42:00.207Z] >>> [apiv2][body] POST https://cloudfunctions.googleapis.com/v1/projects/refreshing-website/locations/us-central1/functions {"name":"projects/refreshing-website/locations/us-central1/functions/markCheckedIn","sourceUploadUrl":"https://storage.googleapis.com/uploads-836972235469.us-central1.cloudfunctions.appspot.com/02c1e8fa-c1af-4e22-a011-38b11d0d0528.zip?GoogleAccessId=service-832093857842@gcf-admin-robot.iam.gserviceaccount.com&Expires=1786331467&Signature=VvDa9HDI3UGM%2FHi4yzU0DUDtxVA0ODbyjK8rjmhZpl77FapwR07yYG27cQvoJq%2FbMXoMdUggMWprpHUxcf63d7X8h7jiO6%2BSK2ngf0ma1u6LkFIZoa%2B%2BhfP4Unu%2BIQLcRs8jHKSJ2C8sXkOilNPe79mOMk3j7FUY9rXyKnX5%2FfOmcW%2F4hkPOqwpVLpIYBugYydoJERfEWFy9K%2BiV0LWOSGO352HW7CqGsJeH94c7yxILlbtxT0CeuMlbuDICtHh01cH2GPxtt0OyBMx4ZN9EzDxFrzQPR7z9zuLdS36mHKN6JhFDX6Nvc%2FRxcDM2DV5SHCcPUiaAa7qZ6QPoNWrVjQ%3D%3D","entryPoint":"markCheckedIn","runtime":"nodejs20","dockerRegistry":"ARTIFACT_REGISTRY","labels":{"deployment-tool":"cli-firebase","deployment-callable":"true","firebase-functions-hash":"74436fef8c2ebebe3f9c654a6faa2958a1c805fc"},"httpsTrigger":{"securityLevel":"SECURE_ALWAYS"},"minInstances":null,"maxInstances":null,"ingressSettings":null,"environmentVariables":{"FIREBASE_CONFIG":"{\"projectId\":\"refreshing-website\",\"storageBucket\":\"refreshing-website.firebasestorage.app\"}","GCLOUD_PROJECT":"refreshing-website","EVENTARC_CLOUD_EVENT_SOURCE":"projects/refreshing-website/locations/us-central1/functions/markCheckedIn"},"serviceAccountEmail":null,"availableMemoryMb":null,"timeout":null,"vpcConnector":null,"vpcConnectorEgressSettings":null,"sourceToken":"f57d6fd0-2c70-4ab7-b944-19aed713bef8","buildEnvironmentVariables":{"GOOGLE_NODE_RUN_SCRIPTS":""}}
[2026-08-10T02:42:00.209Z] >>> [apiv2][query] POST https://cloudfunctions.googleapis.com/v1/projects/refreshing-website/locations/us-central1/functions [none]
[2026-08-10T02:42:00.209Z] >>> [apiv2][body] POST https://cloudfunctions.googleapis.com/v1/projects/refreshing-website/locations/us-central1/functions {"name":"projects/refreshing-website/locations/us-central1/functions/undoCheckIn","sourceUploadUrl":"https://storage.googleapis.com/uploads-836972235469.us-central1.cloudfunctions.appspot.com/02c1e8fa-c1af-4e22-a011-38b11d0d0528.zip?GoogleAccessId=service-832093857842@gcf-admin-robot.iam.gserviceaccount.com&Expires=1786331467&Signature=VvDa9HDI3UGM%2FHi4yzU0DUDtxVA0ODbyjK8rjmhZpl77FapwR07yYG27cQvoJq%2FbMXoMdUggMWprpHUxcf63d7X8h7jiO6%2BSK2ngf0ma1u6LkFIZoa%2B%2BhfP4Unu%2BIQLcRs8jHKSJ2C8sXkOilNPe79mOMk3j7FUY9rXyKnX5%2FfOmcW%2F4hkPOqwpVLpIYBugYydoJERfEWFy9K%2BiV0LWOSGO352HW7CqGsJeH94c7yxILlbtxT0CeuMlbuDICtHh01cH2GPxtt0OyBMx4ZN9EzDxFrzQPR7z9zuLdS36mHKN6JhFDX6Nvc%2FRxcDM2DV5SHCcPUiaAa7qZ6QPoNWrVjQ%3D%3D","entryPoint":"undoCheckIn","runtime":"nodejs20","dockerRegistry":"ARTIFACT_REGISTRY","labels":{"deployment-tool":"cli-firebase","deployment-callable":"true","firebase-functions-hash":"74436fef8c2ebebe3f9c654a6faa2958a1c805fc"},"httpsTrigger":{"securityLevel":"SECURE_ALWAYS"},"minInstances":null,"maxInstances":null,"ingressSettings":null,"environmentVariables":{"FIREBASE_CONFIG":"{\"projectId\":\"refreshing-website\",\"storageBucket\":\"refreshing-website.firebasestorage.app\"}","GCLOUD_PROJECT":"refreshing-website","EVENTARC_CLOUD_EVENT_SOURCE":"projects/refreshing-website/locations/us-central1/functions/undoCheckIn"},"serviceAccountEmail":null,"availableMemoryMb":null,"timeout":null,"vpcConnector":null,"vpcConnectorEgressSettings":null,"sourceToken":"f57d6fd0-2c70-4ab7-b944-19aed713bef8","buildEnvironmentVariables":{"GOOGLE_NODE_RUN_SCRIPTS":""}}
[2026-08-10T02:42:00.210Z] >>> [apiv2][query] POST https://cloudfunctions.googleapis.com/v1/projects/refreshing-website/locations/us-central1/functions [none]
[2026-08-10T02:42:00.211Z] >>> [apiv2][body] POST https://cloudfunctions.googleapis.com/v1/projects/refreshing-website/locations/us-central1/functions {"name":"projects/refreshing-website/locations/us-central1/functions/syncCheckinView","sourceUploadUrl":"https://storage.googleapis.com/uploads-836972235469.us-central1.cloudfunctions.appspot.com/02c1e8fa-c1af-4e22-a011-38b11d0d0528.zip?GoogleAccessId=service-832093857842@gcf-admin-robot.iam.gserviceaccount.com&Expires=1786331467&Signature=VvDa9HDI3UGM%2FHi4yzU0DUDtxVA0ODbyjK8rjmhZpl77FapwR07yYG27cQvoJq%2FbMXoMdUggMWprpHUxcf63d7X8h7jiO6%2BSK2ngf0ma1u6LkFIZoa%2B%2BhfP4Unu%2BIQLcRs8jHKSJ2C8sXkOilNPe79mOMk3j7FUY9rXyKnX5%2FfOmcW%2F4hkPOqwpVLpIYBugYydoJERfEWFy9K%2BiV0LWOSGO352HW7CqGsJeH94c7yxILlbtxT0CeuMlbuDICtHh01cH2GPxtt0OyBMx4ZN9EzDxFrzQPR7z9zuLdS36mHKN6JhFDX6Nvc%2FRxcDM2DV5SHCcPUiaAa7qZ6QPoNWrVjQ%3D%3D","entryPoint":"syncCheckinView","runtime":"nodejs20","dockerRegistry":"ARTIFACT_REGISTRY","labels":{"deployment-tool":"cli-firebase","firebase-functions-hash":"74436fef8c2ebebe3f9c654a6faa2958a1c805fc"},"eventTrigger":{"eventType":"providers/cloud.firestore/eventTypes/document.write","resource":"projects/refreshing-website/databases/(default)/documents/events/{eventId}/attendees/{attendeeId}"},"minInstances":null,"maxInstances":null,"ingressSettings":null,"environmentVariables":{"FIREBASE_CONFIG":"{\"projectId\":\"refreshing-website\",\"storageBucket\":\"refreshing-website.firebasestorage.app\"}","GCLOUD_PROJECT":"refreshing-website","EVENTARC_CLOUD_EVENT_SOURCE":"projects/refreshing-website/locations/us-central1/functions/syncCheckinView"},"serviceAccountEmail":null,"availableMemoryMb":null,"timeout":null,"vpcConnector":null,"vpcConnectorEgressSettings":null,"sourceToken":"f57d6fd0-2c70-4ab7-b944-19aed713bef8","buildEnvironmentVariables":{"GOOGLE_NODE_RUN_SCRIPTS":""}}
[2026-08-10T02:42:00.211Z] >>> [apiv2][query] POST https://cloudfunctions.googleapis.com/v1/projects/refreshing-website/locations/us-central1/functions [none]
[2026-08-10T02:42:00.211Z] >>> [apiv2][body] POST https://cloudfunctions.googleapis.com/v1/projects/refreshing-website/locations/us-central1/functions {"name":"projects/refreshing-website/locations/us-central1/functions/auditMinistersWrite","sourceUploadUrl":"https://storage.googleapis.com/uploads-836972235469.us-central1.cloudfunctions.appspot.com/02c1e8fa-c1af-4e22-a011-38b11d0d0528.zip?GoogleAccessId=service-832093857842@gcf-admin-robot.iam.gserviceaccount.com&Expires=1786331467&Signature=VvDa9HDI3UGM%2FHi4yzU0DUDtxVA0ODbyjK8rjmhZpl77FapwR07yYG27cQvoJq%2FbMXoMdUggMWprpHUxcf63d7X8h7jiO6%2BSK2ngf0ma1u6LkFIZoa%2B%2BhfP4Unu%2BIQLcRs8jHKSJ2C8sXkOilNPe79mOMk3j7FUY9rXyKnX5%2FfOmcW%2F4hkPOqwpVLpIYBugYydoJERfEWFy9K%2BiV0LWOSGO352HW7CqGsJeH94c7yxILlbtxT0CeuMlbuDICtHh01cH2GPxtt0OyBMx4ZN9EzDxFrzQPR7z9zuLdS36mHKN6JhFDX6Nvc%2FRxcDM2DV5SHCcPUiaAa7qZ6QPoNWrVjQ%3D%3D","entryPoint":"auditMinistersWrite","runtime":"nodejs20","dockerRegistry":"ARTIFACT_REGISTRY","labels":{"deployment-tool":"cli-firebase","firebase-functions-hash":"74436fef8c2ebebe3f9c654a6faa2958a1c805fc"},"eventTrigger":{"eventType":"providers/cloud.firestore/eventTypes/document.write","resource":"projects/refreshing-website/databases/(default)/documents/events/{eventId}/ministers/{ministerId}"},"minInstances":null,"maxInstances":null,"ingressSettings":null,"environmentVariables":{"FIREBASE_CONFIG":"{\"projectId\":\"refreshing-website\",\"storageBucket\":\"refreshing-website.firebasestorage.app\"}","GCLOUD_PROJECT":"refreshing-website","EVENTARC_CLOUD_EVENT_SOURCE":"projects/refreshing-website/locations/us-central1/functions/auditMinistersWrite"},"serviceAccountEmail":null,"availableMemoryMb":null,"timeout":null,"vpcConnector":null,"vpcConnectorEgressSettings":null,"sourceToken":"f57d6fd0-2c70-4ab7-b944-19aed713bef8","buildEnvironmentVariables":{"GOOGLE_NODE_RUN_SCRIPTS":""}}
[2026-08-10T02:42:00.212Z] >>> [apiv2][query] POST https://cloudfunctions.googleapis.com/v1/projects/refreshing-website/locations/us-central1/functions [none]
[2026-08-10T02:42:00.212Z] >>> [apiv2][body] POST https://cloudfunctions.googleapis.com/v1/projects/refreshing-website/locations/us-central1/functions {"name":"projects/refreshing-website/locations/us-central1/functions/auditSessionsWrite","sourceUploadUrl":"https://storage.googleapis.com/uploads-836972235469.us-central1.cloudfunctions.appspot.com/02c1e8fa-c1af-4e22-a011-38b11d0d0528.zip?GoogleAccessId=service-832093857842@gcf-admin-robot.iam.gserviceaccount.com&Expires=1786331467&Signature=VvDa9HDI3UGM%2FHi4yzU0DUDtxVA0ODbyjK8rjmhZpl77FapwR07yYG27cQvoJq%2FbMXoMdUggMWprpHUxcf63d7X8h7jiO6%2BSK2ngf0ma1u6LkFIZoa%2B%2BhfP4Unu%2BIQLcRs8jHKSJ2C8sXkOilNPe79mOMk3j7FUY9rXyKnX5%2FfOmcW%2F4hkPOqwpVLpIYBugYydoJERfEWFy9K%2BiV0LWOSGO352HW7CqGsJeH94c7yxILlbtxT0CeuMlbuDICtHh01cH2GPxtt0OyBMx4ZN9EzDxFrzQPR7z9zuLdS36mHKN6JhFDX6Nvc%2FRxcDM2DV5SHCcPUiaAa7qZ6QPoNWrVjQ%3D%3D","entryPoint":"auditSessionsWrite","runtime":"nodejs20","dockerRegistry":"ARTIFACT_REGISTRY","labels":{"deployment-tool":"cli-firebase","firebase-functions-hash":"74436fef8c2ebebe3f9c654a6faa2958a1c805fc"},"eventTrigger":{"eventType":"providers/cloud.firestore/eventTypes/document.write","resource":"projects/refreshing-website/databases/(default)/documents/events/{eventId}/sessions/{sessionId}"},"minInstances":null,"maxInstances":null,"ingressSettings":null,"environmentVariables":{"FIREBASE_CONFIG":"{\"projectId\":\"refreshing-website\",\"storageBucket\":\"refreshing-website.firebasestorage.app\"}","GCLOUD_PROJECT":"refreshing-website","EVENTARC_CLOUD_EVENT_SOURCE":"projects/refreshing-website/locations/us-central1/functions/auditSessionsWrite"},"serviceAccountEmail":null,"availableMemoryMb":null,"timeout":null,"vpcConnector":null,"vpcConnectorEgressSettings":null,"sourceToken":"f57d6fd0-2c70-4ab7-b944-19aed713bef8","buildEnvironmentVariables":{"GOOGLE_NODE_RUN_SCRIPTS":""}}
[2026-08-10T02:42:00.214Z] >>> [apiv2][query] POST https://cloudfunctions.googleapis.com/v1/projects/refreshing-website/locations/us-central1/functions [none]
[2026-08-10T02:42:00.214Z] >>> [apiv2][body] POST https://cloudfunctions.googleapis.com/v1/projects/refreshing-website/locations/us-central1/functions {"name":"projects/refreshing-website/locations/us-central1/functions/auditAttendeesWrite","sourceUploadUrl":"https://storage.googleapis.com/uploads-836972235469.us-central1.cloudfunctions.appspot.com/02c1e8fa-c1af-4e22-a011-38b11d0d0528.zip?GoogleAccessId=service-832093857842@gcf-admin-robot.iam.gserviceaccount.com&Expires=1786331467&Signature=VvDa9HDI3UGM%2FHi4yzU0DUDtxVA0ODbyjK8rjmhZpl77FapwR07yYG27cQvoJq%2FbMXoMdUggMWprpHUxcf63d7X8h7jiO6%2BSK2ngf0ma1u6LkFIZoa%2B%2BhfP4Unu%2BIQLcRs8jHKSJ2C8sXkOilNPe79mOMk3j7FUY9rXyKnX5%2FfOmcW%2F4hkPOqwpVLpIYBugYydoJERfEWFy9K%2BiV0LWOSGO352HW7CqGsJeH94c7yxILlbtxT0CeuMlbuDICtHh01cH2GPxtt0OyBMx4ZN9EzDxFrzQPR7z9zuLdS36mHKN6JhFDX6Nvc%2FRxcDM2DV5SHCcPUiaAa7qZ6QPoNWrVjQ%3D%3D","entryPoint":"auditAttendeesWrite","runtime":"nodejs20","dockerRegistry":"ARTIFACT_REGISTRY","labels":{"deployment-tool":"cli-firebase","firebase-functions-hash":"74436fef8c2ebebe3f9c654a6faa2958a1c805fc"},"eventTrigger":{"eventType":"providers/cloud.firestore/eventTypes/document.write","resource":"projects/refreshing-website/databases/(default)/documents/events/{eventId}/attendees/{attendeeId}"},"minInstances":null,"maxInstances":null,"ingressSettings":null,"environmentVariables":{"FIREBASE_CONFIG":"{\"projectId\":\"refreshing-website\",\"storageBucket\":\"refreshing-website.firebasestorage.app\"}","GCLOUD_PROJECT":"refreshing-website","EVENTARC_CLOUD_EVENT_SOURCE":"projects/refreshing-website/locations/us-central1/functions/auditAttendeesWrite"},"serviceAccountEmail":null,"availableMemoryMb":null,"timeout":null,"vpcConnector":null,"vpcConnectorEgressSettings":null,"sourceToken":"f57d6fd0-2c70-4ab7-b944-19aed713bef8","buildEnvironmentVariables":{"GOOGLE_NODE_RUN_SCRIPTS":""}}
[2026-08-10T02:42:00.215Z] >>> [apiv2][query] POST https://cloudfunctions.googleapis.com/v1/projects/refreshing-website/locations/us-central1/functions [none]
[2026-08-10T02:42:00.216Z] >>> [apiv2][body] POST https://cloudfunctions.googleapis.com/v1/projects/refreshing-website/locations/us-central1/functions {"name":"projects/refreshing-website/locations/us-central1/functions/purgeTrash","sourceUploadUrl":"https://storage.googleapis.com/uploads-836972235469.us-central1.cloudfunctions.appspot.com/02c1e8fa-c1af-4e22-a011-38b11d0d0528.zip?GoogleAccessId=service-832093857842@gcf-admin-robot.iam.gserviceaccount.com&Expires=1786331467&Signature=VvDa9HDI3UGM%2FHi4yzU0DUDtxVA0ODbyjK8rjmhZpl77FapwR07yYG27cQvoJq%2FbMXoMdUggMWprpHUxcf63d7X8h7jiO6%2BSK2ngf0ma1u6LkFIZoa%2B%2BhfP4Unu%2BIQLcRs8jHKSJ2C8sXkOilNPe79mOMk3j7FUY9rXyKnX5%2FfOmcW%2F4hkPOqwpVLpIYBugYydoJERfEWFy9K%2BiV0LWOSGO352HW7CqGsJeH94c7yxILlbtxT0CeuMlbuDICtHh01cH2GPxtt0OyBMx4ZN9EzDxFrzQPR7z9zuLdS36mHKN6JhFDX6Nvc%2FRxcDM2DV5SHCcPUiaAa7qZ6QPoNWrVjQ%3D%3D","entryPoint":"purgeTrash","runtime":"nodejs20","dockerRegistry":"ARTIFACT_REGISTRY","labels":{"deployment-tool":"cli-firebase","deployment-scheduled":"true","firebase-functions-hash":"74436fef8c2ebebe3f9c654a6faa2958a1c805fc"},"eventTrigger":{"eventType":"google.pubsub.topic.publish","resource":"projects/refreshing-website/topics/firebase-schedule-purgeTrash-us-central1"},"minInstances":null,"maxInstances":null,"ingressSettings":null,"environmentVariables":{"FIREBASE_CONFIG":"{\"projectId\":\"refreshing-website\",\"storageBucket\":\"refreshing-website.firebasestorage.app\"}","GCLOUD_PROJECT":"refreshing-website","EVENTARC_CLOUD_EVENT_SOURCE":"projects/refreshing-website/locations/us-central1/functions/purgeTrash"},"serviceAccountEmail":null,"availableMemoryMb":null,"timeout":null,"vpcConnector":null,"vpcConnectorEgressSettings":null,"sourceToken":"f57d6fd0-2c70-4ab7-b944-19aed713bef8","buildEnvironmentVariables":{"GOOGLE_NODE_RUN_SCRIPTS":""}}
[2026-08-10T02:42:00.216Z] >>> [apiv2][query] POST https://cloudfunctions.googleapis.com/v1/projects/refreshing-website/locations/us-central1/functions [none]
[2026-08-10T02:42:00.217Z] >>> [apiv2][body] POST https://cloudfunctions.googleapis.com/v1/projects/refreshing-website/locations/us-central1/functions {"name":"projects/refreshing-website/locations/us-central1/functions/pruneVersionHistory","sourceUploadUrl":"https://storage.googleapis.com/uploads-836972235469.us-central1.cloudfunctions.appspot.com/02c1e8fa-c1af-4e22-a011-38b11d0d0528.zip?GoogleAccessId=service-832093857842@gcf-admin-robot.iam.gserviceaccount.com&Expires=1786331467&Signature=VvDa9HDI3UGM%2FHi4yzU0DUDtxVA0ODbyjK8rjmhZpl77FapwR07yYG27cQvoJq%2FbMXoMdUggMWprpHUxcf63d7X8h7jiO6%2BSK2ngf0ma1u6LkFIZoa%2B%2BhfP4Unu%2BIQLcRs8jHKSJ2C8sXkOilNPe79mOMk3j7FUY9rXyKnX5%2FfOmcW%2F4hkPOqwpVLpIYBugYydoJERfEWFy9K%2BiV0LWOSGO352HW7CqGsJeH94c7yxILlbtxT0CeuMlbuDICtHh01cH2GPxtt0OyBMx4ZN9EzDxFrzQPR7z9zuLdS36mHKN6JhFDX6Nvc%2FRxcDM2DV5SHCcPUiaAa7qZ6QPoNWrVjQ%3D%3D","entryPoint":"pruneVersionHistory","runtime":"nodejs20","dockerRegistry":"ARTIFACT_REGISTRY","labels":{"deployment-tool":"cli-firebase","deployment-scheduled":"true","firebase-functions-hash":"74436fef8c2ebebe3f9c654a6faa2958a1c805fc"},"eventTrigger":{"eventType":"google.pubsub.topic.publish","resource":"projects/refreshing-website/topics/firebase-schedule-pruneVersionHistory-us-central1"},"minInstances":null,"maxInstances":null,"ingressSettings":null,"environmentVariables":{"FIREBASE_CONFIG":"{\"projectId\":\"refreshing-website\",\"storageBucket\":\"refreshing-website.firebasestorage.app\"}","GCLOUD_PROJECT":"refreshing-website","EVENTARC_CLOUD_EVENT_SOURCE":"projects/refreshing-website/locations/us-central1/functions/pruneVersionHistory"},"serviceAccountEmail":null,"availableMemoryMb":null,"timeout":null,"vpcConnector":null,"vpcConnectorEgressSettings":null,"sourceToken":"f57d6fd0-2c70-4ab7-b944-19aed713bef8","buildEnvironmentVariables":{"GOOGLE_NODE_RUN_SCRIPTS":""}}
[2026-08-10T02:42:00.217Z] >>> [apiv2][query] POST https://cloudfunctions.googleapis.com/v1/projects/refreshing-website/locations/us-central1/functions [none]
[2026-08-10T02:42:00.217Z] >>> [apiv2][body] POST https://cloudfunctions.googleapis.com/v1/projects/refreshing-website/locations/us-central1/functions {"name":"projects/refreshing-website/locations/us-central1/functions/provisionAdminAccount","sourceUploadUrl":"https://storage.googleapis.com/uploads-836972235469.us-central1.cloudfunctions.appspot.com/02c1e8fa-c1af-4e22-a011-38b11d0d0528.zip?GoogleAccessId=service-832093857842@gcf-admin-robot.iam.gserviceaccount.com&Expires=1786331467&Signature=VvDa9HDI3UGM%2FHi4yzU0DUDtxVA0ODbyjK8rjmhZpl77FapwR07yYG27cQvoJq%2FbMXoMdUggMWprpHUxcf63d7X8h7jiO6%2BSK2ngf0ma1u6LkFIZoa%2B%2BhfP4Unu%2BIQLcRs8jHKSJ2C8sXkOilNPe79mOMk3j7FUY9rXyKnX5%2FfOmcW%2F4hkPOqwpVLpIYBugYydoJERfEWFy9K%2BiV0LWOSGO352HW7CqGsJeH94c7yxILlbtxT0CeuMlbuDICtHh01cH2GPxtt0OyBMx4ZN9EzDxFrzQPR7z9zuLdS36mHKN6JhFDX6Nvc%2FRxcDM2DV5SHCcPUiaAa7qZ6QPoNWrVjQ%3D%3D","entryPoint":"provisionAdminAccount","runtime":"nodejs20","dockerRegistry":"ARTIFACT_REGISTRY","labels":{"deployment-tool":"cli-firebase","deployment-callable":"true","firebase-functions-hash":"74436fef8c2ebebe3f9c654a6faa2958a1c805fc"},"httpsTrigger":{"securityLevel":"SECURE_ALWAYS"},"minInstances":null,"maxInstances":null,"ingressSettings":null,"environmentVariables":{"FIREBASE_CONFIG":"{\"projectId\":\"refreshing-website\",\"storageBucket\":\"refreshing-website.firebasestorage.app\"}","GCLOUD_PROJECT":"refreshing-website","EVENTARC_CLOUD_EVENT_SOURCE":"projects/refreshing-website/locations/us-central1/functions/provisionAdminAccount"},"serviceAccountEmail":null,"availableMemoryMb":null,"timeout":null,"vpcConnector":null,"vpcConnectorEgressSettings":null,"sourceToken":"f57d6fd0-2c70-4ab7-b944-19aed713bef8","buildEnvironmentVariables":{"GOOGLE_NODE_RUN_SCRIPTS":""}}
[2026-08-10T02:42:00.218Z] >>> [apiv2][query] PATCH https://cloudfunctions.googleapis.com/v1/projects/refreshing-website/locations/us-central1/functions/createInvite updateMask=name%2CsourceUploadUrl%2CentryPoint%2Cruntime%2CdockerRegistry%2Clabels%2ChttpsTrigger.securityLevel%2CminInstances%2CmaxInstances%2CingressSettings%2CenvironmentVariables%2CserviceAccountEmail%2CavailableMemoryMb%2Ctimeout%2CvpcConnector%2CvpcConnectorEgressSettings%2CsourceToken%2CbuildEnvironmentVariables
[2026-08-10T02:42:00.218Z] >>> [apiv2][body] PATCH https://cloudfunctions.googleapis.com/v1/projects/refreshing-website/locations/us-central1/functions/createInvite {"name":"projects/refreshing-website/locations/us-central1/functions/createInvite","sourceUploadUrl":"https://storage.googleapis.com/uploads-836972235469.us-central1.cloudfunctions.appspot.com/02c1e8fa-c1af-4e22-a011-38b11d0d0528.zip?GoogleAccessId=service-832093857842@gcf-admin-robot.iam.gserviceaccount.com&Expires=1786331467&Signature=VvDa9HDI3UGM%2FHi4yzU0DUDtxVA0ODbyjK8rjmhZpl77FapwR07yYG27cQvoJq%2FbMXoMdUggMWprpHUxcf63d7X8h7jiO6%2BSK2ngf0ma1u6LkFIZoa%2B%2BhfP4Unu%2BIQLcRs8jHKSJ2C8sXkOilNPe79mOMk3j7FUY9rXyKnX5%2FfOmcW%2F4hkPOqwpVLpIYBugYydoJERfEWFy9K%2BiV0LWOSGO352HW7CqGsJeH94c7yxILlbtxT0CeuMlbuDICtHh01cH2GPxtt0OyBMx4ZN9EzDxFrzQPR7z9zuLdS36mHKN6JhFDX6Nvc%2FRxcDM2DV5SHCcPUiaAa7qZ6QPoNWrVjQ%3D%3D","entryPoint":"createInvite","runtime":"nodejs20","dockerRegistry":"ARTIFACT_REGISTRY","labels":{"deployment-tool":"cli-firebase","deployment-callable":"true","firebase-functions-hash":"74436fef8c2ebebe3f9c654a6faa2958a1c805fc"},"httpsTrigger":{"securityLevel":"SECURE_ALWAYS"},"minInstances":null,"maxInstances":null,"ingressSettings":null,"environmentVariables":{"FIREBASE_CONFIG":"{\"projectId\":\"refreshing-website\",\"storageBucket\":\"refreshing-website.firebasestorage.app\"}","GCLOUD_PROJECT":"refreshing-website","EVENTARC_CLOUD_EVENT_SOURCE":"projects/refreshing-website/locations/us-central1/functions/createInvite"},"serviceAccountEmail":null,"availableMemoryMb":null,"timeout":null,"vpcConnector":null,"vpcConnectorEgressSettings":null,"sourceToken":"f57d6fd0-2c70-4ab7-b944-19aed713bef8","buildEnvironmentVariables":{"GOOGLE_NODE_RUN_SCRIPTS":""}}
[2026-08-10T02:42:00.666Z] <<< [apiv2][status] POST https://cloudfunctions.googleapis.com/v1/projects/refreshing-website/locations/us-central1/functions 409
[2026-08-10T02:42:00.667Z] <<< [apiv2][body] POST https://cloudfunctions.googleapis.com/v1/projects/refreshing-website/locations/us-central1/functions {"error":{"code":409,"message":"Failed to create 1st Gen function projects/refreshing-website/locations/us-central1/functions/setUserRole: Function setUserRole in region us-central1 in project refreshing-website already exists","status":"ALREADY_EXISTS"}}
!  functions: failed to create function projects/refreshing-website/locations/us-central1/functions/setUserRole 
[2026-08-10T02:42:00.970Z] <<< [apiv2][status] POST https://cloudfunctions.googleapis.com/v1/projects/refreshing-website/locations/us-central1/functions 409
[2026-08-10T02:42:00.970Z] <<< [apiv2][body] POST https://cloudfunctions.googleapis.com/v1/projects/refreshing-website/locations/us-central1/functions {"error":{"code":409,"message":"Failed to create 1st Gen function projects/refreshing-website/locations/us-central1/functions/provisionAdminAccount: Function provisionAdminAccount in region us-central1 in project refreshing-website already exists","status":"ALREADY_EXISTS"}}
!  functions: failed to create function projects/refreshing-website/locations/us-central1/functions/provisionAdminAccount 
[2026-08-10T02:42:00.973Z] <<< [apiv2][status] POST https://cloudfunctions.googleapis.com/v1/projects/refreshing-website/locations/us-central1/functions 409
[2026-08-10T02:42:00.974Z] <<< [apiv2][body] POST https://cloudfunctions.googleapis.com/v1/projects/refreshing-website/locations/us-central1/functions {"error":{"code":409,"message":"Failed to create 1st Gen function projects/refreshing-website/locations/us-central1/functions/auditAttendeesWrite: Function auditAttendeesWrite in region us-central1 in project refreshing-website already exists","status":"ALREADY_EXISTS"}}
!  functions: failed to create function projects/refreshing-website/locations/us-central1/functions/auditAttendeesWrite 
[2026-08-10T02:42:00.987Z] <<< [apiv2][status] POST https://cloudfunctions.googleapis.com/v1/projects/refreshing-website/locations/us-central1/functions 409
[2026-08-10T02:42:00.988Z] <<< [apiv2][body] POST https://cloudfunctions.googleapis.com/v1/projects/refreshing-website/locations/us-central1/functions {"error":{"code":409,"message":"Failed to create 1st Gen function projects/refreshing-website/locations/us-central1/functions/revokeUserAccess: Function revokeUserAccess in region us-central1 in project refreshing-website already exists","status":"ALREADY_EXISTS"}}
!  functions: failed to create function projects/refreshing-website/locations/us-central1/functions/revokeUserAccess 
[2026-08-10T02:42:01.005Z] <<< [apiv2][status] POST https://cloudfunctions.googleapis.com/v1/projects/refreshing-website/locations/us-central1/functions 409
[2026-08-10T02:42:01.005Z] <<< [apiv2][body] POST https://cloudfunctions.googleapis.com/v1/projects/refreshing-website/locations/us-central1/functions {"error":{"code":409,"message":"Failed to create 1st Gen function projects/refreshing-website/locations/us-central1/functions/auditSessionsWrite: Function auditSessionsWrite in region us-central1 in project refreshing-website already exists","status":"ALREADY_EXISTS"}}
!  functions: failed to create function projects/refreshing-website/locations/us-central1/functions/auditSessionsWrite 
[2026-08-10T02:42:01.010Z] <<< [apiv2][status] POST https://cloudfunctions.googleapis.com/v1/projects/refreshing-website/locations/us-central1/functions 409
[2026-08-10T02:42:01.011Z] <<< [apiv2][body] POST https://cloudfunctions.googleapis.com/v1/projects/refreshing-website/locations/us-central1/functions {"error":{"code":409,"message":"Failed to create 1st Gen function projects/refreshing-website/locations/us-central1/functions/undoCheckIn: Function undoCheckIn in region us-central1 in project refreshing-website already exists","status":"ALREADY_EXISTS"}}
!  functions: failed to create function projects/refreshing-website/locations/us-central1/functions/undoCheckIn 
[2026-08-10T02:42:01.012Z] <<< [apiv2][status] POST https://cloudfunctions.googleapis.com/v1/projects/refreshing-website/locations/us-central1/functions 409
[2026-08-10T02:42:01.012Z] <<< [apiv2][body] POST https://cloudfunctions.googleapis.com/v1/projects/refreshing-website/locations/us-central1/functions {"error":{"code":409,"message":"Failed to create 1st Gen function projects/refreshing-website/locations/us-central1/functions/pruneVersionHistory: Function pruneVersionHistory in region us-central1 in project refreshing-website already exists","status":"ALREADY_EXISTS"}}
!  functions: failed to create function projects/refreshing-website/locations/us-central1/functions/pruneVersionHistory 
[2026-08-10T02:42:01.015Z] <<< [apiv2][status] POST https://cloudfunctions.googleapis.com/v1/projects/refreshing-website/locations/us-central1/functions 409
[2026-08-10T02:42:01.015Z] <<< [apiv2][body] POST https://cloudfunctions.googleapis.com/v1/projects/refreshing-website/locations/us-central1/functions {"error":{"code":409,"message":"Failed to create 1st Gen function projects/refreshing-website/locations/us-central1/functions/auditMinistersWrite: Function auditMinistersWrite in region us-central1 in project refreshing-website already exists","status":"ALREADY_EXISTS"}}
!  functions: failed to create function projects/refreshing-website/locations/us-central1/functions/auditMinistersWrite 
[2026-08-10T02:42:01.017Z] <<< [apiv2][status] POST https://cloudfunctions.googleapis.com/v1/projects/refreshing-website/locations/us-central1/functions 409
[2026-08-10T02:42:01.018Z] <<< [apiv2][body] POST https://cloudfunctions.googleapis.com/v1/projects/refreshing-website/locations/us-central1/functions {"error":{"code":409,"message":"Failed to create 1st Gen function projects/refreshing-website/locations/us-central1/functions/syncCheckinView: Function syncCheckinView in region us-central1 in project refreshing-website already exists","status":"ALREADY_EXISTS"}}
!  functions: failed to create function projects/refreshing-website/locations/us-central1/functions/syncCheckinView 
[2026-08-10T02:42:01.034Z] <<< [apiv2][status] POST https://cloudfunctions.googleapis.com/v1/projects/refreshing-website/locations/us-central1/functions 409
[2026-08-10T02:42:01.035Z] <<< [apiv2][body] POST https://cloudfunctions.googleapis.com/v1/projects/refreshing-website/locations/us-central1/functions {"error":{"code":409,"message":"Failed to create 1st Gen function projects/refreshing-website/locations/us-central1/functions/markCheckedIn: Function markCheckedIn in region us-central1 in project refreshing-website already exists","status":"ALREADY_EXISTS"}}
!  functions: failed to create function projects/refreshing-website/locations/us-central1/functions/markCheckedIn 
[2026-08-10T02:42:01.093Z] <<< [apiv2][status] POST https://cloudfunctions.googleapis.com/v1/projects/refreshing-website/locations/us-central1/functions 409
[2026-08-10T02:42:01.093Z] <<< [apiv2][body] POST https://cloudfunctions.googleapis.com/v1/projects/refreshing-website/locations/us-central1/functions {"error":{"code":409,"message":"Failed to create 1st Gen function projects/refreshing-website/locations/us-central1/functions/purgeTrash: Function purgeTrash in region us-central1 in project refreshing-website already exists","status":"ALREADY_EXISTS"}}
!  functions: failed to create function projects/refreshing-website/locations/us-central1/functions/purgeTrash 
[2026-08-10T02:42:01.261Z] <<< [apiv2][status] PATCH https://cloudfunctions.googleapis.com/v1/projects/refreshing-website/locations/us-central1/functions/createInvite 200
[2026-08-10T02:42:01.262Z] <<< [apiv2][body] PATCH https://cloudfunctions.googleapis.com/v1/projects/refreshing-website/locations/us-central1/functions/createInvite {"name":"operations/cmVmcmVzaGluZy13ZWJzaXRlL3VzLWNlbnRyYWwxL2NyZWF0ZUludml0ZS9Lamh4T3E2ZHQ0dw","metadata":{"@type":"type.googleapis.com/google.cloud.functions.v1.OperationMetadataV1","target":"projects/refreshing-website/locations/us-central1/functions/createInvite","type":"UPDATE_FUNCTION","request":{"@type":"type.googleapis.com/google.cloud.functions.v1.CloudFunction","name":"projects/refreshing-website/locations/us-central1/functions/createInvite","httpsTrigger":{"url":"https://us-central1-refreshing-website.cloudfunctions.net/createInvite","securityLevel":"SECURE_ALWAYS"},"status":"ACTIVE","entryPoint":"createInvite","updateTime":"2026-08-10T02:41:51.092Z","versionId":"1","labels":{"deployment-tool":"cli-firebase","deployment-callable":"true","firebase-functions-hash":"74436fef8c2ebebe3f9c654a6faa2958a1c805fc"},"sourceUploadUrl":"https://storage.googleapis.com/uploads-836972235469.us-central1.cloudfunctions.appspot.com/02c1e8fa-c1af-4e22-a011-38b11d0d0528.zip?GoogleAccessId=service-832093857842@gcf-admin-robot.iam.gserviceaccount.com&Expires=1786331467&Signature=VvDa9HDI3UGM%2FHi4yzU0DUDtxVA0ODbyjK8rjmhZpl77FapwR07yYG27cQvoJq%2FbMXoMdUggMWprpHUxcf63d7X8h7jiO6%2BSK2ngf0ma1u6LkFIZoa%2B%2BhfP4Unu%2BIQLcRs8jHKSJ2C8sXkOilNPe79mOMk3j7FUY9rXyKnX5%2FfOmcW%2F4hkPOqwpVLpIYBugYydoJERfEWFy9K%2BiV0LWOSGO352HW7CqGsJeH94c7yxILlbtxT0CeuMlbuDICtHh01cH2GPxtt0OyBMx4ZN9EzDxFrzQPR7z9zuLdS36mHKN6JhFDX6Nvc%2FRxcDM2DV5SHCcPUiaAa7qZ6QPoNWrVjQ%3D%3D","environmentVariables":{"FIREBASE_CONFIG":"{\"projectId\":\"refreshing-website\",\"storageBucket\":\"refreshing-website.firebasestorage.app\"}","GCLOUD_PROJECT":"refreshing-website","EVENTARC_CLOUD_EVENT_SOURCE":"projects/refreshing-website/locations/us-central1/functions/createInvite"},"runtime":"nodejs20","buildId":"6526f45b-d73c-4974-a3a2-a2b7a9ea1a1e","buildEnvironmentVariables":{"GOOGLE_NODE_RUN_SCRIPTS":""},"sourceToken":"f57d6fd0-2c70-4ab7-b944-19aed713bef8","buildName":"projects/832093857842/locations/us-central1/builds/6526f45b-d73c-4974-a3a2-a2b7a9ea1a1e","dockerRegistry":"ARTIFACT_REGISTRY","automaticUpdatePolicy":{},"buildServiceAccount":"projects/refreshing-website/serviceAccounts/832093857842-compute@developer.gserviceaccount.com"},"versionId":"2","updateTime":"2026-08-10T02:42:00Z","sourceToken":"f57d6fd0-2c70-4ab7-b944-19aed713bef8"}}
[2026-08-10T02:42:01.263Z] Checked if tokens are valid: true, expires at: 1786331729344
[2026-08-10T02:42:01.264Z] Checked if tokens are valid: true, expires at: 1786331729344
[2026-08-10T02:42:01.264Z] >>> [apiv2][query] GET https://cloudfunctions.googleapis.com/v1/operations/cmVmcmVzaGluZy13ZWJzaXRlL3VzLWNlbnRyYWwxL2NyZWF0ZUludml0ZS9Lamh4T3E2ZHQ0dw [none]
[2026-08-10T02:42:01.617Z] <<< [apiv2][status] GET https://cloudfunctions.googleapis.com/v1/operations/cmVmcmVzaGluZy13ZWJzaXRlL3VzLWNlbnRyYWwxL2NyZWF0ZUludml0ZS9Lamh4T3E2ZHQ0dw 200
[2026-08-10T02:42:01.617Z] <<< [apiv2][body] GET https://cloudfunctions.googleapis.com/v1/operations/cmVmcmVzaGluZy13ZWJzaXRlL3VzLWNlbnRyYWwxL2NyZWF0ZUludml0ZS9Lamh4T3E2ZHQ0dw {"name":"operations/cmVmcmVzaGluZy13ZWJzaXRlL3VzLWNlbnRyYWwxL2NyZWF0ZUludml0ZS9Lamh4T3E2ZHQ0dw","metadata":{"@type":"type.googleapis.com/google.cloud.functions.v1.OperationMetadataV1","target":"projects/refreshing-website/locations/us-central1/functions/createInvite","type":"UPDATE_FUNCTION","request":{"@type":"type.googleapis.com/google.cloud.functions.v1.CloudFunction","name":"projects/refreshing-website/locations/us-central1/functions/createInvite","httpsTrigger":{"url":"https://us-central1-refreshing-website.cloudfunctions.net/createInvite","securityLevel":"SECURE_ALWAYS"},"status":"ACTIVE","entryPoint":"createInvite","updateTime":"2026-08-10T02:41:51.092Z","versionId":"1","labels":{"deployment-tool":"cli-firebase","deployment-callable":"true","firebase-functions-hash":"74436fef8c2ebebe3f9c654a6faa2958a1c805fc"},"sourceUploadUrl":"https://storage.googleapis.com/uploads-836972235469.us-central1.cloudfunctions.appspot.com/02c1e8fa-c1af-4e22-a011-38b11d0d0528.zip?GoogleAccessId=service-832093857842@gcf-admin-robot.iam.gserviceaccount.com&Expires=1786331467&Signature=VvDa9HDI3UGM%2FHi4yzU0DUDtxVA0ODbyjK8rjmhZpl77FapwR07yYG27cQvoJq%2FbMXoMdUggMWprpHUxcf63d7X8h7jiO6%2BSK2ngf0ma1u6LkFIZoa%2B%2BhfP4Unu%2BIQLcRs8jHKSJ2C8sXkOilNPe79mOMk3j7FUY9rXyKnX5%2FfOmcW%2F4hkPOqwpVLpIYBugYydoJERfEWFy9K%2BiV0LWOSGO352HW7CqGsJeH94c7yxILlbtxT0CeuMlbuDICtHh01cH2GPxtt0OyBMx4ZN9EzDxFrzQPR7z9zuLdS36mHKN6JhFDX6Nvc%2FRxcDM2DV5SHCcPUiaAa7qZ6QPoNWrVjQ%3D%3D","environmentVariables":{"FIREBASE_CONFIG":"{\"projectId\":\"refreshing-website\",\"storageBucket\":\"refreshing-website.firebasestorage.app\"}","GCLOUD_PROJECT":"refreshing-website","EVENTARC_CLOUD_EVENT_SOURCE":"projects/refreshing-website/locations/us-central1/functions/createInvite"},"runtime":"nodejs20","buildId":"6526f45b-d73c-4974-a3a2-a2b7a9ea1a1e","buildEnvironmentVariables":{"GOOGLE_NODE_RUN_SCRIPTS":""},"sourceToken":"f57d6fd0-2c70-4ab7-b944-19aed713bef8","buildName":"projects/832093857842/locations/us-central1/builds/6526f45b-d73c-4974-a3a2-a2b7a9ea1a1e","dockerRegistry":"ARTIFACT_REGISTRY","automaticUpdatePolicy":{},"buildServiceAccount":"projects/refreshing-website/serviceAccounts/832093857842-compute@developer.gserviceaccount.com"},"versionId":"2","updateTime":"2026-08-10T02:42:00Z","sourceToken":"f57d6fd0-2c70-4ab7-b944-19aed713bef8"}}
[2026-08-10T02:42:01.617Z] Got source token f57d6fd0-2c70-4ab7-b944-19aed713bef8 for region us-central1
[2026-08-10T02:42:02.160Z] [update-default-us-central1-createInvite] Retrying task index 0
[2026-08-10T02:42:02.161Z] Checked if tokens are valid: true, expires at: 1786331729344
[2026-08-10T02:42:02.161Z] Checked if tokens are valid: true, expires at: 1786331729344
[2026-08-10T02:42:02.161Z] >>> [apiv2][query] GET https://cloudfunctions.googleapis.com/v1/operations/cmVmcmVzaGluZy13ZWJzaXRlL3VzLWNlbnRyYWwxL2NyZWF0ZUludml0ZS9Lamh4T3E2ZHQ0dw [none]
[2026-08-10T02:42:02.517Z] <<< [apiv2][status] GET https://cloudfunctions.googleapis.com/v1/operations/cmVmcmVzaGluZy13ZWJzaXRlL3VzLWNlbnRyYWwxL2NyZWF0ZUludml0ZS9Lamh4T3E2ZHQ0dw 200
[2026-08-10T02:42:02.518Z] <<< [apiv2][body] GET https://cloudfunctions.googleapis.com/v1/operations/cmVmcmVzaGluZy13ZWJzaXRlL3VzLWNlbnRyYWwxL2NyZWF0ZUludml0ZS9Lamh4T3E2ZHQ0dw {"name":"operations/cmVmcmVzaGluZy13ZWJzaXRlL3VzLWNlbnRyYWwxL2NyZWF0ZUludml0ZS9Lamh4T3E2ZHQ0dw","metadata":{"@type":"type.googleapis.com/google.cloud.functions.v1.OperationMetadataV1","target":"projects/refreshing-website/locations/us-central1/functions/createInvite","type":"UPDATE_FUNCTION","request":{"@type":"type.googleapis.com/google.cloud.functions.v1.CloudFunction","name":"projects/refreshing-website/locations/us-central1/functions/createInvite","httpsTrigger":{"url":"https://us-central1-refreshing-website.cloudfunctions.net/createInvite","securityLevel":"SECURE_ALWAYS"},"status":"ACTIVE","entryPoint":"createInvite","updateTime":"2026-08-10T02:41:51.092Z","versionId":"1","labels":{"deployment-tool":"cli-firebase","deployment-callable":"true","firebase-functions-hash":"74436fef8c2ebebe3f9c654a6faa2958a1c805fc"},"sourceUploadUrl":"https://storage.googleapis.com/uploads-836972235469.us-central1.cloudfunctions.appspot.com/02c1e8fa-c1af-4e22-a011-38b11d0d0528.zip?GoogleAccessId=service-832093857842@gcf-admin-robot.iam.gserviceaccount.com&Expires=1786331467&Signature=VvDa9HDI3UGM%2FHi4yzU0DUDtxVA0ODbyjK8rjmhZpl77FapwR07yYG27cQvoJq%2FbMXoMdUggMWprpHUxcf63d7X8h7jiO6%2BSK2ngf0ma1u6LkFIZoa%2B%2BhfP4Unu%2BIQLcRs8jHKSJ2C8sXkOilNPe79mOMk3j7FUY9rXyKnX5%2FfOmcW%2F4hkPOqwpVLpIYBugYydoJERfEWFy9K%2BiV0LWOSGO352HW7CqGsJeH94c7yxILlbtxT0CeuMlbuDICtHh01cH2GPxtt0OyBMx4ZN9EzDxFrzQPR7z9zuLdS36mHKN6JhFDX6Nvc%2FRxcDM2DV5SHCcPUiaAa7qZ6QPoNWrVjQ%3D%3D","environmentVariables":{"FIREBASE_CONFIG":"{\"projectId\":\"refreshing-website\",\"storageBucket\":\"refreshing-website.firebasestorage.app\"}","GCLOUD_PROJECT":"refreshing-website","EVENTARC_CLOUD_EVENT_SOURCE":"projects/refreshing-website/locations/us-central1/functions/createInvite"},"runtime":"nodejs20","buildId":"6526f45b-d73c-4974-a3a2-a2b7a9ea1a1e","buildEnvironmentVariables":{"GOOGLE_NODE_RUN_SCRIPTS":""},"sourceToken":"f57d6fd0-2c70-4ab7-b944-19aed713bef8","buildName":"projects/832093857842/locations/us-central1/builds/6526f45b-d73c-4974-a3a2-a2b7a9ea1a1e","dockerRegistry":"ARTIFACT_REGISTRY","automaticUpdatePolicy":{},"buildServiceAccount":"projects/refreshing-website/serviceAccounts/832093857842-compute@developer.gserviceaccount.com"},"versionId":"2","updateTime":"2026-08-10T02:42:00Z","buildId":"a2631d9f-7979-4f48-b87a-42a1da1146b3","sourceToken":"f57d6fd0-2c70-4ab7-b944-19aed713bef8","buildName":"projects/832093857842/locations/us-central1/builds/a2631d9f-7979-4f48-b87a-42a1da1146b3"}}
[2026-08-10T02:42:02.518Z] Got source token f57d6fd0-2c70-4ab7-b944-19aed713bef8 for region us-central1
[2026-08-10T02:42:03.519Z] [update-default-us-central1-createInvite] Retrying task index 0
[2026-08-10T02:42:03.519Z] Checked if tokens are valid: true, expires at: 1786331729344
[2026-08-10T02:42:03.519Z] Checked if tokens are valid: true, expires at: 1786331729344
[2026-08-10T02:42:03.520Z] >>> [apiv2][query] GET https://cloudfunctions.googleapis.com/v1/operations/cmVmcmVzaGluZy13ZWJzaXRlL3VzLWNlbnRyYWwxL2NyZWF0ZUludml0ZS9Lamh4T3E2ZHQ0dw [none]
[2026-08-10T02:42:03.880Z] <<< [apiv2][status] GET https://cloudfunctions.googleapis.com/v1/operations/cmVmcmVzaGluZy13ZWJzaXRlL3VzLWNlbnRyYWwxL2NyZWF0ZUludml0ZS9Lamh4T3E2ZHQ0dw 200
[2026-08-10T02:42:03.880Z] <<< [apiv2][body] GET https://cloudfunctions.googleapis.com/v1/operations/cmVmcmVzaGluZy13ZWJzaXRlL3VzLWNlbnRyYWwxL2NyZWF0ZUludml0ZS9Lamh4T3E2ZHQ0dw {"name":"operations/cmVmcmVzaGluZy13ZWJzaXRlL3VzLWNlbnRyYWwxL2NyZWF0ZUludml0ZS9Lamh4T3E2ZHQ0dw","metadata":{"@type":"type.googleapis.com/google.cloud.functions.v1.OperationMetadataV1","target":"projects/refreshing-website/locations/us-central1/functions/createInvite","type":"UPDATE_FUNCTION","request":{"@type":"type.googleapis.com/google.cloud.functions.v1.CloudFunction","name":"projects/refreshing-website/locations/us-central1/functions/createInvite","httpsTrigger":{"url":"https://us-central1-refreshing-website.cloudfunctions.net/createInvite","securityLevel":"SECURE_ALWAYS"},"status":"ACTIVE","entryPoint":"createInvite","updateTime":"2026-08-10T02:41:51.092Z","versionId":"1","labels":{"deployment-tool":"cli-firebase","deployment-callable":"true","firebase-functions-hash":"74436fef8c2ebebe3f9c654a6faa2958a1c805fc"},"sourceUploadUrl":"https://storage.googleapis.com/uploads-836972235469.us-central1.cloudfunctions.appspot.com/02c1e8fa-c1af-4e22-a011-38b11d0d0528.zip?GoogleAccessId=service-832093857842@gcf-admin-robot.iam.gserviceaccount.com&Expires=1786331467&Signature=VvDa9HDI3UGM%2FHi4yzU0DUDtxVA0ODbyjK8rjmhZpl77FapwR07yYG27cQvoJq%2FbMXoMdUggMWprpHUxcf63d7X8h7jiO6%2BSK2ngf0ma1u6LkFIZoa%2B%2BhfP4Unu%2BIQLcRs8jHKSJ2C8sXkOilNPe79mOMk3j7FUY9rXyKnX5%2FfOmcW%2F4hkPOqwpVLpIYBugYydoJERfEWFy9K%2BiV0LWOSGO352HW7CqGsJeH94c7yxILlbtxT0CeuMlbuDICtHh01cH2GPxtt0OyBMx4ZN9EzDxFrzQPR7z9zuLdS36mHKN6JhFDX6Nvc%2FRxcDM2DV5SHCcPUiaAa7qZ6QPoNWrVjQ%3D%3D","environmentVariables":{"FIREBASE_CONFIG":"{\"projectId\":\"refreshing-website\",\"storageBucket\":\"refreshing-website.firebasestorage.app\"}","GCLOUD_PROJECT":"refreshing-website","EVENTARC_CLOUD_EVENT_SOURCE":"projects/refreshing-website/locations/us-central1/functions/createInvite"},"runtime":"nodejs20","buildId":"6526f45b-d73c-4974-a3a2-a2b7a9ea1a1e","buildEnvironmentVariables":{"GOOGLE_NODE_RUN_SCRIPTS":""},"sourceToken":"f57d6fd0-2c70-4ab7-b944-19aed713bef8","buildName":"projects/832093857842/locations/us-central1/builds/6526f45b-d73c-4974-a3a2-a2b7a9ea1a1e","dockerRegistry":"ARTIFACT_REGISTRY","automaticUpdatePolicy":{},"buildServiceAccount":"projects/refreshing-website/serviceAccounts/832093857842-compute@developer.gserviceaccount.com"},"versionId":"2","updateTime":"2026-08-10T02:42:00Z","buildId":"a2631d9f-7979-4f48-b87a-42a1da1146b3","sourceToken":"f57d6fd0-2c70-4ab7-b944-19aed713bef8","buildName":"projects/832093857842/locations/us-central1/builds/a2631d9f-7979-4f48-b87a-42a1da1146b3"}}
[2026-08-10T02:42:03.880Z] Got source token f57d6fd0-2c70-4ab7-b944-19aed713bef8 for region us-central1
[2026-08-10T02:42:05.880Z] [update-default-us-central1-createInvite] Retrying task index 0
[2026-08-10T02:42:05.881Z] Checked if tokens are valid: true, expires at: 1786331729344
[2026-08-10T02:42:05.881Z] Checked if tokens are valid: true, expires at: 1786331729344
[2026-08-10T02:42:05.881Z] >>> [apiv2][query] GET https://cloudfunctions.googleapis.com/v1/operations/cmVmcmVzaGluZy13ZWJzaXRlL3VzLWNlbnRyYWwxL2NyZWF0ZUludml0ZS9Lamh4T3E2ZHQ0dw [none]
[2026-08-10T02:42:06.228Z] <<< [apiv2][status] GET https://cloudfunctions.googleapis.com/v1/operations/cmVmcmVzaGluZy13ZWJzaXRlL3VzLWNlbnRyYWwxL2NyZWF0ZUludml0ZS9Lamh4T3E2ZHQ0dw 200
[2026-08-10T02:42:06.229Z] <<< [apiv2][body] GET https://cloudfunctions.googleapis.com/v1/operations/cmVmcmVzaGluZy13ZWJzaXRlL3VzLWNlbnRyYWwxL2NyZWF0ZUludml0ZS9Lamh4T3E2ZHQ0dw {"name":"operations/cmVmcmVzaGluZy13ZWJzaXRlL3VzLWNlbnRyYWwxL2NyZWF0ZUludml0ZS9Lamh4T3E2ZHQ0dw","metadata":{"@type":"type.googleapis.com/google.cloud.functions.v1.OperationMetadataV1","target":"projects/refreshing-website/locations/us-central1/functions/createInvite","type":"UPDATE_FUNCTION","request":{"@type":"type.googleapis.com/google.cloud.functions.v1.CloudFunction","name":"projects/refreshing-website/locations/us-central1/functions/createInvite","httpsTrigger":{"url":"https://us-central1-refreshing-website.cloudfunctions.net/createInvite","securityLevel":"SECURE_ALWAYS"},"status":"ACTIVE","entryPoint":"createInvite","updateTime":"2026-08-10T02:41:51.092Z","versionId":"1","labels":{"deployment-tool":"cli-firebase","deployment-callable":"true","firebase-functions-hash":"74436fef8c2ebebe3f9c654a6faa2958a1c805fc"},"sourceUploadUrl":"https://storage.googleapis.com/uploads-836972235469.us-central1.cloudfunctions.appspot.com/02c1e8fa-c1af-4e22-a011-38b11d0d0528.zip?GoogleAccessId=service-832093857842@gcf-admin-robot.iam.gserviceaccount.com&Expires=1786331467&Signature=VvDa9HDI3UGM%2FHi4yzU0DUDtxVA0ODbyjK8rjmhZpl77FapwR07yYG27cQvoJq%2FbMXoMdUggMWprpHUxcf63d7X8h7jiO6%2BSK2ngf0ma1u6LkFIZoa%2B%2BhfP4Unu%2BIQLcRs8jHKSJ2C8sXkOilNPe79mOMk3j7FUY9rXyKnX5%2FfOmcW%2F4hkPOqwpVLpIYBugYydoJERfEWFy9K%2BiV0LWOSGO352HW7CqGsJeH94c7yxILlbtxT0CeuMlbuDICtHh01cH2GPxtt0OyBMx4ZN9EzDxFrzQPR7z9zuLdS36mHKN6JhFDX6Nvc%2FRxcDM2DV5SHCcPUiaAa7qZ6QPoNWrVjQ%3D%3D","environmentVariables":{"FIREBASE_CONFIG":"{\"projectId\":\"refreshing-website\",\"storageBucket\":\"refreshing-website.firebasestorage.app\"}","GCLOUD_PROJECT":"refreshing-website","EVENTARC_CLOUD_EVENT_SOURCE":"projects/refreshing-website/locations/us-central1/functions/createInvite"},"runtime":"nodejs20","buildId":"6526f45b-d73c-4974-a3a2-a2b7a9ea1a1e","buildEnvironmentVariables":{"GOOGLE_NODE_RUN_SCRIPTS":""},"sourceToken":"f57d6fd0-2c70-4ab7-b944-19aed713bef8","buildName":"projects/832093857842/locations/us-central1/builds/6526f45b-d73c-4974-a3a2-a2b7a9ea1a1e","dockerRegistry":"ARTIFACT_REGISTRY","automaticUpdatePolicy":{},"buildServiceAccount":"projects/refreshing-website/serviceAccounts/832093857842-compute@developer.gserviceaccount.com"},"versionId":"2","updateTime":"2026-08-10T02:42:00Z","buildId":"a2631d9f-7979-4f48-b87a-42a1da1146b3","sourceToken":"f57d6fd0-2c70-4ab7-b944-19aed713bef8","buildName":"projects/832093857842/locations/us-central1/builds/a2631d9f-7979-4f48-b87a-42a1da1146b3"}}
[2026-08-10T02:42:06.229Z] Got source token f57d6fd0-2c70-4ab7-b944-19aed713bef8 for region us-central1
[2026-08-10T02:42:10.200Z] [create-default-us-central1-acceptInvite] Retrying task index 0
[2026-08-10T02:42:10.206Z] Checked if tokens are valid: true, expires at: 1786331729344
[2026-08-10T02:42:10.206Z] Checked if tokens are valid: true, expires at: 1786331729344
[2026-08-10T02:42:10.207Z] >>> [apiv2][query] GET https://cloudfunctions.googleapis.com/v1/operations/cHJvamVjdHMvcmVmcmVzaGluZy13ZWJzaXRlL2xvY2F0aW9ucy91cy1jZW50cmFsMS9vcGVyYXRpb25zL29wZXJhdGlvbi0xNzg2MzI5NjY5NTY5LTY1OGE4NDk2ODBiNDktYWMwMzZjMGItMTgzZjRlMGI [none]
[2026-08-10T02:42:10.231Z] [update-default-us-central1-createInvite] Retrying task index 0
[2026-08-10T02:42:10.232Z] Checked if tokens are valid: true, expires at: 1786331729344
[2026-08-10T02:42:10.232Z] Checked if tokens are valid: true, expires at: 1786331729344
[2026-08-10T02:42:10.232Z] >>> [apiv2][query] GET https://cloudfunctions.googleapis.com/v1/operations/cmVmcmVzaGluZy13ZWJzaXRlL3VzLWNlbnRyYWwxL2NyZWF0ZUludml0ZS9Lamh4T3E2ZHQ0dw [none]
[2026-08-10T02:42:10.529Z] <<< [apiv2][status] GET https://cloudfunctions.googleapis.com/v1/operations/cHJvamVjdHMvcmVmcmVzaGluZy13ZWJzaXRlL2xvY2F0aW9ucy91cy1jZW50cmFsMS9vcGVyYXRpb25zL29wZXJhdGlvbi0xNzg2MzI5NjY5NTY5LTY1OGE4NDk2ODBiNDktYWMwMzZjMGItMTgzZjRlMGI 200
[2026-08-10T02:42:10.529Z] <<< [apiv2][body] GET https://cloudfunctions.googleapis.com/v1/operations/cHJvamVjdHMvcmVmcmVzaGluZy13ZWJzaXRlL2xvY2F0aW9ucy91cy1jZW50cmFsMS9vcGVyYXRpb25zL29wZXJhdGlvbi0xNzg2MzI5NjY5NTY5LTY1OGE4NDk2ODBiNDktYWMwMzZjMGItMTgzZjRlMGI {"name":"operations/cHJvamVjdHMvcmVmcmVzaGluZy13ZWJzaXRlL2xvY2F0aW9ucy91cy1jZW50cmFsMS9vcGVyYXRpb25zL29wZXJhdGlvbi0xNzg2MzI5NjY5NTY5LTY1OGE4NDk2ODBiNDktYWMwMzZjMGItMTgzZjRlMGI","metadata":{"@type":"type.googleapis.com/google.cloud.functions.v1.OperationMetadataV1","target":"projects/refreshing-website/locations/us-central1/functions/acceptInvite","type":"CREATE_FUNCTION","request":{"@type":"type.googleapis.com/google.cloud.functions.v1.CloudFunction","name":"projects/refreshing-website/locations/us-central1/functions/acceptInvite","httpsTrigger":{"securityLevel":"SECURE_ALWAYS"},"entryPoint":"acceptInvite","updateTime":"1970-01-01T00:00:00Z","labels":{"deployment-tool":"cli-firebase","deployment-callable":"true","firebase-functions-hash":"74436fef8c2ebebe3f9c654a6faa2958a1c805fc"},"sourceUploadUrl":"https://storage.googleapis.com/uploads-836972235469.us-central1.cloudfunctions.appspot.com/02c1e8fa-c1af-4e22-a011-38b11d0d0528.zip?GoogleAccessId=service-832093857842@gcf-admin-robot.iam.gserviceaccount.com&Expires=1786331467&Signature=VvDa9HDI3UGM%2FHi4yzU0DUDtxVA0ODbyjK8rjmhZpl77FapwR07yYG27cQvoJq%2FbMXoMdUggMWprpHUxcf63d7X8h7jiO6%2BSK2ngf0ma1u6LkFIZoa%2B%2BhfP4Unu%2BIQLcRs8jHKSJ2C8sXkOilNPe79mOMk3j7FUY9rXyKnX5%2FfOmcW%2F4hkPOqwpVLpIYBugYydoJERfEWFy9K%2BiV0LWOSGO352HW7CqGsJeH94c7yxILlbtxT0CeuMlbuDICtHh01cH2GPxtt0OyBMx4ZN9EzDxFrzQPR7z9zuLdS36mHKN6JhFDX6Nvc%2FRxcDM2DV5SHCcPUiaAa7qZ6QPoNWrVjQ%3D%3D","environmentVariables":{"FIREBASE_CONFIG":"{\"projectId\":\"refreshing-website\",\"storageBucket\":\"refreshing-website.firebasestorage.app\"}","GCLOUD_PROJECT":"refreshing-website","EVENTARC_CLOUD_EVENT_SOURCE":"projects/refreshing-website/locations/us-central1/functions/acceptInvite"},"runtime":"nodejs20","buildEnvironmentVariables":{"GOOGLE_NODE_RUN_SCRIPTS":""},"dockerRegistry":"ARTIFACT_REGISTRY"},"versionId":"1","updateTime":"2026-08-10T02:41:09.945832903Z","buildId":"a2631d9f-7979-4f48-b87a-42a1da1146b3","sourceToken":"f57d6fd0-2c70-4ab7-b944-19aed713bef8","buildName":"projects/832093857842/locations/us-central1/builds/a2631d9f-7979-4f48-b87a-42a1da1146b3"}}
[2026-08-10T02:42:10.530Z] Got source token f57d6fd0-2c70-4ab7-b944-19aed713bef8 for region us-central1
[2026-08-10T02:42:10.745Z] <<< [apiv2][status] GET https://cloudfunctions.googleapis.com/v1/operations/cmVmcmVzaGluZy13ZWJzaXRlL3VzLWNlbnRyYWwxL2NyZWF0ZUludml0ZS9Lamh4T3E2ZHQ0dw 200
[2026-08-10T02:42:10.745Z] <<< [apiv2][body] GET https://cloudfunctions.googleapis.com/v1/operations/cmVmcmVzaGluZy13ZWJzaXRlL3VzLWNlbnRyYWwxL2NyZWF0ZUludml0ZS9Lamh4T3E2ZHQ0dw {"name":"operations/cmVmcmVzaGluZy13ZWJzaXRlL3VzLWNlbnRyYWwxL2NyZWF0ZUludml0ZS9Lamh4T3E2ZHQ0dw","metadata":{"@type":"type.googleapis.com/google.cloud.functions.v1.OperationMetadataV1","target":"projects/refreshing-website/locations/us-central1/functions/createInvite","type":"UPDATE_FUNCTION","request":{"@type":"type.googleapis.com/google.cloud.functions.v1.CloudFunction","name":"projects/refreshing-website/locations/us-central1/functions/createInvite","httpsTrigger":{"url":"https://us-central1-refreshing-website.cloudfunctions.net/createInvite","securityLevel":"SECURE_ALWAYS"},"status":"ACTIVE","entryPoint":"createInvite","updateTime":"2026-08-10T02:41:51.092Z","versionId":"1","labels":{"deployment-tool":"cli-firebase","deployment-callable":"true","firebase-functions-hash":"74436fef8c2ebebe3f9c654a6faa2958a1c805fc"},"sourceUploadUrl":"https://storage.googleapis.com/uploads-836972235469.us-central1.cloudfunctions.appspot.com/02c1e8fa-c1af-4e22-a011-38b11d0d0528.zip?GoogleAccessId=service-832093857842@gcf-admin-robot.iam.gserviceaccount.com&Expires=1786331467&Signature=VvDa9HDI3UGM%2FHi4yzU0DUDtxVA0ODbyjK8rjmhZpl77FapwR07yYG27cQvoJq%2FbMXoMdUggMWprpHUxcf63d7X8h7jiO6%2BSK2ngf0ma1u6LkFIZoa%2B%2BhfP4Unu%2BIQLcRs8jHKSJ2C8sXkOilNPe79mOMk3j7FUY9rXyKnX5%2FfOmcW%2F4hkPOqwpVLpIYBugYydoJERfEWFy9K%2BiV0LWOSGO352HW7CqGsJeH94c7yxILlbtxT0CeuMlbuDICtHh01cH2GPxtt0OyBMx4ZN9EzDxFrzQPR7z9zuLdS36mHKN6JhFDX6Nvc%2FRxcDM2DV5SHCcPUiaAa7qZ6QPoNWrVjQ%3D%3D","environmentVariables":{"FIREBASE_CONFIG":"{\"projectId\":\"refreshing-website\",\"storageBucket\":\"refreshing-website.firebasestorage.app\"}","GCLOUD_PROJECT":"refreshing-website","EVENTARC_CLOUD_EVENT_SOURCE":"projects/refreshing-website/locations/us-central1/functions/createInvite"},"runtime":"nodejs20","buildId":"6526f45b-d73c-4974-a3a2-a2b7a9ea1a1e","buildEnvironmentVariables":{"GOOGLE_NODE_RUN_SCRIPTS":""},"sourceToken":"f57d6fd0-2c70-4ab7-b944-19aed713bef8","buildName":"projects/832093857842/locations/us-central1/builds/6526f45b-d73c-4974-a3a2-a2b7a9ea1a1e","dockerRegistry":"ARTIFACT_REGISTRY","automaticUpdatePolicy":{},"buildServiceAccount":"projects/refreshing-website/serviceAccounts/832093857842-compute@developer.gserviceaccount.com"},"versionId":"2","updateTime":"2026-08-10T02:42:00Z","buildId":"a2631d9f-7979-4f48-b87a-42a1da1146b3","sourceToken":"f57d6fd0-2c70-4ab7-b944-19aed713bef8","buildName":"projects/832093857842/locations/us-central1/builds/a2631d9f-7979-4f48-b87a-42a1da1146b3"}}
[2026-08-10T02:42:10.745Z] Got source token f57d6fd0-2c70-4ab7-b944-19aed713bef8 for region us-central1
[2026-08-10T02:42:18.748Z] [update-default-us-central1-createInvite] Retrying task index 0
[2026-08-10T02:42:18.748Z] Checked if tokens are valid: true, expires at: 1786331729344
[2026-08-10T02:42:18.749Z] Checked if tokens are valid: true, expires at: 1786331729344
[2026-08-10T02:42:18.749Z] >>> [apiv2][query] GET https://cloudfunctions.googleapis.com/v1/operations/cmVmcmVzaGluZy13ZWJzaXRlL3VzLWNlbnRyYWwxL2NyZWF0ZUludml0ZS9Lamh4T3E2ZHQ0dw [none]
[2026-08-10T02:42:19.318Z] <<< [apiv2][status] GET https://cloudfunctions.googleapis.com/v1/operations/cmVmcmVzaGluZy13ZWJzaXRlL3VzLWNlbnRyYWwxL2NyZWF0ZUludml0ZS9Lamh4T3E2ZHQ0dw 200
[2026-08-10T02:42:19.318Z] <<< [apiv2][body] GET https://cloudfunctions.googleapis.com/v1/operations/cmVmcmVzaGluZy13ZWJzaXRlL3VzLWNlbnRyYWwxL2NyZWF0ZUludml0ZS9Lamh4T3E2ZHQ0dw {"name":"operations/cmVmcmVzaGluZy13ZWJzaXRlL3VzLWNlbnRyYWwxL2NyZWF0ZUludml0ZS9Lamh4T3E2ZHQ0dw","metadata":{"@type":"type.googleapis.com/google.cloud.functions.v1.OperationMetadataV1","target":"projects/refreshing-website/locations/us-central1/functions/createInvite","type":"UPDATE_FUNCTION","request":{"@type":"type.googleapis.com/google.cloud.functions.v1.CloudFunction","name":"projects/refreshing-website/locations/us-central1/functions/createInvite","httpsTrigger":{"url":"https://us-central1-refreshing-website.cloudfunctions.net/createInvite","securityLevel":"SECURE_ALWAYS"},"status":"ACTIVE","entryPoint":"createInvite","updateTime":"2026-08-10T02:41:51.092Z","versionId":"1","labels":{"deployment-tool":"cli-firebase","deployment-callable":"true","firebase-functions-hash":"74436fef8c2ebebe3f9c654a6faa2958a1c805fc"},"sourceUploadUrl":"https://storage.googleapis.com/uploads-836972235469.us-central1.cloudfunctions.appspot.com/02c1e8fa-c1af-4e22-a011-38b11d0d0528.zip?GoogleAccessId=service-832093857842@gcf-admin-robot.iam.gserviceaccount.com&Expires=1786331467&Signature=VvDa9HDI3UGM%2FHi4yzU0DUDtxVA0ODbyjK8rjmhZpl77FapwR07yYG27cQvoJq%2FbMXoMdUggMWprpHUxcf63d7X8h7jiO6%2BSK2ngf0ma1u6LkFIZoa%2B%2BhfP4Unu%2BIQLcRs8jHKSJ2C8sXkOilNPe79mOMk3j7FUY9rXyKnX5%2FfOmcW%2F4hkPOqwpVLpIYBugYydoJERfEWFy9K%2BiV0LWOSGO352HW7CqGsJeH94c7yxILlbtxT0CeuMlbuDICtHh01cH2GPxtt0OyBMx4ZN9EzDxFrzQPR7z9zuLdS36mHKN6JhFDX6Nvc%2FRxcDM2DV5SHCcPUiaAa7qZ6QPoNWrVjQ%3D%3D","environmentVariables":{"FIREBASE_CONFIG":"{\"projectId\":\"refreshing-website\",\"storageBucket\":\"refreshing-website.firebasestorage.app\"}","GCLOUD_PROJECT":"refreshing-website","EVENTARC_CLOUD_EVENT_SOURCE":"projects/refreshing-website/locations/us-central1/functions/createInvite"},"runtime":"nodejs20","buildId":"6526f45b-d73c-4974-a3a2-a2b7a9ea1a1e","buildEnvironmentVariables":{"GOOGLE_NODE_RUN_SCRIPTS":""},"sourceToken":"f57d6fd0-2c70-4ab7-b944-19aed713bef8","buildName":"projects/832093857842/locations/us-central1/builds/6526f45b-d73c-4974-a3a2-a2b7a9ea1a1e","dockerRegistry":"ARTIFACT_REGISTRY","automaticUpdatePolicy":{},"buildServiceAccount":"projects/refreshing-website/serviceAccounts/832093857842-compute@developer.gserviceaccount.com"},"versionId":"2","updateTime":"2026-08-10T02:42:00Z","buildId":"a2631d9f-7979-4f48-b87a-42a1da1146b3","sourceToken":"f57d6fd0-2c70-4ab7-b944-19aed713bef8","buildName":"projects/832093857842/locations/us-central1/builds/a2631d9f-7979-4f48-b87a-42a1da1146b3"}}
[2026-08-10T02:42:19.319Z] Got source token f57d6fd0-2c70-4ab7-b944-19aed713bef8 for region us-central1
[2026-08-10T02:42:20.530Z] [create-default-us-central1-acceptInvite] Retrying task index 0
[2026-08-10T02:42:20.531Z] Checked if tokens are valid: true, expires at: 1786331729344
[2026-08-10T02:42:20.531Z] Checked if tokens are valid: true, expires at: 1786331729344
[2026-08-10T02:42:20.531Z] >>> [apiv2][query] GET https://cloudfunctions.googleapis.com/v1/operations/cHJvamVjdHMvcmVmcmVzaGluZy13ZWJzaXRlL2xvY2F0aW9ucy91cy1jZW50cmFsMS9vcGVyYXRpb25zL29wZXJhdGlvbi0xNzg2MzI5NjY5NTY5LTY1OGE4NDk2ODBiNDktYWMwMzZjMGItMTgzZjRlMGI [none]
[2026-08-10T02:42:20.882Z] <<< [apiv2][status] GET https://cloudfunctions.googleapis.com/v1/operations/cHJvamVjdHMvcmVmcmVzaGluZy13ZWJzaXRlL2xvY2F0aW9ucy91cy1jZW50cmFsMS9vcGVyYXRpb25zL29wZXJhdGlvbi0xNzg2MzI5NjY5NTY5LTY1OGE4NDk2ODBiNDktYWMwMzZjMGItMTgzZjRlMGI 200
[2026-08-10T02:42:20.883Z] <<< [apiv2][body] GET https://cloudfunctions.googleapis.com/v1/operations/cHJvamVjdHMvcmVmcmVzaGluZy13ZWJzaXRlL2xvY2F0aW9ucy91cy1jZW50cmFsMS9vcGVyYXRpb25zL29wZXJhdGlvbi0xNzg2MzI5NjY5NTY5LTY1OGE4NDk2ODBiNDktYWMwMzZjMGItMTgzZjRlMGI {"name":"operations/cHJvamVjdHMvcmVmcmVzaGluZy13ZWJzaXRlL2xvY2F0aW9ucy91cy1jZW50cmFsMS9vcGVyYXRpb25zL29wZXJhdGlvbi0xNzg2MzI5NjY5NTY5LTY1OGE4NDk2ODBiNDktYWMwMzZjMGItMTgzZjRlMGI","metadata":{"@type":"type.googleapis.com/google.cloud.functions.v1.OperationMetadataV1","target":"projects/refreshing-website/locations/us-central1/functions/acceptInvite","type":"CREATE_FUNCTION","request":{"@type":"type.googleapis.com/google.cloud.functions.v1.CloudFunction","name":"projects/refreshing-website/locations/us-central1/functions/acceptInvite","httpsTrigger":{"securityLevel":"SECURE_ALWAYS"},"entryPoint":"acceptInvite","updateTime":"1970-01-01T00:00:00Z","labels":{"deployment-tool":"cli-firebase","deployment-callable":"true","firebase-functions-hash":"74436fef8c2ebebe3f9c654a6faa2958a1c805fc"},"sourceUploadUrl":"https://storage.googleapis.com/uploads-836972235469.us-central1.cloudfunctions.appspot.com/02c1e8fa-c1af-4e22-a011-38b11d0d0528.zip?GoogleAccessId=service-832093857842@gcf-admin-robot.iam.gserviceaccount.com&Expires=1786331467&Signature=VvDa9HDI3UGM%2FHi4yzU0DUDtxVA0ODbyjK8rjmhZpl77FapwR07yYG27cQvoJq%2FbMXoMdUggMWprpHUxcf63d7X8h7jiO6%2BSK2ngf0ma1u6LkFIZoa%2B%2BhfP4Unu%2BIQLcRs8jHKSJ2C8sXkOilNPe79mOMk3j7FUY9rXyKnX5%2FfOmcW%2F4hkPOqwpVLpIYBugYydoJERfEWFy9K%2BiV0LWOSGO352HW7CqGsJeH94c7yxILlbtxT0CeuMlbuDICtHh01cH2GPxtt0OyBMx4ZN9EzDxFrzQPR7z9zuLdS36mHKN6JhFDX6Nvc%2FRxcDM2DV5SHCcPUiaAa7qZ6QPoNWrVjQ%3D%3D","environmentVariables":{"FIREBASE_CONFIG":"{\"projectId\":\"refreshing-website\",\"storageBucket\":\"refreshing-website.firebasestorage.app\"}","GCLOUD_PROJECT":"refreshing-website","EVENTARC_CLOUD_EVENT_SOURCE":"projects/refreshing-website/locations/us-central1/functions/acceptInvite"},"runtime":"nodejs20","buildEnvironmentVariables":{"GOOGLE_NODE_RUN_SCRIPTS":""},"dockerRegistry":"ARTIFACT_REGISTRY"},"versionId":"1","updateTime":"2026-08-10T02:42:18.886679509Z","buildId":"a2631d9f-7979-4f48-b87a-42a1da1146b3","sourceToken":"f57d6fd0-2c70-4ab7-b944-19aed713bef8","buildName":"projects/832093857842/locations/us-central1/builds/a2631d9f-7979-4f48-b87a-42a1da1146b3"},"done":true,"response":{"@type":"type.googleapis.com/google.cloud.functions.v1.CloudFunction","name":"projects/refreshing-website/locations/us-central1/functions/acceptInvite","httpsTrigger":{"url":"https://us-central1-refreshing-website.cloudfunctions.net/acceptInvite","securityLevel":"SECURE_ALWAYS"},"status":"ACTIVE","entryPoint":"acceptInvite","timeout":"60s","availableMemoryMb":256,"serviceAccountEmail":"refreshing-website@appspot.gserviceaccount.com","updateTime":"2026-08-10T02:41:09.939232989Z","versionId":"1","labels":{"deployment-tool":"cli-firebase","deployment-callable":"true","firebase-functions-hash":"74436fef8c2ebebe3f9c654a6faa2958a1c805fc"},"sourceUploadUrl":"https://storage.googleapis.com/uploads-836972235469.us-central1.cloudfunctions.appspot.com/02c1e8fa-c1af-4e22-a011-38b11d0d0528.zip","environmentVariables":{"FIREBASE_CONFIG":"{\"projectId\":\"refreshing-website\",\"storageBucket\":\"refreshing-website.firebasestorage.app\"}","GCLOUD_PROJECT":"refreshing-website","EVENTARC_CLOUD_EVENT_SOURCE":"projects/refreshing-website/locations/us-central1/functions/acceptInvite"},"runtime":"nodejs20","ingressSettings":"ALLOW_ALL","buildId":"a2631d9f-7979-4f48-b87a-42a1da1146b3","buildEnvironmentVariables":{"GOOGLE_NODE_RUN_SCRIPTS":""},"buildName":"projects/832093857842/locations/us-central1/builds/a2631d9f-7979-4f48-b87a-42a1da1146b3","dockerRegistry":"ARTIFACT_REGISTRY","automaticUpdatePolicy":{},"buildServiceAccount":"projects/refreshing-website/serviceAccounts/832093857842-compute@developer.gserviceaccount.com","satisfiesPzi":true}}
[2026-08-10T02:42:20.883Z] Got source token f57d6fd0-2c70-4ab7-b944-19aed713bef8 for region us-central1
[2026-08-10T02:42:20.884Z] Checked if tokens are valid: true, expires at: 1786331729344
[2026-08-10T02:42:20.884Z] Checked if tokens are valid: true, expires at: 1786331729344
[2026-08-10T02:42:20.885Z] >>> [apiv2][query] POST https://cloudfunctions.googleapis.com/v1/projects/refreshing-website/locations/us-central1/functions/acceptInvite:setIamPolicy [none]
[2026-08-10T02:42:20.885Z] >>> [apiv2][body] POST https://cloudfunctions.googleapis.com/v1/projects/refreshing-website/locations/us-central1/functions/acceptInvite:setIamPolicy {"policy":{"bindings":[{"role":"roles/cloudfunctions.invoker","members":["allUsers"]}],"etag":"","version":3},"updateMask":"bindings,etag,version"}
[2026-08-10T02:42:21.438Z] <<< [apiv2][status] POST https://cloudfunctions.googleapis.com/v1/projects/refreshing-website/locations/us-central1/functions/acceptInvite:setIamPolicy 200
[2026-08-10T02:42:21.438Z] <<< [apiv2][body] POST https://cloudfunctions.googleapis.com/v1/projects/refreshing-website/locations/us-central1/functions/acceptInvite:setIamPolicy {"version":1,"etag":"BwZYqE2pQAM=","bindings":[{"role":"roles/cloudfunctions.invoker","members":["allUsers"]}]}
+  functions[acceptInvite(us-central1)] Successful create operation. 
[2026-08-10T02:42:29.322Z] [update-default-us-central1-createInvite] Retrying task index 0
[2026-08-10T02:42:29.323Z] Checked if tokens are valid: true, expires at: 1786331729344
[2026-08-10T02:42:29.323Z] Checked if tokens are valid: true, expires at: 1786331729344
[2026-08-10T02:42:29.323Z] >>> [apiv2][query] GET https://cloudfunctions.googleapis.com/v1/operations/cmVmcmVzaGluZy13ZWJzaXRlL3VzLWNlbnRyYWwxL2NyZWF0ZUludml0ZS9Lamh4T3E2ZHQ0dw [none]
[2026-08-10T02:42:29.840Z] <<< [apiv2][status] GET https://cloudfunctions.googleapis.com/v1/operations/cmVmcmVzaGluZy13ZWJzaXRlL3VzLWNlbnRyYWwxL2NyZWF0ZUludml0ZS9Lamh4T3E2ZHQ0dw 200
[2026-08-10T02:42:29.840Z] <<< [apiv2][body] GET https://cloudfunctions.googleapis.com/v1/operations/cmVmcmVzaGluZy13ZWJzaXRlL3VzLWNlbnRyYWwxL2NyZWF0ZUludml0ZS9Lamh4T3E2ZHQ0dw {"name":"operations/cmVmcmVzaGluZy13ZWJzaXRlL3VzLWNlbnRyYWwxL2NyZWF0ZUludml0ZS9Lamh4T3E2ZHQ0dw","metadata":{"@type":"type.googleapis.com/google.cloud.functions.v1.OperationMetadataV1","target":"projects/refreshing-website/locations/us-central1/functions/createInvite","type":"UPDATE_FUNCTION","request":{"@type":"type.googleapis.com/google.cloud.functions.v1.CloudFunction","name":"projects/refreshing-website/locations/us-central1/functions/createInvite","httpsTrigger":{"url":"https://us-central1-refreshing-website.cloudfunctions.net/createInvite","securityLevel":"SECURE_ALWAYS"},"status":"ACTIVE","entryPoint":"createInvite","updateTime":"2026-08-10T02:41:51.092Z","versionId":"1","labels":{"deployment-tool":"cli-firebase","deployment-callable":"true","firebase-functions-hash":"74436fef8c2ebebe3f9c654a6faa2958a1c805fc"},"sourceUploadUrl":"https://storage.googleapis.com/uploads-836972235469.us-central1.cloudfunctions.appspot.com/02c1e8fa-c1af-4e22-a011-38b11d0d0528.zip?GoogleAccessId=service-832093857842@gcf-admin-robot.iam.gserviceaccount.com&Expires=1786331467&Signature=VvDa9HDI3UGM%2FHi4yzU0DUDtxVA0ODbyjK8rjmhZpl77FapwR07yYG27cQvoJq%2FbMXoMdUggMWprpHUxcf63d7X8h7jiO6%2BSK2ngf0ma1u6LkFIZoa%2B%2BhfP4Unu%2BIQLcRs8jHKSJ2C8sXkOilNPe79mOMk3j7FUY9rXyKnX5%2FfOmcW%2F4hkPOqwpVLpIYBugYydoJERfEWFy9K%2BiV0LWOSGO352HW7CqGsJeH94c7yxILlbtxT0CeuMlbuDICtHh01cH2GPxtt0OyBMx4ZN9EzDxFrzQPR7z9zuLdS36mHKN6JhFDX6Nvc%2FRxcDM2DV5SHCcPUiaAa7qZ6QPoNWrVjQ%3D%3D","environmentVariables":{"FIREBASE_CONFIG":"{\"projectId\":\"refreshing-website\",\"storageBucket\":\"refreshing-website.firebasestorage.app\"}","GCLOUD_PROJECT":"refreshing-website","EVENTARC_CLOUD_EVENT_SOURCE":"projects/refreshing-website/locations/us-central1/functions/createInvite"},"runtime":"nodejs20","buildId":"6526f45b-d73c-4974-a3a2-a2b7a9ea1a1e","buildEnvironmentVariables":{"GOOGLE_NODE_RUN_SCRIPTS":""},"sourceToken":"f57d6fd0-2c70-4ab7-b944-19aed713bef8","buildName":"projects/832093857842/locations/us-central1/builds/6526f45b-d73c-4974-a3a2-a2b7a9ea1a1e","dockerRegistry":"ARTIFACT_REGISTRY","automaticUpdatePolicy":{},"buildServiceAccount":"projects/refreshing-website/serviceAccounts/832093857842-compute@developer.gserviceaccount.com"},"versionId":"2","updateTime":"2026-08-10T02:42:21Z","buildId":"a2631d9f-7979-4f48-b87a-42a1da1146b3","sourceToken":"f57d6fd0-2c70-4ab7-b944-19aed713bef8","buildName":"projects/832093857842/locations/us-central1/builds/a2631d9f-7979-4f48-b87a-42a1da1146b3"},"done":true,"response":{"@type":"type.googleapis.com/google.cloud.functions.v1.CloudFunction","name":"projects/refreshing-website/locations/us-central1/functions/createInvite","httpsTrigger":{"url":"https://us-central1-refreshing-website.cloudfunctions.net/createInvite","securityLevel":"SECURE_ALWAYS"},"status":"ACTIVE","entryPoint":"createInvite","timeout":"60s","availableMemoryMb":256,"serviceAccountEmail":"refreshing-website@appspot.gserviceaccount.com","updateTime":"2026-08-10T02:42:21.256Z","versionId":"2","labels":{"deployment-tool":"cli-firebase","deployment-callable":"true","firebase-functions-hash":"74436fef8c2ebebe3f9c654a6faa2958a1c805fc"},"sourceUploadUrl":"https://storage.googleapis.com/uploads-836972235469.us-central1.cloudfunctions.appspot.com/02c1e8fa-c1af-4e22-a011-38b11d0d0528.zip","environmentVariables":{"FIREBASE_CONFIG":"{\"projectId\":\"refreshing-website\",\"storageBucket\":\"refreshing-website.firebasestorage.app\"}","GCLOUD_PROJECT":"refreshing-website","EVENTARC_CLOUD_EVENT_SOURCE":"projects/refreshing-website/locations/us-central1/functions/createInvite"},"runtime":"nodejs20","ingressSettings":"ALLOW_ALL","buildId":"a2631d9f-7979-4f48-b87a-42a1da1146b3","buildEnvironmentVariables":{"GOOGLE_NODE_RUN_SCRIPTS":""},"buildName":"projects/832093857842/locations/us-central1/builds/a2631d9f-7979-4f48-b87a-42a1da1146b3","dockerRegistry":"ARTIFACT_REGISTRY","automaticUpdatePolicy":{},"buildServiceAccount":"projects/refreshing-website/serviceAccounts/832093857842-compute@developer.gserviceaccount.com"}}
[2026-08-10T02:42:29.840Z] Got source token f57d6fd0-2c70-4ab7-b944-19aed713bef8 for region us-central1
+  functions[createInvite(us-central1)] Successful update operation. 
[2026-08-10T02:42:40.669Z] [queue] Retrying task index 1
[2026-08-10T02:42:40.670Z] Checked if tokens are valid: true, expires at: 1786331729344
[2026-08-10T02:42:40.670Z] Checked if tokens are valid: true, expires at: 1786331729344
[2026-08-10T02:42:40.670Z] >>> [apiv2][query] POST https://cloudfunctions.googleapis.com/v1/projects/refreshing-website/locations/us-central1/functions [none]
[2026-08-10T02:42:40.670Z] >>> [apiv2][body] POST https://cloudfunctions.googleapis.com/v1/projects/refreshing-website/locations/us-central1/functions {"name":"projects/refreshing-website/locations/us-central1/functions/setUserRole","sourceUploadUrl":"https://storage.googleapis.com/uploads-836972235469.us-central1.cloudfunctions.appspot.com/02c1e8fa-c1af-4e22-a011-38b11d0d0528.zip?GoogleAccessId=service-832093857842@gcf-admin-robot.iam.gserviceaccount.com&Expires=1786331467&Signature=VvDa9HDI3UGM%2FHi4yzU0DUDtxVA0ODbyjK8rjmhZpl77FapwR07yYG27cQvoJq%2FbMXoMdUggMWprpHUxcf63d7X8h7jiO6%2BSK2ngf0ma1u6LkFIZoa%2B%2BhfP4Unu%2BIQLcRs8jHKSJ2C8sXkOilNPe79mOMk3j7FUY9rXyKnX5%2FfOmcW%2F4hkPOqwpVLpIYBugYydoJERfEWFy9K%2BiV0LWOSGO352HW7CqGsJeH94c7yxILlbtxT0CeuMlbuDICtHh01cH2GPxtt0OyBMx4ZN9EzDxFrzQPR7z9zuLdS36mHKN6JhFDX6Nvc%2FRxcDM2DV5SHCcPUiaAa7qZ6QPoNWrVjQ%3D%3D","entryPoint":"setUserRole","runtime":"nodejs20","dockerRegistry":"ARTIFACT_REGISTRY","labels":{"deployment-tool":"cli-firebase","deployment-callable":"true","firebase-functions-hash":"74436fef8c2ebebe3f9c654a6faa2958a1c805fc"},"httpsTrigger":{"securityLevel":"SECURE_ALWAYS"},"minInstances":null,"maxInstances":null,"ingressSettings":null,"environmentVariables":{"FIREBASE_CONFIG":"{\"projectId\":\"refreshing-website\",\"storageBucket\":\"refreshing-website.firebasestorage.app\"}","GCLOUD_PROJECT":"refreshing-website","EVENTARC_CLOUD_EVENT_SOURCE":"projects/refreshing-website/locations/us-central1/functions/setUserRole"},"serviceAccountEmail":null,"availableMemoryMb":null,"timeout":null,"vpcConnector":null,"vpcConnectorEgressSettings":null,"sourceToken":"f57d6fd0-2c70-4ab7-b944-19aed713bef8","buildEnvironmentVariables":{"GOOGLE_NODE_RUN_SCRIPTS":""}}
[2026-08-10T02:42:40.972Z] [queue] Retrying task index 11
[2026-08-10T02:42:40.974Z] Checked if tokens are valid: true, expires at: 1786331729344
[2026-08-10T02:42:40.974Z] Checked if tokens are valid: true, expires at: 1786331729344
[2026-08-10T02:42:40.974Z] >>> [apiv2][query] POST https://cloudfunctions.googleapis.com/v1/projects/refreshing-website/locations/us-central1/functions [none]
[2026-08-10T02:42:40.974Z] >>> [apiv2][body] POST https://cloudfunctions.googleapis.com/v1/projects/refreshing-website/locations/us-central1/functions {"name":"projects/refreshing-website/locations/us-central1/functions/provisionAdminAccount","sourceUploadUrl":"https://storage.googleapis.com/uploads-836972235469.us-central1.cloudfunctions.appspot.com/02c1e8fa-c1af-4e22-a011-38b11d0d0528.zip?GoogleAccessId=service-832093857842@gcf-admin-robot.iam.gserviceaccount.com&Expires=1786331467&Signature=VvDa9HDI3UGM%2FHi4yzU0DUDtxVA0ODbyjK8rjmhZpl77FapwR07yYG27cQvoJq%2FbMXoMdUggMWprpHUxcf63d7X8h7jiO6%2BSK2ngf0ma1u6LkFIZoa%2B%2BhfP4Unu%2BIQLcRs8jHKSJ2C8sXkOilNPe79mOMk3j7FUY9rXyKnX5%2FfOmcW%2F4hkPOqwpVLpIYBugYydoJERfEWFy9K%2BiV0LWOSGO352HW7CqGsJeH94c7yxILlbtxT0CeuMlbuDICtHh01cH2GPxtt0OyBMx4ZN9EzDxFrzQPR7z9zuLdS36mHKN6JhFDX6Nvc%2FRxcDM2DV5SHCcPUiaAa7qZ6QPoNWrVjQ%3D%3D","entryPoint":"provisionAdminAccount","runtime":"nodejs20","dockerRegistry":"ARTIFACT_REGISTRY","labels":{"deployment-tool":"cli-firebase","deployment-callable":"true","firebase-functions-hash":"74436fef8c2ebebe3f9c654a6faa2958a1c805fc"},"httpsTrigger":{"securityLevel":"SECURE_ALWAYS"},"minInstances":null,"maxInstances":null,"ingressSettings":null,"environmentVariables":{"FIREBASE_CONFIG":"{\"projectId\":\"refreshing-website\",\"storageBucket\":\"refreshing-website.firebasestorage.app\"}","GCLOUD_PROJECT":"refreshing-website","EVENTARC_CLOUD_EVENT_SOURCE":"projects/refreshing-website/locations/us-central1/functions/provisionAdminAccount"},"serviceAccountEmail":null,"availableMemoryMb":null,"timeout":null,"vpcConnector":null,"vpcConnectorEgressSettings":null,"sourceToken":"f57d6fd0-2c70-4ab7-b944-19aed713bef8","buildEnvironmentVariables":{"GOOGLE_NODE_RUN_SCRIPTS":""}}
[2026-08-10T02:42:40.990Z] [queue] Retrying task index 8
[2026-08-10T02:42:40.990Z] Checked if tokens are valid: true, expires at: 1786331729344
[2026-08-10T02:42:40.991Z] Checked if tokens are valid: true, expires at: 1786331729344
[2026-08-10T02:42:40.991Z] >>> [apiv2][query] POST https://cloudfunctions.googleapis.com/v1/projects/refreshing-website/locations/us-central1/functions [none]
[2026-08-10T02:42:40.991Z] >>> [apiv2][body] POST https://cloudfunctions.googleapis.com/v1/projects/refreshing-website/locations/us-central1/functions {"name":"projects/refreshing-website/locations/us-central1/functions/auditAttendeesWrite","sourceUploadUrl":"https://storage.googleapis.com/uploads-836972235469.us-central1.cloudfunctions.appspot.com/02c1e8fa-c1af-4e22-a011-38b11d0d0528.zip?GoogleAccessId=service-832093857842@gcf-admin-robot.iam.gserviceaccount.com&Expires=1786331467&Signature=VvDa9HDI3UGM%2FHi4yzU0DUDtxVA0ODbyjK8rjmhZpl77FapwR07yYG27cQvoJq%2FbMXoMdUggMWprpHUxcf63d7X8h7jiO6%2BSK2ngf0ma1u6LkFIZoa%2B%2BhfP4Unu%2BIQLcRs8jHKSJ2C8sXkOilNPe79mOMk3j7FUY9rXyKnX5%2FfOmcW%2F4hkPOqwpVLpIYBugYydoJERfEWFy9K%2BiV0LWOSGO352HW7CqGsJeH94c7yxILlbtxT0CeuMlbuDICtHh01cH2GPxtt0OyBMx4ZN9EzDxFrzQPR7z9zuLdS36mHKN6JhFDX6Nvc%2FRxcDM2DV5SHCcPUiaAa7qZ6QPoNWrVjQ%3D%3D","entryPoint":"auditAttendeesWrite","runtime":"nodejs20","dockerRegistry":"ARTIFACT_REGISTRY","labels":{"deployment-tool":"cli-firebase","firebase-functions-hash":"74436fef8c2ebebe3f9c654a6faa2958a1c805fc"},"eventTrigger":{"eventType":"providers/cloud.firestore/eventTypes/document.write","resource":"projects/refreshing-website/databases/(default)/documents/events/{eventId}/attendees/{attendeeId}"},"minInstances":null,"maxInstances":null,"ingressSettings":null,"environmentVariables":{"FIREBASE_CONFIG":"{\"projectId\":\"refreshing-website\",\"storageBucket\":\"refreshing-website.firebasestorage.app\"}","GCLOUD_PROJECT":"refreshing-website","EVENTARC_CLOUD_EVENT_SOURCE":"projects/refreshing-website/locations/us-central1/functions/auditAttendeesWrite"},"serviceAccountEmail":null,"availableMemoryMb":null,"timeout":null,"vpcConnector":null,"vpcConnectorEgressSettings":null,"sourceToken":"f57d6fd0-2c70-4ab7-b944-19aed713bef8","buildEnvironmentVariables":{"GOOGLE_NODE_RUN_SCRIPTS":""}}
[2026-08-10T02:42:40.995Z] [queue] Retrying task index 2
[2026-08-10T02:42:40.996Z] Checked if tokens are valid: true, expires at: 1786331729344
[2026-08-10T02:42:40.996Z] Checked if tokens are valid: true, expires at: 1786331729344
[2026-08-10T02:42:40.997Z] >>> [apiv2][query] POST https://cloudfunctions.googleapis.com/v1/projects/refreshing-website/locations/us-central1/functions [none]
[2026-08-10T02:42:40.997Z] >>> [apiv2][body] POST https://cloudfunctions.googleapis.com/v1/projects/refreshing-website/locations/us-central1/functions {"name":"projects/refreshing-website/locations/us-central1/functions/revokeUserAccess","sourceUploadUrl":"https://storage.googleapis.com/uploads-836972235469.us-central1.cloudfunctions.appspot.com/02c1e8fa-c1af-4e22-a011-38b11d0d0528.zip?GoogleAccessId=service-832093857842@gcf-admin-robot.iam.gserviceaccount.com&Expires=1786331467&Signature=VvDa9HDI3UGM%2FHi4yzU0DUDtxVA0ODbyjK8rjmhZpl77FapwR07yYG27cQvoJq%2FbMXoMdUggMWprpHUxcf63d7X8h7jiO6%2BSK2ngf0ma1u6LkFIZoa%2B%2BhfP4Unu%2BIQLcRs8jHKSJ2C8sXkOilNPe79mOMk3j7FUY9rXyKnX5%2FfOmcW%2F4hkPOqwpVLpIYBugYydoJERfEWFy9K%2BiV0LWOSGO352HW7CqGsJeH94c7yxILlbtxT0CeuMlbuDICtHh01cH2GPxtt0OyBMx4ZN9EzDxFrzQPR7z9zuLdS36mHKN6JhFDX6Nvc%2FRxcDM2DV5SHCcPUiaAa7qZ6QPoNWrVjQ%3D%3D","entryPoint":"revokeUserAccess","runtime":"nodejs20","dockerRegistry":"ARTIFACT_REGISTRY","labels":{"deployment-tool":"cli-firebase","deployment-callable":"true","firebase-functions-hash":"74436fef8c2ebebe3f9c654a6faa2958a1c805fc"},"httpsTrigger":{"securityLevel":"SECURE_ALWAYS"},"minInstances":null,"maxInstances":null,"ingressSettings":null,"environmentVariables":{"FIREBASE_CONFIG":"{\"projectId\":\"refreshing-website\",\"storageBucket\":\"refreshing-website.firebasestorage.app\"}","GCLOUD_PROJECT":"refreshing-website","EVENTARC_CLOUD_EVENT_SOURCE":"projects/refreshing-website/locations/us-central1/functions/revokeUserAccess"},"serviceAccountEmail":null,"availableMemoryMb":null,"timeout":null,"vpcConnector":null,"vpcConnectorEgressSettings":null,"sourceToken":"f57d6fd0-2c70-4ab7-b944-19aed713bef8","buildEnvironmentVariables":{"GOOGLE_NODE_RUN_SCRIPTS":""}}
[2026-08-10T02:42:41.036Z] [queue] Retrying task index 7
[2026-08-10T02:42:41.037Z] Checked if tokens are valid: true, expires at: 1786331729344
[2026-08-10T02:42:41.037Z] Checked if tokens are valid: true, expires at: 1786331729344
[2026-08-10T02:42:41.037Z] >>> [apiv2][query] POST https://cloudfunctions.googleapis.com/v1/projects/refreshing-website/locations/us-central1/functions [none]
[2026-08-10T02:42:41.038Z] >>> [apiv2][body] POST https://cloudfunctions.googleapis.com/v1/projects/refreshing-website/locations/us-central1/functions {"name":"projects/refreshing-website/locations/us-central1/functions/auditSessionsWrite","sourceUploadUrl":"https://storage.googleapis.com/uploads-836972235469.us-central1.cloudfunctions.appspot.com/02c1e8fa-c1af-4e22-a011-38b11d0d0528.zip?GoogleAccessId=service-832093857842@gcf-admin-robot.iam.gserviceaccount.com&Expires=1786331467&Signature=VvDa9HDI3UGM%2FHi4yzU0DUDtxVA0ODbyjK8rjmhZpl77FapwR07yYG27cQvoJq%2FbMXoMdUggMWprpHUxcf63d7X8h7jiO6%2BSK2ngf0ma1u6LkFIZoa%2B%2BhfP4Unu%2BIQLcRs8jHKSJ2C8sXkOilNPe79mOMk3j7FUY9rXyKnX5%2FfOmcW%2F4hkPOqwpVLpIYBugYydoJERfEWFy9K%2BiV0LWOSGO352HW7CqGsJeH94c7yxILlbtxT0CeuMlbuDICtHh01cH2GPxtt0OyBMx4ZN9EzDxFrzQPR7z9zuLdS36mHKN6JhFDX6Nvc%2FRxcDM2DV5SHCcPUiaAa7qZ6QPoNWrVjQ%3D%3D","entryPoint":"auditSessionsWrite","runtime":"nodejs20","dockerRegistry":"ARTIFACT_REGISTRY","labels":{"deployment-tool":"cli-firebase","firebase-functions-hash":"74436fef8c2ebebe3f9c654a6faa2958a1c805fc"},"eventTrigger":{"eventType":"providers/cloud.firestore/eventTypes/document.write","resource":"projects/refreshing-website/databases/(default)/documents/events/{eventId}/sessions/{sessionId}"},"minInstances":null,"maxInstances":null,"ingressSettings":null,"environmentVariables":{"FIREBASE_CONFIG":"{\"projectId\":\"refreshing-website\",\"storageBucket\":\"refreshing-website.firebasestorage.app\"}","GCLOUD_PROJECT":"refreshing-website","EVENTARC_CLOUD_EVENT_SOURCE":"projects/refreshing-website/locations/us-central1/functions/auditSessionsWrite"},"serviceAccountEmail":null,"availableMemoryMb":null,"timeout":null,"vpcConnector":null,"vpcConnectorEgressSettings":null,"sourceToken":"f57d6fd0-2c70-4ab7-b944-19aed713bef8","buildEnvironmentVariables":{"GOOGLE_NODE_RUN_SCRIPTS":""}}
[2026-08-10T02:42:41.043Z] [queue] Retrying task index 4
[2026-08-10T02:42:41.043Z] Checked if tokens are valid: true, expires at: 1786331729344
[2026-08-10T02:42:41.044Z] Checked if tokens are valid: true, expires at: 1786331729344
[2026-08-10T02:42:41.044Z] >>> [apiv2][query] POST https://cloudfunctions.googleapis.com/v1/projects/refreshing-website/locations/us-central1/functions [none]
[2026-08-10T02:42:41.045Z] >>> [apiv2][body] POST https://cloudfunctions.googleapis.com/v1/projects/refreshing-website/locations/us-central1/functions {"name":"projects/refreshing-website/locations/us-central1/functions/undoCheckIn","sourceUploadUrl":"https://storage.googleapis.com/uploads-836972235469.us-central1.cloudfunctions.appspot.com/02c1e8fa-c1af-4e22-a011-38b11d0d0528.zip?GoogleAccessId=service-832093857842@gcf-admin-robot.iam.gserviceaccount.com&Expires=1786331467&Signature=VvDa9HDI3UGM%2FHi4yzU0DUDtxVA0ODbyjK8rjmhZpl77FapwR07yYG27cQvoJq%2FbMXoMdUggMWprpHUxcf63d7X8h7jiO6%2BSK2ngf0ma1u6LkFIZoa%2B%2BhfP4Unu%2BIQLcRs8jHKSJ2C8sXkOilNPe79mOMk3j7FUY9rXyKnX5%2FfOmcW%2F4hkPOqwpVLpIYBugYydoJERfEWFy9K%2BiV0LWOSGO352HW7CqGsJeH94c7yxILlbtxT0CeuMlbuDICtHh01cH2GPxtt0OyBMx4ZN9EzDxFrzQPR7z9zuLdS36mHKN6JhFDX6Nvc%2FRxcDM2DV5SHCcPUiaAa7qZ6QPoNWrVjQ%3D%3D","entryPoint":"undoCheckIn","runtime":"nodejs20","dockerRegistry":"ARTIFACT_REGISTRY","labels":{"deployment-tool":"cli-firebase","deployment-callable":"true","firebase-functions-hash":"74436fef8c2ebebe3f9c654a6faa2958a1c805fc"},"httpsTrigger":{"securityLevel":"SECURE_ALWAYS"},"minInstances":null,"maxInstances":null,"ingressSettings":null,"environmentVariables":{"FIREBASE_CONFIG":"{\"projectId\":\"refreshing-website\",\"storageBucket\":\"refreshing-website.firebasestorage.app\"}","GCLOUD_PROJECT":"refreshing-website","EVENTARC_CLOUD_EVENT_SOURCE":"projects/refreshing-website/locations/us-central1/functions/undoCheckIn"},"serviceAccountEmail":null,"availableMemoryMb":null,"timeout":null,"vpcConnector":null,"vpcConnectorEgressSettings":null,"sourceToken":"f57d6fd0-2c70-4ab7-b944-19aed713bef8","buildEnvironmentVariables":{"GOOGLE_NODE_RUN_SCRIPTS":""}}
[2026-08-10T02:42:41.048Z] [queue] Retrying task index 10
[2026-08-10T02:42:41.049Z] Checked if tokens are valid: true, expires at: 1786331729344
[2026-08-10T02:42:41.049Z] Checked if tokens are valid: true, expires at: 1786331729344
[2026-08-10T02:42:41.049Z] >>> [apiv2][query] POST https://cloudfunctions.googleapis.com/v1/projects/refreshing-website/locations/us-central1/functions [none]
[2026-08-10T02:42:41.050Z] >>> [apiv2][body] POST https://cloudfunctions.googleapis.com/v1/projects/refreshing-website/locations/us-central1/functions {"name":"projects/refreshing-website/locations/us-central1/functions/pruneVersionHistory","sourceUploadUrl":"https://storage.googleapis.com/uploads-836972235469.us-central1.cloudfunctions.appspot.com/02c1e8fa-c1af-4e22-a011-38b11d0d0528.zip?GoogleAccessId=service-832093857842@gcf-admin-robot.iam.gserviceaccount.com&Expires=1786331467&Signature=VvDa9HDI3UGM%2FHi4yzU0DUDtxVA0ODbyjK8rjmhZpl77FapwR07yYG27cQvoJq%2FbMXoMdUggMWprpHUxcf63d7X8h7jiO6%2BSK2ngf0ma1u6LkFIZoa%2B%2BhfP4Unu%2BIQLcRs8jHKSJ2C8sXkOilNPe79mOMk3j7FUY9rXyKnX5%2FfOmcW%2F4hkPOqwpVLpIYBugYydoJERfEWFy9K%2BiV0LWOSGO352HW7CqGsJeH94c7yxILlbtxT0CeuMlbuDICtHh01cH2GPxtt0OyBMx4ZN9EzDxFrzQPR7z9zuLdS36mHKN6JhFDX6Nvc%2FRxcDM2DV5SHCcPUiaAa7qZ6QPoNWrVjQ%3D%3D","entryPoint":"pruneVersionHistory","runtime":"nodejs20","dockerRegistry":"ARTIFACT_REGISTRY","labels":{"deployment-tool":"cli-firebase","deployment-scheduled":"true","firebase-functions-hash":"74436fef8c2ebebe3f9c654a6faa2958a1c805fc"},"eventTrigger":{"eventType":"google.pubsub.topic.publish","resource":"projects/refreshing-website/topics/firebase-schedule-pruneVersionHistory-us-central1"},"minInstances":null,"maxInstances":null,"ingressSettings":null,"environmentVariables":{"FIREBASE_CONFIG":"{\"projectId\":\"refreshing-website\",\"storageBucket\":\"refreshing-website.firebasestorage.app\"}","GCLOUD_PROJECT":"refreshing-website","EVENTARC_CLOUD_EVENT_SOURCE":"projects/refreshing-website/locations/us-central1/functions/pruneVersionHistory"},"serviceAccountEmail":null,"availableMemoryMb":null,"timeout":null,"vpcConnector":null,"vpcConnectorEgressSettings":null,"sourceToken":"f57d6fd0-2c70-4ab7-b944-19aed713bef8","buildEnvironmentVariables":{"GOOGLE_NODE_RUN_SCRIPTS":""}}
[2026-08-10T02:42:41.057Z] [queue] Retrying task index 6
[2026-08-10T02:42:41.057Z] Checked if tokens are valid: true, expires at: 1786331729344
[2026-08-10T02:42:41.057Z] Checked if tokens are valid: true, expires at: 1786331729344
[2026-08-10T02:42:41.058Z] >>> [apiv2][query] POST https://cloudfunctions.googleapis.com/v1/projects/refreshing-website/locations/us-central1/functions [none]
[2026-08-10T02:42:41.058Z] >>> [apiv2][body] POST https://cloudfunctions.googleapis.com/v1/projects/refreshing-website/locations/us-central1/functions {"name":"projects/refreshing-website/locations/us-central1/functions/auditMinistersWrite","sourceUploadUrl":"https://storage.googleapis.com/uploads-836972235469.us-central1.cloudfunctions.appspot.com/02c1e8fa-c1af-4e22-a011-38b11d0d0528.zip?GoogleAccessId=service-832093857842@gcf-admin-robot.iam.gserviceaccount.com&Expires=1786331467&Signature=VvDa9HDI3UGM%2FHi4yzU0DUDtxVA0ODbyjK8rjmhZpl77FapwR07yYG27cQvoJq%2FbMXoMdUggMWprpHUxcf63d7X8h7jiO6%2BSK2ngf0ma1u6LkFIZoa%2B%2BhfP4Unu%2BIQLcRs8jHKSJ2C8sXkOilNPe79mOMk3j7FUY9rXyKnX5%2FfOmcW%2F4hkPOqwpVLpIYBugYydoJERfEWFy9K%2BiV0LWOSGO352HW7CqGsJeH94c7yxILlbtxT0CeuMlbuDICtHh01cH2GPxtt0OyBMx4ZN9EzDxFrzQPR7z9zuLdS36mHKN6JhFDX6Nvc%2FRxcDM2DV5SHCcPUiaAa7qZ6QPoNWrVjQ%3D%3D","entryPoint":"auditMinistersWrite","runtime":"nodejs20","dockerRegistry":"ARTIFACT_REGISTRY","labels":{"deployment-tool":"cli-firebase","firebase-functions-hash":"74436fef8c2ebebe3f9c654a6faa2958a1c805fc"},"eventTrigger":{"eventType":"providers/cloud.firestore/eventTypes/document.write","resource":"projects/refreshing-website/databases/(default)/documents/events/{eventId}/ministers/{ministerId}"},"minInstances":null,"maxInstances":null,"ingressSettings":null,"environmentVariables":{"FIREBASE_CONFIG":"{\"projectId\":\"refreshing-website\",\"storageBucket\":\"refreshing-website.firebasestorage.app\"}","GCLOUD_PROJECT":"refreshing-website","EVENTARC_CLOUD_EVENT_SOURCE":"projects/refreshing-website/locations/us-central1/functions/auditMinistersWrite"},"serviceAccountEmail":null,"availableMemoryMb":null,"timeout":null,"vpcConnector":null,"vpcConnectorEgressSettings":null,"sourceToken":"f57d6fd0-2c70-4ab7-b944-19aed713bef8","buildEnvironmentVariables":{"GOOGLE_NODE_RUN_SCRIPTS":""}}
[2026-08-10T02:42:41.063Z] [queue] Retrying task index 5
[2026-08-10T02:42:41.063Z] Checked if tokens are valid: true, expires at: 1786331729344
[2026-08-10T02:42:41.064Z] Checked if tokens are valid: true, expires at: 1786331729344
[2026-08-10T02:42:41.064Z] >>> [apiv2][query] POST https://cloudfunctions.googleapis.com/v1/projects/refreshing-website/locations/us-central1/functions [none]
[2026-08-10T02:42:41.064Z] >>> [apiv2][body] POST https://cloudfunctions.googleapis.com/v1/projects/refreshing-website/locations/us-central1/functions {"name":"projects/refreshing-website/locations/us-central1/functions/syncCheckinView","sourceUploadUrl":"https://storage.googleapis.com/uploads-836972235469.us-central1.cloudfunctions.appspot.com/02c1e8fa-c1af-4e22-a011-38b11d0d0528.zip?GoogleAccessId=service-832093857842@gcf-admin-robot.iam.gserviceaccount.com&Expires=1786331467&Signature=VvDa9HDI3UGM%2FHi4yzU0DUDtxVA0ODbyjK8rjmhZpl77FapwR07yYG27cQvoJq%2FbMXoMdUggMWprpHUxcf63d7X8h7jiO6%2BSK2ngf0ma1u6LkFIZoa%2B%2BhfP4Unu%2BIQLcRs8jHKSJ2C8sXkOilNPe79mOMk3j7FUY9rXyKnX5%2FfOmcW%2F4hkPOqwpVLpIYBugYydoJERfEWFy9K%2BiV0LWOSGO352HW7CqGsJeH94c7yxILlbtxT0CeuMlbuDICtHh01cH2GPxtt0OyBMx4ZN9EzDxFrzQPR7z9zuLdS36mHKN6JhFDX6Nvc%2FRxcDM2DV5SHCcPUiaAa7qZ6QPoNWrVjQ%3D%3D","entryPoint":"syncCheckinView","runtime":"nodejs20","dockerRegistry":"ARTIFACT_REGISTRY","labels":{"deployment-tool":"cli-firebase","firebase-functions-hash":"74436fef8c2ebebe3f9c654a6faa2958a1c805fc"},"eventTrigger":{"eventType":"providers/cloud.firestore/eventTypes/document.write","resource":"projects/refreshing-website/databases/(default)/documents/events/{eventId}/attendees/{attendeeId}"},"minInstances":null,"maxInstances":null,"ingressSettings":null,"environmentVariables":{"FIREBASE_CONFIG":"{\"projectId\":\"refreshing-website\",\"storageBucket\":\"refreshing-website.firebasestorage.app\"}","GCLOUD_PROJECT":"refreshing-website","EVENTARC_CLOUD_EVENT_SOURCE":"projects/refreshing-website/locations/us-central1/functions/syncCheckinView"},"serviceAccountEmail":null,"availableMemoryMb":null,"timeout":null,"vpcConnector":null,"vpcConnectorEgressSettings":null,"sourceToken":"f57d6fd0-2c70-4ab7-b944-19aed713bef8","buildEnvironmentVariables":{"GOOGLE_NODE_RUN_SCRIPTS":""}}
[2026-08-10T02:42:41.072Z] [queue] Retrying task index 3
[2026-08-10T02:42:41.073Z] Checked if tokens are valid: true, expires at: 1786331729344
[2026-08-10T02:42:41.073Z] Checked if tokens are valid: true, expires at: 1786331729344
[2026-08-10T02:42:41.074Z] >>> [apiv2][query] POST https://cloudfunctions.googleapis.com/v1/projects/refreshing-website/locations/us-central1/functions [none]
[2026-08-10T02:42:41.074Z] >>> [apiv2][body] POST https://cloudfunctions.googleapis.com/v1/projects/refreshing-website/locations/us-central1/functions {"name":"projects/refreshing-website/locations/us-central1/functions/markCheckedIn","sourceUploadUrl":"https://storage.googleapis.com/uploads-836972235469.us-central1.cloudfunctions.appspot.com/02c1e8fa-c1af-4e22-a011-38b11d0d0528.zip?GoogleAccessId=service-832093857842@gcf-admin-robot.iam.gserviceaccount.com&Expires=1786331467&Signature=VvDa9HDI3UGM%2FHi4yzU0DUDtxVA0ODbyjK8rjmhZpl77FapwR07yYG27cQvoJq%2FbMXoMdUggMWprpHUxcf63d7X8h7jiO6%2BSK2ngf0ma1u6LkFIZoa%2B%2BhfP4Unu%2BIQLcRs8jHKSJ2C8sXkOilNPe79mOMk3j7FUY9rXyKnX5%2FfOmcW%2F4hkPOqwpVLpIYBugYydoJERfEWFy9K%2BiV0LWOSGO352HW7CqGsJeH94c7yxILlbtxT0CeuMlbuDICtHh01cH2GPxtt0OyBMx4ZN9EzDxFrzQPR7z9zuLdS36mHKN6JhFDX6Nvc%2FRxcDM2DV5SHCcPUiaAa7qZ6QPoNWrVjQ%3D%3D","entryPoint":"markCheckedIn","runtime":"nodejs20","dockerRegistry":"ARTIFACT_REGISTRY","labels":{"deployment-tool":"cli-firebase","deployment-callable":"true","firebase-functions-hash":"74436fef8c2ebebe3f9c654a6faa2958a1c805fc"},"httpsTrigger":{"securityLevel":"SECURE_ALWAYS"},"minInstances":null,"maxInstances":null,"ingressSettings":null,"environmentVariables":{"FIREBASE_CONFIG":"{\"projectId\":\"refreshing-website\",\"storageBucket\":\"refreshing-website.firebasestorage.app\"}","GCLOUD_PROJECT":"refreshing-website","EVENTARC_CLOUD_EVENT_SOURCE":"projects/refreshing-website/locations/us-central1/functions/markCheckedIn"},"serviceAccountEmail":null,"availableMemoryMb":null,"timeout":null,"vpcConnector":null,"vpcConnectorEgressSettings":null,"sourceToken":"f57d6fd0-2c70-4ab7-b944-19aed713bef8","buildEnvironmentVariables":{"GOOGLE_NODE_RUN_SCRIPTS":""}}
[2026-08-10T02:42:41.144Z] [queue] Retrying task index 9
[2026-08-10T02:42:41.159Z] Checked if tokens are valid: true, expires at: 1786331729344
[2026-08-10T02:42:41.159Z] Checked if tokens are valid: true, expires at: 1786331729344
[2026-08-10T02:42:41.159Z] >>> [apiv2][query] POST https://cloudfunctions.googleapis.com/v1/projects/refreshing-website/locations/us-central1/functions [none]
[2026-08-10T02:42:41.160Z] >>> [apiv2][body] POST https://cloudfunctions.googleapis.com/v1/projects/refreshing-website/locations/us-central1/functions {"name":"projects/refreshing-website/locations/us-central1/functions/purgeTrash","sourceUploadUrl":"https://storage.googleapis.com/uploads-836972235469.us-central1.cloudfunctions.appspot.com/02c1e8fa-c1af-4e22-a011-38b11d0d0528.zip?GoogleAccessId=service-832093857842@gcf-admin-robot.iam.gserviceaccount.com&Expires=1786331467&Signature=VvDa9HDI3UGM%2FHi4yzU0DUDtxVA0ODbyjK8rjmhZpl77FapwR07yYG27cQvoJq%2FbMXoMdUggMWprpHUxcf63d7X8h7jiO6%2BSK2ngf0ma1u6LkFIZoa%2B%2BhfP4Unu%2BIQLcRs8jHKSJ2C8sXkOilNPe79mOMk3j7FUY9rXyKnX5%2FfOmcW%2F4hkPOqwpVLpIYBugYydoJERfEWFy9K%2BiV0LWOSGO352HW7CqGsJeH94c7yxILlbtxT0CeuMlbuDICtHh01cH2GPxtt0OyBMx4ZN9EzDxFrzQPR7z9zuLdS36mHKN6JhFDX6Nvc%2FRxcDM2DV5SHCcPUiaAa7qZ6QPoNWrVjQ%3D%3D","entryPoint":"purgeTrash","runtime":"nodejs20","dockerRegistry":"ARTIFACT_REGISTRY","labels":{"deployment-tool":"cli-firebase","deployment-scheduled":"true","firebase-functions-hash":"74436fef8c2ebebe3f9c654a6faa2958a1c805fc"},"eventTrigger":{"eventType":"google.pubsub.topic.publish","resource":"projects/refreshing-website/topics/firebase-schedule-purgeTrash-us-central1"},"minInstances":null,"maxInstances":null,"ingressSettings":null,"environmentVariables":{"FIREBASE_CONFIG":"{\"projectId\":\"refreshing-website\",\"storageBucket\":\"refreshing-website.firebasestorage.app\"}","GCLOUD_PROJECT":"refreshing-website","EVENTARC_CLOUD_EVENT_SOURCE":"projects/refreshing-website/locations/us-central1/functions/purgeTrash"},"serviceAccountEmail":null,"availableMemoryMb":null,"timeout":null,"vpcConnector":null,"vpcConnectorEgressSettings":null,"sourceToken":"f57d6fd0-2c70-4ab7-b944-19aed713bef8","buildEnvironmentVariables":{"GOOGLE_NODE_RUN_SCRIPTS":""}}
[2026-08-10T02:42:41.254Z] <<< [apiv2][status] POST https://cloudfunctions.googleapis.com/v1/projects/refreshing-website/locations/us-central1/functions 409
[2026-08-10T02:42:41.254Z] <<< [apiv2][body] POST https://cloudfunctions.googleapis.com/v1/projects/refreshing-website/locations/us-central1/functions {"error":{"code":409,"message":"Failed to create 1st Gen function projects/refreshing-website/locations/us-central1/functions/setUserRole: Function setUserRole in region us-central1 in project refreshing-website already exists","status":"ALREADY_EXISTS"}}
!  functions: failed to create function projects/refreshing-website/locations/us-central1/functions/setUserRole 
[2026-08-10T02:42:41.690Z] <<< [apiv2][status] POST https://cloudfunctions.googleapis.com/v1/projects/refreshing-website/locations/us-central1/functions 409
[2026-08-10T02:42:41.691Z] <<< [apiv2][body] POST https://cloudfunctions.googleapis.com/v1/projects/refreshing-website/locations/us-central1/functions {"error":{"code":409,"message":"Failed to create 1st Gen function projects/refreshing-website/locations/us-central1/functions/markCheckedIn: Function markCheckedIn in region us-central1 in project refreshing-website already exists","status":"ALREADY_EXISTS"}}
!  functions: failed to create function projects/refreshing-website/locations/us-central1/functions/markCheckedIn 
[2026-08-10T02:42:41.702Z] <<< [apiv2][status] POST https://cloudfunctions.googleapis.com/v1/projects/refreshing-website/locations/us-central1/functions 409
[2026-08-10T02:42:41.702Z] <<< [apiv2][body] POST https://cloudfunctions.googleapis.com/v1/projects/refreshing-website/locations/us-central1/functions {"error":{"code":409,"message":"Failed to create 1st Gen function projects/refreshing-website/locations/us-central1/functions/auditMinistersWrite: Function auditMinistersWrite in region us-central1 in project refreshing-website already exists","status":"ALREADY_EXISTS"}}
!  functions: failed to create function projects/refreshing-website/locations/us-central1/functions/auditMinistersWrite 
[2026-08-10T02:42:41.724Z] <<< [apiv2][status] POST https://cloudfunctions.googleapis.com/v1/projects/refreshing-website/locations/us-central1/functions 409
[2026-08-10T02:42:41.724Z] <<< [apiv2][body] POST https://cloudfunctions.googleapis.com/v1/projects/refreshing-website/locations/us-central1/functions {"error":{"code":409,"message":"Failed to create 1st Gen function projects/refreshing-website/locations/us-central1/functions/provisionAdminAccount: Function provisionAdminAccount in region us-central1 in project refreshing-website already exists","status":"ALREADY_EXISTS"}}
!  functions: failed to create function projects/refreshing-website/locations/us-central1/functions/provisionAdminAccount 
[2026-08-10T02:42:41.736Z] <<< [apiv2][status] POST https://cloudfunctions.googleapis.com/v1/projects/refreshing-website/locations/us-central1/functions 409
[2026-08-10T02:42:41.736Z] <<< [apiv2][body] POST https://cloudfunctions.googleapis.com/v1/projects/refreshing-website/locations/us-central1/functions {"error":{"code":409,"message":"Failed to create 1st Gen function projects/refreshing-website/locations/us-central1/functions/auditSessionsWrite: Function auditSessionsWrite in region us-central1 in project refreshing-website already exists","status":"ALREADY_EXISTS"}}
!  functions: failed to create function projects/refreshing-website/locations/us-central1/functions/auditSessionsWrite 
[2026-08-10T02:42:41.737Z] <<< [apiv2][status] POST https://cloudfunctions.googleapis.com/v1/projects/refreshing-website/locations/us-central1/functions 409
[2026-08-10T02:42:41.737Z] <<< [apiv2][body] POST https://cloudfunctions.googleapis.com/v1/projects/refreshing-website/locations/us-central1/functions {"error":{"code":409,"message":"Failed to create 1st Gen function projects/refreshing-website/locations/us-central1/functions/undoCheckIn: Function undoCheckIn in region us-central1 in project refreshing-website already exists","status":"ALREADY_EXISTS"}}
!  functions: failed to create function projects/refreshing-website/locations/us-central1/functions/undoCheckIn 
[2026-08-10T02:42:41.741Z] <<< [apiv2][status] POST https://cloudfunctions.googleapis.com/v1/projects/refreshing-website/locations/us-central1/functions 409
[2026-08-10T02:42:41.741Z] <<< [apiv2][body] POST https://cloudfunctions.googleapis.com/v1/projects/refreshing-website/locations/us-central1/functions {"error":{"code":409,"message":"Failed to create 1st Gen function projects/refreshing-website/locations/us-central1/functions/syncCheckinView: Function syncCheckinView in region us-central1 in project refreshing-website already exists","status":"ALREADY_EXISTS"}}
!  functions: failed to create function projects/refreshing-website/locations/us-central1/functions/syncCheckinView 
[2026-08-10T02:42:41.743Z] <<< [apiv2][status] POST https://cloudfunctions.googleapis.com/v1/projects/refreshing-website/locations/us-central1/functions 409
[2026-08-10T02:42:41.743Z] <<< [apiv2][body] POST https://cloudfunctions.googleapis.com/v1/projects/refreshing-website/locations/us-central1/functions {"error":{"code":409,"message":"Failed to create 1st Gen function projects/refreshing-website/locations/us-central1/functions/auditAttendeesWrite: Function auditAttendeesWrite in region us-central1 in project refreshing-website already exists","status":"ALREADY_EXISTS"}}
!  functions: failed to create function projects/refreshing-website/locations/us-central1/functions/auditAttendeesWrite 
[2026-08-10T02:42:41.746Z] <<< [apiv2][status] POST https://cloudfunctions.googleapis.com/v1/projects/refreshing-website/locations/us-central1/functions 409
[2026-08-10T02:42:41.746Z] <<< [apiv2][body] POST https://cloudfunctions.googleapis.com/v1/projects/refreshing-website/locations/us-central1/functions {"error":{"code":409,"message":"Failed to create 1st Gen function projects/refreshing-website/locations/us-central1/functions/revokeUserAccess: Function revokeUserAccess in region us-central1 in project refreshing-website already exists","status":"ALREADY_EXISTS"}}
!  functions: failed to create function projects/refreshing-website/locations/us-central1/functions/revokeUserAccess 
[2026-08-10T02:42:41.780Z] <<< [apiv2][status] POST https://cloudfunctions.googleapis.com/v1/projects/refreshing-website/locations/us-central1/functions 409
[2026-08-10T02:42:41.780Z] <<< [apiv2][body] POST https://cloudfunctions.googleapis.com/v1/projects/refreshing-website/locations/us-central1/functions {"error":{"code":409,"message":"Failed to create 1st Gen function projects/refreshing-website/locations/us-central1/functions/purgeTrash: Function purgeTrash in region us-central1 in project refreshing-website already exists","status":"ALREADY_EXISTS"}}
!  functions: failed to create function projects/refreshing-website/locations/us-central1/functions/purgeTrash 
[2026-08-10T02:42:41.813Z] <<< [apiv2][status] POST https://cloudfunctions.googleapis.com/v1/projects/refreshing-website/locations/us-central1/functions 409
[2026-08-10T02:42:41.813Z] <<< [apiv2][body] POST https://cloudfunctions.googleapis.com/v1/projects/refreshing-website/locations/us-central1/functions {"error":{"code":409,"message":"Failed to create 1st Gen function projects/refreshing-website/locations/us-central1/functions/pruneVersionHistory: Function pruneVersionHistory in region us-central1 in project refreshing-website already exists","status":"ALREADY_EXISTS"}}
!  functions: failed to create function projects/refreshing-website/locations/us-central1/functions/pruneVersionHistory 
[2026-08-10T02:44:01.255Z] [queue] Retrying task index 1
[2026-08-10T02:44:01.256Z] Checked if tokens are valid: true, expires at: 1786331729344
[2026-08-10T02:44:01.256Z] Checked if tokens are valid: true, expires at: 1786331729344
[2026-08-10T02:44:01.256Z] >>> [apiv2][query] POST https://cloudfunctions.googleapis.com/v1/projects/refreshing-website/locations/us-central1/functions [none]
[2026-08-10T02:44:01.256Z] >>> [apiv2][body] POST https://cloudfunctions.googleapis.com/v1/projects/refreshing-website/locations/us-central1/functions {"name":"projects/refreshing-website/locations/us-central1/functions/setUserRole","sourceUploadUrl":"https://storage.googleapis.com/uploads-836972235469.us-central1.cloudfunctions.appspot.com/02c1e8fa-c1af-4e22-a011-38b11d0d0528.zip?GoogleAccessId=service-832093857842@gcf-admin-robot.iam.gserviceaccount.com&Expires=1786331467&Signature=VvDa9HDI3UGM%2FHi4yzU0DUDtxVA0ODbyjK8rjmhZpl77FapwR07yYG27cQvoJq%2FbMXoMdUggMWprpHUxcf63d7X8h7jiO6%2BSK2ngf0ma1u6LkFIZoa%2B%2BhfP4Unu%2BIQLcRs8jHKSJ2C8sXkOilNPe79mOMk3j7FUY9rXyKnX5%2FfOmcW%2F4hkPOqwpVLpIYBugYydoJERfEWFy9K%2BiV0LWOSGO352HW7CqGsJeH94c7yxILlbtxT0CeuMlbuDICtHh01cH2GPxtt0OyBMx4ZN9EzDxFrzQPR7z9zuLdS36mHKN6JhFDX6Nvc%2FRxcDM2DV5SHCcPUiaAa7qZ6QPoNWrVjQ%3D%3D","entryPoint":"setUserRole","runtime":"nodejs20","dockerRegistry":"ARTIFACT_REGISTRY","labels":{"deployment-tool":"cli-firebase","deployment-callable":"true","firebase-functions-hash":"74436fef8c2ebebe3f9c654a6faa2958a1c805fc"},"httpsTrigger":{"securityLevel":"SECURE_ALWAYS"},"minInstances":null,"maxInstances":null,"ingressSettings":null,"environmentVariables":{"FIREBASE_CONFIG":"{\"projectId\":\"refreshing-website\",\"storageBucket\":\"refreshing-website.firebasestorage.app\"}","GCLOUD_PROJECT":"refreshing-website","EVENTARC_CLOUD_EVENT_SOURCE":"projects/refreshing-website/locations/us-central1/functions/setUserRole"},"serviceAccountEmail":null,"availableMemoryMb":null,"timeout":null,"vpcConnector":null,"vpcConnectorEgressSettings":null,"sourceToken":"f57d6fd0-2c70-4ab7-b944-19aed713bef8","buildEnvironmentVariables":{"GOOGLE_NODE_RUN_SCRIPTS":""}}
[2026-08-10T02:44:01.694Z] [queue] Retrying task index 3
[2026-08-10T02:44:01.694Z] Checked if tokens are valid: true, expires at: 1786331729344
[2026-08-10T02:44:01.694Z] Checked if tokens are valid: true, expires at: 1786331729344
[2026-08-10T02:44:01.695Z] >>> [apiv2][query] POST https://cloudfunctions.googleapis.com/v1/projects/refreshing-website/locations/us-central1/functions [none]
[2026-08-10T02:44:01.695Z] >>> [apiv2][body] POST https://cloudfunctions.googleapis.com/v1/projects/refreshing-website/locations/us-central1/functions {"name":"projects/refreshing-website/locations/us-central1/functions/markCheckedIn","sourceUploadUrl":"https://storage.googleapis.com/uploads-836972235469.us-central1.cloudfunctions.appspot.com/02c1e8fa-c1af-4e22-a011-38b11d0d0528.zip?GoogleAccessId=service-832093857842@gcf-admin-robot.iam.gserviceaccount.com&Expires=1786331467&Signature=VvDa9HDI3UGM%2FHi4yzU0DUDtxVA0ODbyjK8rjmhZpl77FapwR07yYG27cQvoJq%2FbMXoMdUggMWprpHUxcf63d7X8h7jiO6%2BSK2ngf0ma1u6LkFIZoa%2B%2BhfP4Unu%2BIQLcRs8jHKSJ2C8sXkOilNPe79mOMk3j7FUY9rXyKnX5%2FfOmcW%2F4hkPOqwpVLpIYBugYydoJERfEWFy9K%2BiV0LWOSGO352HW7CqGsJeH94c7yxILlbtxT0CeuMlbuDICtHh01cH2GPxtt0OyBMx4ZN9EzDxFrzQPR7z9zuLdS36mHKN6JhFDX6Nvc%2FRxcDM2DV5SHCcPUiaAa7qZ6QPoNWrVjQ%3D%3D","entryPoint":"markCheckedIn","runtime":"nodejs20","dockerRegistry":"ARTIFACT_REGISTRY","labels":{"deployment-tool":"cli-firebase","deployment-callable":"true","firebase-functions-hash":"74436fef8c2ebebe3f9c654a6faa2958a1c805fc"},"httpsTrigger":{"securityLevel":"SECURE_ALWAYS"},"minInstances":null,"maxInstances":null,"ingressSettings":null,"environmentVariables":{"FIREBASE_CONFIG":"{\"projectId\":\"refreshing-website\",\"storageBucket\":\"refreshing-website.firebasestorage.app\"}","GCLOUD_PROJECT":"refreshing-website","EVENTARC_CLOUD_EVENT_SOURCE":"projects/refreshing-website/locations/us-central1/functions/markCheckedIn"},"serviceAccountEmail":null,"availableMemoryMb":null,"timeout":null,"vpcConnector":null,"vpcConnectorEgressSettings":null,"sourceToken":"f57d6fd0-2c70-4ab7-b944-19aed713bef8","buildEnvironmentVariables":{"GOOGLE_NODE_RUN_SCRIPTS":""}}
[2026-08-10T02:44:01.705Z] [queue] Retrying task index 6
[2026-08-10T02:44:01.706Z] Checked if tokens are valid: true, expires at: 1786331729344
[2026-08-10T02:44:01.706Z] Checked if tokens are valid: true, expires at: 1786331729344
[2026-08-10T02:44:01.706Z] >>> [apiv2][query] POST https://cloudfunctions.googleapis.com/v1/projects/refreshing-website/locations/us-central1/functions [none]
[2026-08-10T02:44:01.707Z] >>> [apiv2][body] POST https://cloudfunctions.googleapis.com/v1/projects/refreshing-website/locations/us-central1/functions {"name":"projects/refreshing-website/locations/us-central1/functions/auditMinistersWrite","sourceUploadUrl":"https://storage.googleapis.com/uploads-836972235469.us-central1.cloudfunctions.appspot.com/02c1e8fa-c1af-4e22-a011-38b11d0d0528.zip?GoogleAccessId=service-832093857842@gcf-admin-robot.iam.gserviceaccount.com&Expires=1786331467&Signature=VvDa9HDI3UGM%2FHi4yzU0DUDtxVA0ODbyjK8rjmhZpl77FapwR07yYG27cQvoJq%2FbMXoMdUggMWprpHUxcf63d7X8h7jiO6%2BSK2ngf0ma1u6LkFIZoa%2B%2BhfP4Unu%2BIQLcRs8jHKSJ2C8sXkOilNPe79mOMk3j7FUY9rXyKnX5%2FfOmcW%2F4hkPOqwpVLpIYBugYydoJERfEWFy9K%2BiV0LWOSGO352HW7CqGsJeH94c7yxILlbtxT0CeuMlbuDICtHh01cH2GPxtt0OyBMx4ZN9EzDxFrzQPR7z9zuLdS36mHKN6JhFDX6Nvc%2FRxcDM2DV5SHCcPUiaAa7qZ6QPoNWrVjQ%3D%3D","entryPoint":"auditMinistersWrite","runtime":"nodejs20","dockerRegistry":"ARTIFACT_REGISTRY","labels":{"deployment-tool":"cli-firebase","firebase-functions-hash":"74436fef8c2ebebe3f9c654a6faa2958a1c805fc"},"eventTrigger":{"eventType":"providers/cloud.firestore/eventTypes/document.write","resource":"projects/refreshing-website/databases/(default)/documents/events/{eventId}/ministers/{ministerId}"},"minInstances":null,"maxInstances":null,"ingressSettings":null,"environmentVariables":{"FIREBASE_CONFIG":"{\"projectId\":\"refreshing-website\",\"storageBucket\":\"refreshing-website.firebasestorage.app\"}","GCLOUD_PROJECT":"refreshing-website","EVENTARC_CLOUD_EVENT_SOURCE":"projects/refreshing-website/locations/us-central1/functions/auditMinistersWrite"},"serviceAccountEmail":null,"availableMemoryMb":null,"timeout":null,"vpcConnector":null,"vpcConnectorEgressSettings":null,"sourceToken":"f57d6fd0-2c70-4ab7-b944-19aed713bef8","buildEnvironmentVariables":{"GOOGLE_NODE_RUN_SCRIPTS":""}}
[2026-08-10T02:44:01.725Z] [queue] Retrying task index 11
[2026-08-10T02:44:01.726Z] Checked if tokens are valid: true, expires at: 1786331729344
[2026-08-10T02:44:01.726Z] Checked if tokens are valid: true, expires at: 1786331729344
[2026-08-10T02:44:01.726Z] >>> [apiv2][query] POST https://cloudfunctions.googleapis.com/v1/projects/refreshing-website/locations/us-central1/functions [none]
[2026-08-10T02:44:01.727Z] >>> [apiv2][body] POST https://cloudfunctions.googleapis.com/v1/projects/refreshing-website/locations/us-central1/functions {"name":"projects/refreshing-website/locations/us-central1/functions/provisionAdminAccount","sourceUploadUrl":"https://storage.googleapis.com/uploads-836972235469.us-central1.cloudfunctions.appspot.com/02c1e8fa-c1af-4e22-a011-38b11d0d0528.zip?GoogleAccessId=service-832093857842@gcf-admin-robot.iam.gserviceaccount.com&Expires=1786331467&Signature=VvDa9HDI3UGM%2FHi4yzU0DUDtxVA0ODbyjK8rjmhZpl77FapwR07yYG27cQvoJq%2FbMXoMdUggMWprpHUxcf63d7X8h7jiO6%2BSK2ngf0ma1u6LkFIZoa%2B%2BhfP4Unu%2BIQLcRs8jHKSJ2C8sXkOilNPe79mOMk3j7FUY9rXyKnX5%2FfOmcW%2F4hkPOqwpVLpIYBugYydoJERfEWFy9K%2BiV0LWOSGO352HW7CqGsJeH94c7yxILlbtxT0CeuMlbuDICtHh01cH2GPxtt0OyBMx4ZN9EzDxFrzQPR7z9zuLdS36mHKN6JhFDX6Nvc%2FRxcDM2DV5SHCcPUiaAa7qZ6QPoNWrVjQ%3D%3D","entryPoint":"provisionAdminAccount","runtime":"nodejs20","dockerRegistry":"ARTIFACT_REGISTRY","labels":{"deployment-tool":"cli-firebase","deployment-callable":"true","firebase-functions-hash":"74436fef8c2ebebe3f9c654a6faa2958a1c805fc"},"httpsTrigger":{"securityLevel":"SECURE_ALWAYS"},"minInstances":null,"maxInstances":null,"ingressSettings":null,"environmentVariables":{"FIREBASE_CONFIG":"{\"projectId\":\"refreshing-website\",\"storageBucket\":\"refreshing-website.firebasestorage.app\"}","GCLOUD_PROJECT":"refreshing-website","EVENTARC_CLOUD_EVENT_SOURCE":"projects/refreshing-website/locations/us-central1/functions/provisionAdminAccount"},"serviceAccountEmail":null,"availableMemoryMb":null,"timeout":null,"vpcConnector":null,"vpcConnectorEgressSettings":null,"sourceToken":"f57d6fd0-2c70-4ab7-b944-19aed713bef8","buildEnvironmentVariables":{"GOOGLE_NODE_RUN_SCRIPTS":""}}
[2026-08-10T02:44:01.737Z] [queue] Retrying task index 7
[2026-08-10T02:44:01.737Z] Checked if tokens are valid: true, expires at: 1786331729344
[2026-08-10T02:44:01.737Z] Checked if tokens are valid: true, expires at: 1786331729344
[2026-08-10T02:44:01.738Z] >>> [apiv2][query] POST https://cloudfunctions.googleapis.com/v1/projects/refreshing-website/locations/us-central1/functions [none]
[2026-08-10T02:44:01.738Z] >>> [apiv2][body] POST https://cloudfunctions.googleapis.com/v1/projects/refreshing-website/locations/us-central1/functions {"name":"projects/refreshing-website/locations/us-central1/functions/auditSessionsWrite","sourceUploadUrl":"https://storage.googleapis.com/uploads-836972235469.us-central1.cloudfunctions.appspot.com/02c1e8fa-c1af-4e22-a011-38b11d0d0528.zip?GoogleAccessId=service-832093857842@gcf-admin-robot.iam.gserviceaccount.com&Expires=1786331467&Signature=VvDa9HDI3UGM%2FHi4yzU0DUDtxVA0ODbyjK8rjmhZpl77FapwR07yYG27cQvoJq%2FbMXoMdUggMWprpHUxcf63d7X8h7jiO6%2BSK2ngf0ma1u6LkFIZoa%2B%2BhfP4Unu%2BIQLcRs8jHKSJ2C8sXkOilNPe79mOMk3j7FUY9rXyKnX5%2FfOmcW%2F4hkPOqwpVLpIYBugYydoJERfEWFy9K%2BiV0LWOSGO352HW7CqGsJeH94c7yxILlbtxT0CeuMlbuDICtHh01cH2GPxtt0OyBMx4ZN9EzDxFrzQPR7z9zuLdS36mHKN6JhFDX6Nvc%2FRxcDM2DV5SHCcPUiaAa7qZ6QPoNWrVjQ%3D%3D","entryPoint":"auditSessionsWrite","runtime":"nodejs20","dockerRegistry":"ARTIFACT_REGISTRY","labels":{"deployment-tool":"cli-firebase","firebase-functions-hash":"74436fef8c2ebebe3f9c654a6faa2958a1c805fc"},"eventTrigger":{"eventType":"providers/cloud.firestore/eventTypes/document.write","resource":"projects/refreshing-website/databases/(default)/documents/events/{eventId}/sessions/{sessionId}"},"minInstances":null,"maxInstances":null,"ingressSettings":null,"environmentVariables":{"FIREBASE_CONFIG":"{\"projectId\":\"refreshing-website\",\"storageBucket\":\"refreshing-website.firebasestorage.app\"}","GCLOUD_PROJECT":"refreshing-website","EVENTARC_CLOUD_EVENT_SOURCE":"projects/refreshing-website/locations/us-central1/functions/auditSessionsWrite"},"serviceAccountEmail":null,"availableMemoryMb":null,"timeout":null,"vpcConnector":null,"vpcConnectorEgressSettings":null,"sourceToken":"f57d6fd0-2c70-4ab7-b944-19aed713bef8","buildEnvironmentVariables":{"GOOGLE_NODE_RUN_SCRIPTS":""}}
[2026-08-10T02:44:01.743Z] [queue] Retrying task index 4
[2026-08-10T02:44:01.743Z] Checked if tokens are valid: true, expires at: 1786331729344
[2026-08-10T02:44:01.743Z] Checked if tokens are valid: true, expires at: 1786331729344
[2026-08-10T02:44:01.744Z] >>> [apiv2][query] POST https://cloudfunctions.googleapis.com/v1/projects/refreshing-website/locations/us-central1/functions [none]
[2026-08-10T02:44:01.744Z] >>> [apiv2][body] POST https://cloudfunctions.googleapis.com/v1/projects/refreshing-website/locations/us-central1/functions {"name":"projects/refreshing-website/locations/us-central1/functions/undoCheckIn","sourceUploadUrl":"https://storage.googleapis.com/uploads-836972235469.us-central1.cloudfunctions.appspot.com/02c1e8fa-c1af-4e22-a011-38b11d0d0528.zip?GoogleAccessId=service-832093857842@gcf-admin-robot.iam.gserviceaccount.com&Expires=1786331467&Signature=VvDa9HDI3UGM%2FHi4yzU0DUDtxVA0ODbyjK8rjmhZpl77FapwR07yYG27cQvoJq%2FbMXoMdUggMWprpHUxcf63d7X8h7jiO6%2BSK2ngf0ma1u6LkFIZoa%2B%2BhfP4Unu%2BIQLcRs8jHKSJ2C8sXkOilNPe79mOMk3j7FUY9rXyKnX5%2FfOmcW%2F4hkPOqwpVLpIYBugYydoJERfEWFy9K%2BiV0LWOSGO352HW7CqGsJeH94c7yxILlbtxT0CeuMlbuDICtHh01cH2GPxtt0OyBMx4ZN9EzDxFrzQPR7z9zuLdS36mHKN6JhFDX6Nvc%2FRxcDM2DV5SHCcPUiaAa7qZ6QPoNWrVjQ%3D%3D","entryPoint":"undoCheckIn","runtime":"nodejs20","dockerRegistry":"ARTIFACT_REGISTRY","labels":{"deployment-tool":"cli-firebase","deployment-callable":"true","firebase-functions-hash":"74436fef8c2ebebe3f9c654a6faa2958a1c805fc"},"httpsTrigger":{"securityLevel":"SECURE_ALWAYS"},"minInstances":null,"maxInstances":null,"ingressSettings":null,"environmentVariables":{"FIREBASE_CONFIG":"{\"projectId\":\"refreshing-website\",\"storageBucket\":\"refreshing-website.firebasestorage.app\"}","GCLOUD_PROJECT":"refreshing-website","EVENTARC_CLOUD_EVENT_SOURCE":"projects/refreshing-website/locations/us-central1/functions/undoCheckIn"},"serviceAccountEmail":null,"availableMemoryMb":null,"timeout":null,"vpcConnector":null,"vpcConnectorEgressSettings":null,"sourceToken":"f57d6fd0-2c70-4ab7-b944-19aed713bef8","buildEnvironmentVariables":{"GOOGLE_NODE_RUN_SCRIPTS":""}}
[2026-08-10T02:44:01.747Z] [queue] Retrying task index 5
[2026-08-10T02:44:01.748Z] Checked if tokens are valid: true, expires at: 1786331729344
[2026-08-10T02:44:01.748Z] Checked if tokens are valid: true, expires at: 1786331729344
[2026-08-10T02:44:01.748Z] >>> [apiv2][query] POST https://cloudfunctions.googleapis.com/v1/projects/refreshing-website/locations/us-central1/functions [none]
[2026-08-10T02:44:01.748Z] >>> [apiv2][body] POST https://cloudfunctions.googleapis.com/v1/projects/refreshing-website/locations/us-central1/functions {"name":"projects/refreshing-website/locations/us-central1/functions/syncCheckinView","sourceUploadUrl":"https://storage.googleapis.com/uploads-836972235469.us-central1.cloudfunctions.appspot.com/02c1e8fa-c1af-4e22-a011-38b11d0d0528.zip?GoogleAccessId=service-832093857842@gcf-admin-robot.iam.gserviceaccount.com&Expires=1786331467&Signature=VvDa9HDI3UGM%2FHi4yzU0DUDtxVA0ODbyjK8rjmhZpl77FapwR07yYG27cQvoJq%2FbMXoMdUggMWprpHUxcf63d7X8h7jiO6%2BSK2ngf0ma1u6LkFIZoa%2B%2BhfP4Unu%2BIQLcRs8jHKSJ2C8sXkOilNPe79mOMk3j7FUY9rXyKnX5%2FfOmcW%2F4hkPOqwpVLpIYBugYydoJERfEWFy9K%2BiV0LWOSGO352HW7CqGsJeH94c7yxILlbtxT0CeuMlbuDICtHh01cH2GPxtt0OyBMx4ZN9EzDxFrzQPR7z9zuLdS36mHKN6JhFDX6Nvc%2FRxcDM2DV5SHCcPUiaAa7qZ6QPoNWrVjQ%3D%3D","entryPoint":"syncCheckinView","runtime":"nodejs20","dockerRegistry":"ARTIFACT_REGISTRY","labels":{"deployment-tool":"cli-firebase","firebase-functions-hash":"74436fef8c2ebebe3f9c654a6faa2958a1c805fc"},"eventTrigger":{"eventType":"providers/cloud.firestore/eventTypes/document.write","resource":"projects/refreshing-website/databases/(default)/documents/events/{eventId}/attendees/{attendeeId}"},"minInstances":null,"maxInstances":null,"ingressSettings":null,"environmentVariables":{"FIREBASE_CONFIG":"{\"projectId\":\"refreshing-website\",\"storageBucket\":\"refreshing-website.firebasestorage.app\"}","GCLOUD_PROJECT":"refreshing-website","EVENTARC_CLOUD_EVENT_SOURCE":"projects/refreshing-website/locations/us-central1/functions/syncCheckinView"},"serviceAccountEmail":null,"availableMemoryMb":null,"timeout":null,"vpcConnector":null,"vpcConnectorEgressSettings":null,"sourceToken":"f57d6fd0-2c70-4ab7-b944-19aed713bef8","buildEnvironmentVariables":{"GOOGLE_NODE_RUN_SCRIPTS":""}}
[2026-08-10T02:44:01.757Z] [queue] Retrying task index 8
[2026-08-10T02:44:01.757Z] Checked if tokens are valid: true, expires at: 1786331729344
[2026-08-10T02:44:01.759Z] Checked if tokens are valid: true, expires at: 1786331729344
[2026-08-10T02:44:01.760Z] >>> [apiv2][query] POST https://cloudfunctions.googleapis.com/v1/projects/refreshing-website/locations/us-central1/functions [none]
[2026-08-10T02:44:01.760Z] >>> [apiv2][body] POST https://cloudfunctions.googleapis.com/v1/projects/refreshing-website/locations/us-central1/functions {"name":"projects/refreshing-website/locations/us-central1/functions/auditAttendeesWrite","sourceUploadUrl":"https://storage.googleapis.com/uploads-836972235469.us-central1.cloudfunctions.appspot.com/02c1e8fa-c1af-4e22-a011-38b11d0d0528.zip?GoogleAccessId=service-832093857842@gcf-admin-robot.iam.gserviceaccount.com&Expires=1786331467&Signature=VvDa9HDI3UGM%2FHi4yzU0DUDtxVA0ODbyjK8rjmhZpl77FapwR07yYG27cQvoJq%2FbMXoMdUggMWprpHUxcf63d7X8h7jiO6%2BSK2ngf0ma1u6LkFIZoa%2B%2BhfP4Unu%2BIQLcRs8jHKSJ2C8sXkOilNPe79mOMk3j7FUY9rXyKnX5%2FfOmcW%2F4hkPOqwpVLpIYBugYydoJERfEWFy9K%2BiV0LWOSGO352HW7CqGsJeH94c7yxILlbtxT0CeuMlbuDICtHh01cH2GPxtt0OyBMx4ZN9EzDxFrzQPR7z9zuLdS36mHKN6JhFDX6Nvc%2FRxcDM2DV5SHCcPUiaAa7qZ6QPoNWrVjQ%3D%3D","entryPoint":"auditAttendeesWrite","runtime":"nodejs20","dockerRegistry":"ARTIFACT_REGISTRY","labels":{"deployment-tool":"cli-firebase","firebase-functions-hash":"74436fef8c2ebebe3f9c654a6faa2958a1c805fc"},"eventTrigger":{"eventType":"providers/cloud.firestore/eventTypes/document.write","resource":"projects/refreshing-website/databases/(default)/documents/events/{eventId}/attendees/{attendeeId}"},"minInstances":null,"maxInstances":null,"ingressSettings":null,"environmentVariables":{"FIREBASE_CONFIG":"{\"projectId\":\"refreshing-website\",\"storageBucket\":\"refreshing-website.firebasestorage.app\"}","GCLOUD_PROJECT":"refreshing-website","EVENTARC_CLOUD_EVENT_SOURCE":"projects/refreshing-website/locations/us-central1/functions/auditAttendeesWrite"},"serviceAccountEmail":null,"availableMemoryMb":null,"timeout":null,"vpcConnector":null,"vpcConnectorEgressSettings":null,"sourceToken":"f57d6fd0-2c70-4ab7-b944-19aed713bef8","buildEnvironmentVariables":{"GOOGLE_NODE_RUN_SCRIPTS":""}}
[2026-08-10T02:44:01.765Z] [queue] Retrying task index 2
[2026-08-10T02:44:01.765Z] Checked if tokens are valid: true, expires at: 1786331729344
[2026-08-10T02:44:01.765Z] Checked if tokens are valid: true, expires at: 1786331729344
[2026-08-10T02:44:01.765Z] >>> [apiv2][query] POST https://cloudfunctions.googleapis.com/v1/projects/refreshing-website/locations/us-central1/functions [none]
[2026-08-10T02:44:01.766Z] >>> [apiv2][body] POST https://cloudfunctions.googleapis.com/v1/projects/refreshing-website/locations/us-central1/functions {"name":"projects/refreshing-website/locations/us-central1/functions/revokeUserAccess","sourceUploadUrl":"https://storage.googleapis.com/uploads-836972235469.us-central1.cloudfunctions.appspot.com/02c1e8fa-c1af-4e22-a011-38b11d0d0528.zip?GoogleAccessId=service-832093857842@gcf-admin-robot.iam.gserviceaccount.com&Expires=1786331467&Signature=VvDa9HDI3UGM%2FHi4yzU0DUDtxVA0ODbyjK8rjmhZpl77FapwR07yYG27cQvoJq%2FbMXoMdUggMWprpHUxcf63d7X8h7jiO6%2BSK2ngf0ma1u6LkFIZoa%2B%2BhfP4Unu%2BIQLcRs8jHKSJ2C8sXkOilNPe79mOMk3j7FUY9rXyKnX5%2FfOmcW%2F4hkPOqwpVLpIYBugYydoJERfEWFy9K%2BiV0LWOSGO352HW7CqGsJeH94c7yxILlbtxT0CeuMlbuDICtHh01cH2GPxtt0OyBMx4ZN9EzDxFrzQPR7z9zuLdS36mHKN6JhFDX6Nvc%2FRxcDM2DV5SHCcPUiaAa7qZ6QPoNWrVjQ%3D%3D","entryPoint":"revokeUserAccess","runtime":"nodejs20","dockerRegistry":"ARTIFACT_REGISTRY","labels":{"deployment-tool":"cli-firebase","deployment-callable":"true","firebase-functions-hash":"74436fef8c2ebebe3f9c654a6faa2958a1c805fc"},"httpsTrigger":{"securityLevel":"SECURE_ALWAYS"},"minInstances":null,"maxInstances":null,"ingressSettings":null,"environmentVariables":{"FIREBASE_CONFIG":"{\"projectId\":\"refreshing-website\",\"storageBucket\":\"refreshing-website.firebasestorage.app\"}","GCLOUD_PROJECT":"refreshing-website","EVENTARC_CLOUD_EVENT_SOURCE":"projects/refreshing-website/locations/us-central1/functions/revokeUserAccess"},"serviceAccountEmail":null,"availableMemoryMb":null,"timeout":null,"vpcConnector":null,"vpcConnectorEgressSettings":null,"sourceToken":"f57d6fd0-2c70-4ab7-b944-19aed713bef8","buildEnvironmentVariables":{"GOOGLE_NODE_RUN_SCRIPTS":""}}
[2026-08-10T02:44:01.789Z] [queue] Retrying task index 9
[2026-08-10T02:44:01.790Z] Checked if tokens are valid: true, expires at: 1786331729344
[2026-08-10T02:44:01.790Z] Checked if tokens are valid: true, expires at: 1786331729344
[2026-08-10T02:44:01.790Z] >>> [apiv2][query] POST https://cloudfunctions.googleapis.com/v1/projects/refreshing-website/locations/us-central1/functions [none]
[2026-08-10T02:44:01.793Z] >>> [apiv2][body] POST https://cloudfunctions.googleapis.com/v1/projects/refreshing-website/locations/us-central1/functions {"name":"projects/refreshing-website/locations/us-central1/functions/purgeTrash","sourceUploadUrl":"https://storage.googleapis.com/uploads-836972235469.us-central1.cloudfunctions.appspot.com/02c1e8fa-c1af-4e22-a011-38b11d0d0528.zip?GoogleAccessId=service-832093857842@gcf-admin-robot.iam.gserviceaccount.com&Expires=1786331467&Signature=VvDa9HDI3UGM%2FHi4yzU0DUDtxVA0ODbyjK8rjmhZpl77FapwR07yYG27cQvoJq%2FbMXoMdUggMWprpHUxcf63d7X8h7jiO6%2BSK2ngf0ma1u6LkFIZoa%2B%2BhfP4Unu%2BIQLcRs8jHKSJ2C8sXkOilNPe79mOMk3j7FUY9rXyKnX5%2FfOmcW%2F4hkPOqwpVLpIYBugYydoJERfEWFy9K%2BiV0LWOSGO352HW7CqGsJeH94c7yxILlbtxT0CeuMlbuDICtHh01cH2GPxtt0OyBMx4ZN9EzDxFrzQPR7z9zuLdS36mHKN6JhFDX6Nvc%2FRxcDM2DV5SHCcPUiaAa7qZ6QPoNWrVjQ%3D%3D","entryPoint":"purgeTrash","runtime":"nodejs20","dockerRegistry":"ARTIFACT_REGISTRY","labels":{"deployment-tool":"cli-firebase","deployment-scheduled":"true","firebase-functions-hash":"74436fef8c2ebebe3f9c654a6faa2958a1c805fc"},"eventTrigger":{"eventType":"google.pubsub.topic.publish","resource":"projects/refreshing-website/topics/firebase-schedule-purgeTrash-us-central1"},"minInstances":null,"maxInstances":null,"ingressSettings":null,"environmentVariables":{"FIREBASE_CONFIG":"{\"projectId\":\"refreshing-website\",\"storageBucket\":\"refreshing-website.firebasestorage.app\"}","GCLOUD_PROJECT":"refreshing-website","EVENTARC_CLOUD_EVENT_SOURCE":"projects/refreshing-website/locations/us-central1/functions/purgeTrash"},"serviceAccountEmail":null,"availableMemoryMb":null,"timeout":null,"vpcConnector":null,"vpcConnectorEgressSettings":null,"sourceToken":"f57d6fd0-2c70-4ab7-b944-19aed713bef8","buildEnvironmentVariables":{"GOOGLE_NODE_RUN_SCRIPTS":""}}
[2026-08-10T02:44:01.814Z] [queue] Retrying task index 10
[2026-08-10T02:44:01.814Z] Checked if tokens are valid: true, expires at: 1786331729344
[2026-08-10T02:44:01.814Z] Checked if tokens are valid: true, expires at: 1786331729344
[2026-08-10T02:44:01.815Z] >>> [apiv2][query] POST https://cloudfunctions.googleapis.com/v1/projects/refreshing-website/locations/us-central1/functions [none]
[2026-08-10T02:44:01.815Z] >>> [apiv2][body] POST https://cloudfunctions.googleapis.com/v1/projects/refreshing-website/locations/us-central1/functions {"name":"projects/refreshing-website/locations/us-central1/functions/pruneVersionHistory","sourceUploadUrl":"https://storage.googleapis.com/uploads-836972235469.us-central1.cloudfunctions.appspot.com/02c1e8fa-c1af-4e22-a011-38b11d0d0528.zip?GoogleAccessId=service-832093857842@gcf-admin-robot.iam.gserviceaccount.com&Expires=1786331467&Signature=VvDa9HDI3UGM%2FHi4yzU0DUDtxVA0ODbyjK8rjmhZpl77FapwR07yYG27cQvoJq%2FbMXoMdUggMWprpHUxcf63d7X8h7jiO6%2BSK2ngf0ma1u6LkFIZoa%2B%2BhfP4Unu%2BIQLcRs8jHKSJ2C8sXkOilNPe79mOMk3j7FUY9rXyKnX5%2FfOmcW%2F4hkPOqwpVLpIYBugYydoJERfEWFy9K%2BiV0LWOSGO352HW7CqGsJeH94c7yxILlbtxT0CeuMlbuDICtHh01cH2GPxtt0OyBMx4ZN9EzDxFrzQPR7z9zuLdS36mHKN6JhFDX6Nvc%2FRxcDM2DV5SHCcPUiaAa7qZ6QPoNWrVjQ%3D%3D","entryPoint":"pruneVersionHistory","runtime":"nodejs20","dockerRegistry":"ARTIFACT_REGISTRY","labels":{"deployment-tool":"cli-firebase","deployment-scheduled":"true","firebase-functions-hash":"74436fef8c2ebebe3f9c654a6faa2958a1c805fc"},"eventTrigger":{"eventType":"google.pubsub.topic.publish","resource":"projects/refreshing-website/topics/firebase-schedule-pruneVersionHistory-us-central1"},"minInstances":null,"maxInstances":null,"ingressSettings":null,"environmentVariables":{"FIREBASE_CONFIG":"{\"projectId\":\"refreshing-website\",\"storageBucket\":\"refreshing-website.firebasestorage.app\"}","GCLOUD_PROJECT":"refreshing-website","EVENTARC_CLOUD_EVENT_SOURCE":"projects/refreshing-website/locations/us-central1/functions/pruneVersionHistory"},"serviceAccountEmail":null,"availableMemoryMb":null,"timeout":null,"vpcConnector":null,"vpcConnectorEgressSettings":null,"sourceToken":"f57d6fd0-2c70-4ab7-b944-19aed713bef8","buildEnvironmentVariables":{"GOOGLE_NODE_RUN_SCRIPTS":""}}
[2026-08-10T02:44:01.846Z] <<< [apiv2][status] POST https://cloudfunctions.googleapis.com/v1/projects/refreshing-website/locations/us-central1/functions 409
[2026-08-10T02:44:01.847Z] <<< [apiv2][body] POST https://cloudfunctions.googleapis.com/v1/projects/refreshing-website/locations/us-central1/functions {"error":{"code":409,"message":"Failed to create 1st Gen function projects/refreshing-website/locations/us-central1/functions/setUserRole: Function setUserRole in region us-central1 in project refreshing-website already exists","status":"ALREADY_EXISTS"}}
!  functions: failed to create function projects/refreshing-website/locations/us-central1/functions/setUserRole 
[2026-08-10T02:44:02.234Z] <<< [apiv2][status] POST https://cloudfunctions.googleapis.com/v1/projects/refreshing-website/locations/us-central1/functions 409
[2026-08-10T02:44:02.234Z] <<< [apiv2][body] POST https://cloudfunctions.googleapis.com/v1/projects/refreshing-website/locations/us-central1/functions {"error":{"code":409,"message":"Failed to create 1st Gen function projects/refreshing-website/locations/us-central1/functions/markCheckedIn: Function markCheckedIn in region us-central1 in project refreshing-website already exists","status":"ALREADY_EXISTS"}}
!  functions: failed to create function projects/refreshing-website/locations/us-central1/functions/markCheckedIn 
[2026-08-10T02:44:02.318Z] <<< [apiv2][status] POST https://cloudfunctions.googleapis.com/v1/projects/refreshing-website/locations/us-central1/functions 409
[2026-08-10T02:44:02.319Z] <<< [apiv2][body] POST https://cloudfunctions.googleapis.com/v1/projects/refreshing-website/locations/us-central1/functions {"error":{"code":409,"message":"Failed to create 1st Gen function projects/refreshing-website/locations/us-central1/functions/auditAttendeesWrite: Function auditAttendeesWrite in region us-central1 in project refreshing-website already exists","status":"ALREADY_EXISTS"}}
!  functions: failed to create function projects/refreshing-website/locations/us-central1/functions/auditAttendeesWrite 
[2026-08-10T02:44:02.327Z] <<< [apiv2][status] POST https://cloudfunctions.googleapis.com/v1/projects/refreshing-website/locations/us-central1/functions 409
[2026-08-10T02:44:02.328Z] <<< [apiv2][body] POST https://cloudfunctions.googleapis.com/v1/projects/refreshing-website/locations/us-central1/functions {"error":{"code":409,"message":"Failed to create 1st Gen function projects/refreshing-website/locations/us-central1/functions/auditMinistersWrite: Function auditMinistersWrite in region us-central1 in project refreshing-website already exists","status":"ALREADY_EXISTS"}}
!  functions: failed to create function projects/refreshing-website/locations/us-central1/functions/auditMinistersWrite 
[2026-08-10T02:44:02.343Z] <<< [apiv2][status] POST https://cloudfunctions.googleapis.com/v1/projects/refreshing-website/locations/us-central1/functions 409
[2026-08-10T02:44:02.343Z] <<< [apiv2][body] POST https://cloudfunctions.googleapis.com/v1/projects/refreshing-website/locations/us-central1/functions {"error":{"code":409,"message":"Failed to create 1st Gen function projects/refreshing-website/locations/us-central1/functions/undoCheckIn: Function undoCheckIn in region us-central1 in project refreshing-website already exists","status":"ALREADY_EXISTS"}}
!  functions: failed to create function projects/refreshing-website/locations/us-central1/functions/undoCheckIn 
[2026-08-10T02:44:02.348Z] <<< [apiv2][status] POST https://cloudfunctions.googleapis.com/v1/projects/refreshing-website/locations/us-central1/functions 409
[2026-08-10T02:44:02.348Z] <<< [apiv2][body] POST https://cloudfunctions.googleapis.com/v1/projects/refreshing-website/locations/us-central1/functions {"error":{"code":409,"message":"Failed to create 1st Gen function projects/refreshing-website/locations/us-central1/functions/provisionAdminAccount: Function provisionAdminAccount in region us-central1 in project refreshing-website already exists","status":"ALREADY_EXISTS"}}
!  functions: failed to create function projects/refreshing-website/locations/us-central1/functions/provisionAdminAccount 
[2026-08-10T02:44:02.350Z] <<< [apiv2][status] POST https://cloudfunctions.googleapis.com/v1/projects/refreshing-website/locations/us-central1/functions 409
[2026-08-10T02:44:02.350Z] <<< [apiv2][body] POST https://cloudfunctions.googleapis.com/v1/projects/refreshing-website/locations/us-central1/functions {"error":{"code":409,"message":"Failed to create 1st Gen function projects/refreshing-website/locations/us-central1/functions/auditSessionsWrite: Function auditSessionsWrite in region us-central1 in project refreshing-website already exists","status":"ALREADY_EXISTS"}}
!  functions: failed to create function projects/refreshing-website/locations/us-central1/functions/auditSessionsWrite 
[2026-08-10T02:44:02.373Z] <<< [apiv2][status] POST https://cloudfunctions.googleapis.com/v1/projects/refreshing-website/locations/us-central1/functions 409
[2026-08-10T02:44:02.373Z] <<< [apiv2][body] POST https://cloudfunctions.googleapis.com/v1/projects/refreshing-website/locations/us-central1/functions {"error":{"code":409,"message":"Failed to create 1st Gen function projects/refreshing-website/locations/us-central1/functions/syncCheckinView: Function syncCheckinView in region us-central1 in project refreshing-website already exists","status":"ALREADY_EXISTS"}}
!  functions: failed to create function projects/refreshing-website/locations/us-central1/functions/syncCheckinView 
[2026-08-10T02:44:02.376Z] <<< [apiv2][status] POST https://cloudfunctions.googleapis.com/v1/projects/refreshing-website/locations/us-central1/functions 409
[2026-08-10T02:44:02.376Z] <<< [apiv2][body] POST https://cloudfunctions.googleapis.com/v1/projects/refreshing-website/locations/us-central1/functions {"error":{"code":409,"message":"Failed to create 1st Gen function projects/refreshing-website/locations/us-central1/functions/revokeUserAccess: Function revokeUserAccess in region us-central1 in project refreshing-website already exists","status":"ALREADY_EXISTS"}}
!  functions: failed to create function projects/refreshing-website/locations/us-central1/functions/revokeUserAccess 
[2026-08-10T02:44:02.378Z] <<< [apiv2][status] POST https://cloudfunctions.googleapis.com/v1/projects/refreshing-website/locations/us-central1/functions 409
[2026-08-10T02:44:02.378Z] <<< [apiv2][body] POST https://cloudfunctions.googleapis.com/v1/projects/refreshing-website/locations/us-central1/functions {"error":{"code":409,"message":"Failed to create 1st Gen function projects/refreshing-website/locations/us-central1/functions/purgeTrash: Function purgeTrash in region us-central1 in project refreshing-website already exists","status":"ALREADY_EXISTS"}}
!  functions: failed to create function projects/refreshing-website/locations/us-central1/functions/purgeTrash 
[2026-08-10T02:44:02.385Z] <<< [apiv2][status] POST https://cloudfunctions.googleapis.com/v1/projects/refreshing-website/locations/us-central1/functions 409
[2026-08-10T02:44:02.386Z] <<< [apiv2][body] POST https://cloudfunctions.googleapis.com/v1/projects/refreshing-website/locations/us-central1/functions {"error":{"code":409,"message":"Failed to create 1st Gen function projects/refreshing-website/locations/us-central1/functions/pruneVersionHistory: Function pruneVersionHistory in region us-central1 in project refreshing-website already exists","status":"ALREADY_EXISTS"}}
!  functions: failed to create function projects/refreshing-website/locations/us-central1/functions/pruneVersionHistory 
[2026-08-10T02:45:41.850Z] [queue] Retrying task index 1
[2026-08-10T02:45:41.850Z] Checked if tokens are valid: true, expires at: 1786331729344
[2026-08-10T02:45:41.850Z] Checked if tokens are valid: true, expires at: 1786331729344
[2026-08-10T02:45:41.851Z] >>> [apiv2][query] POST https://cloudfunctions.googleapis.com/v1/projects/refreshing-website/locations/us-central1/functions [none]
[2026-08-10T02:45:41.851Z] >>> [apiv2][body] POST https://cloudfunctions.googleapis.com/v1/projects/refreshing-website/locations/us-central1/functions {"name":"projects/refreshing-website/locations/us-central1/functions/setUserRole","sourceUploadUrl":"https://storage.googleapis.com/uploads-836972235469.us-central1.cloudfunctions.appspot.com/02c1e8fa-c1af-4e22-a011-38b11d0d0528.zip?GoogleAccessId=service-832093857842@gcf-admin-robot.iam.gserviceaccount.com&Expires=1786331467&Signature=VvDa9HDI3UGM%2FHi4yzU0DUDtxVA0ODbyjK8rjmhZpl77FapwR07yYG27cQvoJq%2FbMXoMdUggMWprpHUxcf63d7X8h7jiO6%2BSK2ngf0ma1u6LkFIZoa%2B%2BhfP4Unu%2BIQLcRs8jHKSJ2C8sXkOilNPe79mOMk3j7FUY9rXyKnX5%2FfOmcW%2F4hkPOqwpVLpIYBugYydoJERfEWFy9K%2BiV0LWOSGO352HW7CqGsJeH94c7yxILlbtxT0CeuMlbuDICtHh01cH2GPxtt0OyBMx4ZN9EzDxFrzQPR7z9zuLdS36mHKN6JhFDX6Nvc%2FRxcDM2DV5SHCcPUiaAa7qZ6QPoNWrVjQ%3D%3D","entryPoint":"setUserRole","runtime":"nodejs20","dockerRegistry":"ARTIFACT_REGISTRY","labels":{"deployment-tool":"cli-firebase","deployment-callable":"true","firebase-functions-hash":"74436fef8c2ebebe3f9c654a6faa2958a1c805fc"},"httpsTrigger":{"securityLevel":"SECURE_ALWAYS"},"minInstances":null,"maxInstances":null,"ingressSettings":null,"environmentVariables":{"FIREBASE_CONFIG":"{\"projectId\":\"refreshing-website\",\"storageBucket\":\"refreshing-website.firebasestorage.app\"}","GCLOUD_PROJECT":"refreshing-website","EVENTARC_CLOUD_EVENT_SOURCE":"projects/refreshing-website/locations/us-central1/functions/setUserRole"},"serviceAccountEmail":null,"availableMemoryMb":null,"timeout":null,"vpcConnector":null,"vpcConnectorEgressSettings":null,"sourceToken":"f57d6fd0-2c70-4ab7-b944-19aed713bef8","buildEnvironmentVariables":{"GOOGLE_NODE_RUN_SCRIPTS":""}}
[2026-08-10T02:45:42.235Z] [queue] Retrying task index 3
[2026-08-10T02:45:42.235Z] Checked if tokens are valid: true, expires at: 1786331729344
[2026-08-10T02:45:42.235Z] Checked if tokens are valid: true, expires at: 1786331729344
[2026-08-10T02:45:42.235Z] >>> [apiv2][query] POST https://cloudfunctions.googleapis.com/v1/projects/refreshing-website/locations/us-central1/functions [none]
[2026-08-10T02:45:42.236Z] >>> [apiv2][body] POST https://cloudfunctions.googleapis.com/v1/projects/refreshing-website/locations/us-central1/functions {"name":"projects/refreshing-website/locations/us-central1/functions/markCheckedIn","sourceUploadUrl":"https://storage.googleapis.com/uploads-836972235469.us-central1.cloudfunctions.appspot.com/02c1e8fa-c1af-4e22-a011-38b11d0d0528.zip?GoogleAccessId=service-832093857842@gcf-admin-robot.iam.gserviceaccount.com&Expires=1786331467&Signature=VvDa9HDI3UGM%2FHi4yzU0DUDtxVA0ODbyjK8rjmhZpl77FapwR07yYG27cQvoJq%2FbMXoMdUggMWprpHUxcf63d7X8h7jiO6%2BSK2ngf0ma1u6LkFIZoa%2B%2BhfP4Unu%2BIQLcRs8jHKSJ2C8sXkOilNPe79mOMk3j7FUY9rXyKnX5%2FfOmcW%2F4hkPOqwpVLpIYBugYydoJERfEWFy9K%2BiV0LWOSGO352HW7CqGsJeH94c7yxILlbtxT0CeuMlbuDICtHh01cH2GPxtt0OyBMx4ZN9EzDxFrzQPR7z9zuLdS36mHKN6JhFDX6Nvc%2FRxcDM2DV5SHCcPUiaAa7qZ6QPoNWrVjQ%3D%3D","entryPoint":"markCheckedIn","runtime":"nodejs20","dockerRegistry":"ARTIFACT_REGISTRY","labels":{"deployment-tool":"cli-firebase","deployment-callable":"true","firebase-functions-hash":"74436fef8c2ebebe3f9c654a6faa2958a1c805fc"},"httpsTrigger":{"securityLevel":"SECURE_ALWAYS"},"minInstances":null,"maxInstances":null,"ingressSettings":null,"environmentVariables":{"FIREBASE_CONFIG":"{\"projectId\":\"refreshing-website\",\"storageBucket\":\"refreshing-website.firebasestorage.app\"}","GCLOUD_PROJECT":"refreshing-website","EVENTARC_CLOUD_EVENT_SOURCE":"projects/refreshing-website/locations/us-central1/functions/markCheckedIn"},"serviceAccountEmail":null,"availableMemoryMb":null,"timeout":null,"vpcConnector":null,"vpcConnectorEgressSettings":null,"sourceToken":"f57d6fd0-2c70-4ab7-b944-19aed713bef8","buildEnvironmentVariables":{"GOOGLE_NODE_RUN_SCRIPTS":""}}
[2026-08-10T02:45:42.319Z] [queue] Retrying task index 8
[2026-08-10T02:45:42.320Z] Checked if tokens are valid: true, expires at: 1786331729344
[2026-08-10T02:45:42.320Z] Checked if tokens are valid: true, expires at: 1786331729344
[2026-08-10T02:45:42.320Z] >>> [apiv2][query] POST https://cloudfunctions.googleapis.com/v1/projects/refreshing-website/locations/us-central1/functions [none]
[2026-08-10T02:45:42.320Z] >>> [apiv2][body] POST https://cloudfunctions.googleapis.com/v1/projects/refreshing-website/locations/us-central1/functions {"name":"projects/refreshing-website/locations/us-central1/functions/auditAttendeesWrite","sourceUploadUrl":"https://storage.googleapis.com/uploads-836972235469.us-central1.cloudfunctions.appspot.com/02c1e8fa-c1af-4e22-a011-38b11d0d0528.zip?GoogleAccessId=service-832093857842@gcf-admin-robot.iam.gserviceaccount.com&Expires=1786331467&Signature=VvDa9HDI3UGM%2FHi4yzU0DUDtxVA0ODbyjK8rjmhZpl77FapwR07yYG27cQvoJq%2FbMXoMdUggMWprpHUxcf63d7X8h7jiO6%2BSK2ngf0ma1u6LkFIZoa%2B%2BhfP4Unu%2BIQLcRs8jHKSJ2C8sXkOilNPe79mOMk3j7FUY9rXyKnX5%2FfOmcW%2F4hkPOqwpVLpIYBugYydoJERfEWFy9K%2BiV0LWOSGO352HW7CqGsJeH94c7yxILlbtxT0CeuMlbuDICtHh01cH2GPxtt0OyBMx4ZN9EzDxFrzQPR7z9zuLdS36mHKN6JhFDX6Nvc%2FRxcDM2DV5SHCcPUiaAa7qZ6QPoNWrVjQ%3D%3D","entryPoint":"auditAttendeesWrite","runtime":"nodejs20","dockerRegistry":"ARTIFACT_REGISTRY","labels":{"deployment-tool":"cli-firebase","firebase-functions-hash":"74436fef8c2ebebe3f9c654a6faa2958a1c805fc"},"eventTrigger":{"eventType":"providers/cloud.firestore/eventTypes/document.write","resource":"projects/refreshing-website/databases/(default)/documents/events/{eventId}/attendees/{attendeeId}"},"minInstances":null,"maxInstances":null,"ingressSettings":null,"environmentVariables":{"FIREBASE_CONFIG":"{\"projectId\":\"refreshing-website\",\"storageBucket\":\"refreshing-website.firebasestorage.app\"}","GCLOUD_PROJECT":"refreshing-website","EVENTARC_CLOUD_EVENT_SOURCE":"projects/refreshing-website/locations/us-central1/functions/auditAttendeesWrite"},"serviceAccountEmail":null,"availableMemoryMb":null,"timeout":null,"vpcConnector":null,"vpcConnectorEgressSettings":null,"sourceToken":"f57d6fd0-2c70-4ab7-b944-19aed713bef8","buildEnvironmentVariables":{"GOOGLE_NODE_RUN_SCRIPTS":""}}
[2026-08-10T02:45:42.330Z] [queue] Retrying task index 6
[2026-08-10T02:45:42.330Z] Checked if tokens are valid: true, expires at: 1786331729344
[2026-08-10T02:45:42.331Z] Checked if tokens are valid: true, expires at: 1786331729344
[2026-08-10T02:45:42.331Z] >>> [apiv2][query] POST https://cloudfunctions.googleapis.com/v1/projects/refreshing-website/locations/us-central1/functions [none]
[2026-08-10T02:45:42.331Z] >>> [apiv2][body] POST https://cloudfunctions.googleapis.com/v1/projects/refreshing-website/locations/us-central1/functions {"name":"projects/refreshing-website/locations/us-central1/functions/auditMinistersWrite","sourceUploadUrl":"https://storage.googleapis.com/uploads-836972235469.us-central1.cloudfunctions.appspot.com/02c1e8fa-c1af-4e22-a011-38b11d0d0528.zip?GoogleAccessId=service-832093857842@gcf-admin-robot.iam.gserviceaccount.com&Expires=1786331467&Signature=VvDa9HDI3UGM%2FHi4yzU0DUDtxVA0ODbyjK8rjmhZpl77FapwR07yYG27cQvoJq%2FbMXoMdUggMWprpHUxcf63d7X8h7jiO6%2BSK2ngf0ma1u6LkFIZoa%2B%2BhfP4Unu%2BIQLcRs8jHKSJ2C8sXkOilNPe79mOMk3j7FUY9rXyKnX5%2FfOmcW%2F4hkPOqwpVLpIYBugYydoJERfEWFy9K%2BiV0LWOSGO352HW7CqGsJeH94c7yxILlbtxT0CeuMlbuDICtHh01cH2GPxtt0OyBMx4ZN9EzDxFrzQPR7z9zuLdS36mHKN6JhFDX6Nvc%2FRxcDM2DV5SHCcPUiaAa7qZ6QPoNWrVjQ%3D%3D","entryPoint":"auditMinistersWrite","runtime":"nodejs20","dockerRegistry":"ARTIFACT_REGISTRY","labels":{"deployment-tool":"cli-firebase","firebase-functions-hash":"74436fef8c2ebebe3f9c654a6faa2958a1c805fc"},"eventTrigger":{"eventType":"providers/cloud.firestore/eventTypes/document.write","resource":"projects/refreshing-website/databases/(default)/documents/events/{eventId}/ministers/{ministerId}"},"minInstances":null,"maxInstances":null,"ingressSettings":null,"environmentVariables":{"FIREBASE_CONFIG":"{\"projectId\":\"refreshing-website\",\"storageBucket\":\"refreshing-website.firebasestorage.app\"}","GCLOUD_PROJECT":"refreshing-website","EVENTARC_CLOUD_EVENT_SOURCE":"projects/refreshing-website/locations/us-central1/functions/auditMinistersWrite"},"serviceAccountEmail":null,"availableMemoryMb":null,"timeout":null,"vpcConnector":null,"vpcConnectorEgressSettings":null,"sourceToken":"f57d6fd0-2c70-4ab7-b944-19aed713bef8","buildEnvironmentVariables":{"GOOGLE_NODE_RUN_SCRIPTS":""}}
[2026-08-10T02:45:42.346Z] [queue] Retrying task index 4
[2026-08-10T02:45:42.347Z] Checked if tokens are valid: true, expires at: 1786331729344
[2026-08-10T02:45:42.347Z] Checked if tokens are valid: true, expires at: 1786331729344
[2026-08-10T02:45:42.347Z] >>> [apiv2][query] POST https://cloudfunctions.googleapis.com/v1/projects/refreshing-website/locations/us-central1/functions [none]
[2026-08-10T02:45:42.347Z] >>> [apiv2][body] POST https://cloudfunctions.googleapis.com/v1/projects/refreshing-website/locations/us-central1/functions {"name":"projects/refreshing-website/locations/us-central1/functions/undoCheckIn","sourceUploadUrl":"https://storage.googleapis.com/uploads-836972235469.us-central1.cloudfunctions.appspot.com/02c1e8fa-c1af-4e22-a011-38b11d0d0528.zip?GoogleAccessId=service-832093857842@gcf-admin-robot.iam.gserviceaccount.com&Expires=1786331467&Signature=VvDa9HDI3UGM%2FHi4yzU0DUDtxVA0ODbyjK8rjmhZpl77FapwR07yYG27cQvoJq%2FbMXoMdUggMWprpHUxcf63d7X8h7jiO6%2BSK2ngf0ma1u6LkFIZoa%2B%2BhfP4Unu%2BIQLcRs8jHKSJ2C8sXkOilNPe79mOMk3j7FUY9rXyKnX5%2FfOmcW%2F4hkPOqwpVLpIYBugYydoJERfEWFy9K%2BiV0LWOSGO352HW7CqGsJeH94c7yxILlbtxT0CeuMlbuDICtHh01cH2GPxtt0OyBMx4ZN9EzDxFrzQPR7z9zuLdS36mHKN6JhFDX6Nvc%2FRxcDM2DV5SHCcPUiaAa7qZ6QPoNWrVjQ%3D%3D","entryPoint":"undoCheckIn","runtime":"nodejs20","dockerRegistry":"ARTIFACT_REGISTRY","labels":{"deployment-tool":"cli-firebase","deployment-callable":"true","firebase-functions-hash":"74436fef8c2ebebe3f9c654a6faa2958a1c805fc"},"httpsTrigger":{"securityLevel":"SECURE_ALWAYS"},"minInstances":null,"maxInstances":null,"ingressSettings":null,"environmentVariables":{"FIREBASE_CONFIG":"{\"projectId\":\"refreshing-website\",\"storageBucket\":\"refreshing-website.firebasestorage.app\"}","GCLOUD_PROJECT":"refreshing-website","EVENTARC_CLOUD_EVENT_SOURCE":"projects/refreshing-website/locations/us-central1/functions/undoCheckIn"},"serviceAccountEmail":null,"availableMemoryMb":null,"timeout":null,"vpcConnector":null,"vpcConnectorEgressSettings":null,"sourceToken":"f57d6fd0-2c70-4ab7-b944-19aed713bef8","buildEnvironmentVariables":{"GOOGLE_NODE_RUN_SCRIPTS":""}}
[2026-08-10T02:45:42.356Z] [queue] Retrying task index 11
[2026-08-10T02:45:42.356Z] Checked if tokens are valid: true, expires at: 1786331729344
[2026-08-10T02:45:42.357Z] Checked if tokens are valid: true, expires at: 1786331729344
[2026-08-10T02:45:42.357Z] >>> [apiv2][query] POST https://cloudfunctions.googleapis.com/v1/projects/refreshing-website/locations/us-central1/functions [none]
[2026-08-10T02:45:42.357Z] >>> [apiv2][body] POST https://cloudfunctions.googleapis.com/v1/projects/refreshing-website/locations/us-central1/functions {"name":"projects/refreshing-website/locations/us-central1/functions/provisionAdminAccount","sourceUploadUrl":"https://storage.googleapis.com/uploads-836972235469.us-central1.cloudfunctions.appspot.com/02c1e8fa-c1af-4e22-a011-38b11d0d0528.zip?GoogleAccessId=service-832093857842@gcf-admin-robot.iam.gserviceaccount.com&Expires=1786331467&Signature=VvDa9HDI3UGM%2FHi4yzU0DUDtxVA0ODbyjK8rjmhZpl77FapwR07yYG27cQvoJq%2FbMXoMdUggMWprpHUxcf63d7X8h7jiO6%2BSK2ngf0ma1u6LkFIZoa%2B%2BhfP4Unu%2BIQLcRs8jHKSJ2C8sXkOilNPe79mOMk3j7FUY9rXyKnX5%2FfOmcW%2F4hkPOqwpVLpIYBugYydoJERfEWFy9K%2BiV0LWOSGO352HW7CqGsJeH94c7yxILlbtxT0CeuMlbuDICtHh01cH2GPxtt0OyBMx4ZN9EzDxFrzQPR7z9zuLdS36mHKN6JhFDX6Nvc%2FRxcDM2DV5SHCcPUiaAa7qZ6QPoNWrVjQ%3D%3D","entryPoint":"provisionAdminAccount","runtime":"nodejs20","dockerRegistry":"ARTIFACT_REGISTRY","labels":{"deployment-tool":"cli-firebase","deployment-callable":"true","firebase-functions-hash":"74436fef8c2ebebe3f9c654a6faa2958a1c805fc"},"httpsTrigger":{"securityLevel":"SECURE_ALWAYS"},"minInstances":null,"maxInstances":null,"ingressSettings":null,"environmentVariables":{"FIREBASE_CONFIG":"{\"projectId\":\"refreshing-website\",\"storageBucket\":\"refreshing-website.firebasestorage.app\"}","GCLOUD_PROJECT":"refreshing-website","EVENTARC_CLOUD_EVENT_SOURCE":"projects/refreshing-website/locations/us-central1/functions/provisionAdminAccount"},"serviceAccountEmail":null,"availableMemoryMb":null,"timeout":null,"vpcConnector":null,"vpcConnectorEgressSettings":null,"sourceToken":"f57d6fd0-2c70-4ab7-b944-19aed713bef8","buildEnvironmentVariables":{"GOOGLE_NODE_RUN_SCRIPTS":""}}
[2026-08-10T02:45:42.366Z] [queue] Retrying task index 7
[2026-08-10T02:45:42.367Z] Checked if tokens are valid: true, expires at: 1786331729344
[2026-08-10T02:45:42.367Z] Checked if tokens are valid: true, expires at: 1786331729344
[2026-08-10T02:45:42.367Z] >>> [apiv2][query] POST https://cloudfunctions.googleapis.com/v1/projects/refreshing-website/locations/us-central1/functions [none]
[2026-08-10T02:45:42.368Z] >>> [apiv2][body] POST https://cloudfunctions.googleapis.com/v1/projects/refreshing-website/locations/us-central1/functions {"name":"projects/refreshing-website/locations/us-central1/functions/auditSessionsWrite","sourceUploadUrl":"https://storage.googleapis.com/uploads-836972235469.us-central1.cloudfunctions.appspot.com/02c1e8fa-c1af-4e22-a011-38b11d0d0528.zip?GoogleAccessId=service-832093857842@gcf-admin-robot.iam.gserviceaccount.com&Expires=1786331467&Signature=VvDa9HDI3UGM%2FHi4yzU0DUDtxVA0ODbyjK8rjmhZpl77FapwR07yYG27cQvoJq%2FbMXoMdUggMWprpHUxcf63d7X8h7jiO6%2BSK2ngf0ma1u6LkFIZoa%2B%2BhfP4Unu%2BIQLcRs8jHKSJ2C8sXkOilNPe79mOMk3j7FUY9rXyKnX5%2FfOmcW%2F4hkPOqwpVLpIYBugYydoJERfEWFy9K%2BiV0LWOSGO352HW7CqGsJeH94c7yxILlbtxT0CeuMlbuDICtHh01cH2GPxtt0OyBMx4ZN9EzDxFrzQPR7z9zuLdS36mHKN6JhFDX6Nvc%2FRxcDM2DV5SHCcPUiaAa7qZ6QPoNWrVjQ%3D%3D","entryPoint":"auditSessionsWrite","runtime":"nodejs20","dockerRegistry":"ARTIFACT_REGISTRY","labels":{"deployment-tool":"cli-firebase","firebase-functions-hash":"74436fef8c2ebebe3f9c654a6faa2958a1c805fc"},"eventTrigger":{"eventType":"providers/cloud.firestore/eventTypes/document.write","resource":"projects/refreshing-website/databases/(default)/documents/events/{eventId}/sessions/{sessionId}"},"minInstances":null,"maxInstances":null,"ingressSettings":null,"environmentVariables":{"FIREBASE_CONFIG":"{\"projectId\":\"refreshing-website\",\"storageBucket\":\"refreshing-website.firebasestorage.app\"}","GCLOUD_PROJECT":"refreshing-website","EVENTARC_CLOUD_EVENT_SOURCE":"projects/refreshing-website/locations/us-central1/functions/auditSessionsWrite"},"serviceAccountEmail":null,"availableMemoryMb":null,"timeout":null,"vpcConnector":null,"vpcConnectorEgressSettings":null,"sourceToken":"f57d6fd0-2c70-4ab7-b944-19aed713bef8","buildEnvironmentVariables":{"GOOGLE_NODE_RUN_SCRIPTS":""}}
[2026-08-10T02:45:42.390Z] [queue] Retrying task index 5
[2026-08-10T02:45:42.390Z] Checked if tokens are valid: true, expires at: 1786331729344
[2026-08-10T02:45:42.390Z] Checked if tokens are valid: true, expires at: 1786331729344
[2026-08-10T02:45:42.390Z] >>> [apiv2][query] POST https://cloudfunctions.googleapis.com/v1/projects/refreshing-website/locations/us-central1/functions [none]
[2026-08-10T02:45:42.391Z] >>> [apiv2][body] POST https://cloudfunctions.googleapis.com/v1/projects/refreshing-website/locations/us-central1/functions {"name":"projects/refreshing-website/locations/us-central1/functions/syncCheckinView","sourceUploadUrl":"https://storage.googleapis.com/uploads-836972235469.us-central1.cloudfunctions.appspot.com/02c1e8fa-c1af-4e22-a011-38b11d0d0528.zip?GoogleAccessId=service-832093857842@gcf-admin-robot.iam.gserviceaccount.com&Expires=1786331467&Signature=VvDa9HDI3UGM%2FHi4yzU0DUDtxVA0ODbyjK8rjmhZpl77FapwR07yYG27cQvoJq%2FbMXoMdUggMWprpHUxcf63d7X8h7jiO6%2BSK2ngf0ma1u6LkFIZoa%2B%2BhfP4Unu%2BIQLcRs8jHKSJ2C8sXkOilNPe79mOMk3j7FUY9rXyKnX5%2FfOmcW%2F4hkPOqwpVLpIYBugYydoJERfEWFy9K%2BiV0LWOSGO352HW7CqGsJeH94c7yxILlbtxT0CeuMlbuDICtHh01cH2GPxtt0OyBMx4ZN9EzDxFrzQPR7z9zuLdS36mHKN6JhFDX6Nvc%2FRxcDM2DV5SHCcPUiaAa7qZ6QPoNWrVjQ%3D%3D","entryPoint":"syncCheckinView","runtime":"nodejs20","dockerRegistry":"ARTIFACT_REGISTRY","labels":{"deployment-tool":"cli-firebase","firebase-functions-hash":"74436fef8c2ebebe3f9c654a6faa2958a1c805fc"},"eventTrigger":{"eventType":"providers/cloud.firestore/eventTypes/document.write","resource":"projects/refreshing-website/databases/(default)/documents/events/{eventId}/attendees/{attendeeId}"},"minInstances":null,"maxInstances":null,"ingressSettings":null,"environmentVariables":{"FIREBASE_CONFIG":"{\"projectId\":\"refreshing-website\",\"storageBucket\":\"refreshing-website.firebasestorage.app\"}","GCLOUD_PROJECT":"refreshing-website","EVENTARC_CLOUD_EVENT_SOURCE":"projects/refreshing-website/locations/us-central1/functions/syncCheckinView"},"serviceAccountEmail":null,"availableMemoryMb":null,"timeout":null,"vpcConnector":null,"vpcConnectorEgressSettings":null,"sourceToken":"f57d6fd0-2c70-4ab7-b944-19aed713bef8","buildEnvironmentVariables":{"GOOGLE_NODE_RUN_SCRIPTS":""}}
[2026-08-10T02:45:42.395Z] [queue] Retrying task index 2
[2026-08-10T02:45:42.395Z] Checked if tokens are valid: true, expires at: 1786331729344
[2026-08-10T02:45:42.395Z] Checked if tokens are valid: true, expires at: 1786331729344
[2026-08-10T02:45:42.395Z] >>> [apiv2][query] POST https://cloudfunctions.googleapis.com/v1/projects/refreshing-website/locations/us-central1/functions [none]
[2026-08-10T02:45:42.396Z] >>> [apiv2][body] POST https://cloudfunctions.googleapis.com/v1/projects/refreshing-website/locations/us-central1/functions {"name":"projects/refreshing-website/locations/us-central1/functions/revokeUserAccess","sourceUploadUrl":"https://storage.googleapis.com/uploads-836972235469.us-central1.cloudfunctions.appspot.com/02c1e8fa-c1af-4e22-a011-38b11d0d0528.zip?GoogleAccessId=service-832093857842@gcf-admin-robot.iam.gserviceaccount.com&Expires=1786331467&Signature=VvDa9HDI3UGM%2FHi4yzU0DUDtxVA0ODbyjK8rjmhZpl77FapwR07yYG27cQvoJq%2FbMXoMdUggMWprpHUxcf63d7X8h7jiO6%2BSK2ngf0ma1u6LkFIZoa%2B%2BhfP4Unu%2BIQLcRs8jHKSJ2C8sXkOilNPe79mOMk3j7FUY9rXyKnX5%2FfOmcW%2F4hkPOqwpVLpIYBugYydoJERfEWFy9K%2BiV0LWOSGO352HW7CqGsJeH94c7yxILlbtxT0CeuMlbuDICtHh01cH2GPxtt0OyBMx4ZN9EzDxFrzQPR7z9zuLdS36mHKN6JhFDX6Nvc%2FRxcDM2DV5SHCcPUiaAa7qZ6QPoNWrVjQ%3D%3D","entryPoint":"revokeUserAccess","runtime":"nodejs20","dockerRegistry":"ARTIFACT_REGISTRY","labels":{"deployment-tool":"cli-firebase","deployment-callable":"true","firebase-functions-hash":"74436fef8c2ebebe3f9c654a6faa2958a1c805fc"},"httpsTrigger":{"securityLevel":"SECURE_ALWAYS"},"minInstances":null,"maxInstances":null,"ingressSettings":null,"environmentVariables":{"FIREBASE_CONFIG":"{\"projectId\":\"refreshing-website\",\"storageBucket\":\"refreshing-website.firebasestorage.app\"}","GCLOUD_PROJECT":"refreshing-website","EVENTARC_CLOUD_EVENT_SOURCE":"projects/refreshing-website/locations/us-central1/functions/revokeUserAccess"},"serviceAccountEmail":null,"availableMemoryMb":null,"timeout":null,"vpcConnector":null,"vpcConnectorEgressSettings":null,"sourceToken":"f57d6fd0-2c70-4ab7-b944-19aed713bef8","buildEnvironmentVariables":{"GOOGLE_NODE_RUN_SCRIPTS":""}}
[2026-08-10T02:45:42.398Z] [queue] Retrying task index 9
[2026-08-10T02:45:42.399Z] Checked if tokens are valid: true, expires at: 1786331729344
[2026-08-10T02:45:42.399Z] Checked if tokens are valid: true, expires at: 1786331729344
[2026-08-10T02:45:42.399Z] >>> [apiv2][query] POST https://cloudfunctions.googleapis.com/v1/projects/refreshing-website/locations/us-central1/functions [none]
[2026-08-10T02:45:42.399Z] >>> [apiv2][body] POST https://cloudfunctions.googleapis.com/v1/projects/refreshing-website/locations/us-central1/functions {"name":"projects/refreshing-website/locations/us-central1/functions/purgeTrash","sourceUploadUrl":"https://storage.googleapis.com/uploads-836972235469.us-central1.cloudfunctions.appspot.com/02c1e8fa-c1af-4e22-a011-38b11d0d0528.zip?GoogleAccessId=service-832093857842@gcf-admin-robot.iam.gserviceaccount.com&Expires=1786331467&Signature=VvDa9HDI3UGM%2FHi4yzU0DUDtxVA0ODbyjK8rjmhZpl77FapwR07yYG27cQvoJq%2FbMXoMdUggMWprpHUxcf63d7X8h7jiO6%2BSK2ngf0ma1u6LkFIZoa%2B%2BhfP4Unu%2BIQLcRs8jHKSJ2C8sXkOilNPe79mOMk3j7FUY9rXyKnX5%2FfOmcW%2F4hkPOqwpVLpIYBugYydoJERfEWFy9K%2BiV0LWOSGO352HW7CqGsJeH94c7yxILlbtxT0CeuMlbuDICtHh01cH2GPxtt0OyBMx4ZN9EzDxFrzQPR7z9zuLdS36mHKN6JhFDX6Nvc%2FRxcDM2DV5SHCcPUiaAa7qZ6QPoNWrVjQ%3D%3D","entryPoint":"purgeTrash","runtime":"nodejs20","dockerRegistry":"ARTIFACT_REGISTRY","labels":{"deployment-tool":"cli-firebase","deployment-scheduled":"true","firebase-functions-hash":"74436fef8c2ebebe3f9c654a6faa2958a1c805fc"},"eventTrigger":{"eventType":"google.pubsub.topic.publish","resource":"projects/refreshing-website/topics/firebase-schedule-purgeTrash-us-central1"},"minInstances":null,"maxInstances":null,"ingressSettings":null,"environmentVariables":{"FIREBASE_CONFIG":"{\"projectId\":\"refreshing-website\",\"storageBucket\":\"refreshing-website.firebasestorage.app\"}","GCLOUD_PROJECT":"refreshing-website","EVENTARC_CLOUD_EVENT_SOURCE":"projects/refreshing-website/locations/us-central1/functions/purgeTrash"},"serviceAccountEmail":null,"availableMemoryMb":null,"timeout":null,"vpcConnector":null,"vpcConnectorEgressSettings":null,"sourceToken":"f57d6fd0-2c70-4ab7-b944-19aed713bef8","buildEnvironmentVariables":{"GOOGLE_NODE_RUN_SCRIPTS":""}}
[2026-08-10T02:45:42.401Z] [queue] Retrying task index 10
[2026-08-10T02:45:42.402Z] Checked if tokens are valid: true, expires at: 1786331729344
[2026-08-10T02:45:42.402Z] Checked if tokens are valid: true, expires at: 1786331729344
[2026-08-10T02:45:42.402Z] >>> [apiv2][query] POST https://cloudfunctions.googleapis.com/v1/projects/refreshing-website/locations/us-central1/functions [none]
[2026-08-10T02:45:42.402Z] >>> [apiv2][body] POST https://cloudfunctions.googleapis.com/v1/projects/refreshing-website/locations/us-central1/functions {"name":"projects/refreshing-website/locations/us-central1/functions/pruneVersionHistory","sourceUploadUrl":"https://storage.googleapis.com/uploads-836972235469.us-central1.cloudfunctions.appspot.com/02c1e8fa-c1af-4e22-a011-38b11d0d0528.zip?GoogleAccessId=service-832093857842@gcf-admin-robot.iam.gserviceaccount.com&Expires=1786331467&Signature=VvDa9HDI3UGM%2FHi4yzU0DUDtxVA0ODbyjK8rjmhZpl77FapwR07yYG27cQvoJq%2FbMXoMdUggMWprpHUxcf63d7X8h7jiO6%2BSK2ngf0ma1u6LkFIZoa%2B%2BhfP4Unu%2BIQLcRs8jHKSJ2C8sXkOilNPe79mOMk3j7FUY9rXyKnX5%2FfOmcW%2F4hkPOqwpVLpIYBugYydoJERfEWFy9K%2BiV0LWOSGO352HW7CqGsJeH94c7yxILlbtxT0CeuMlbuDICtHh01cH2GPxtt0OyBMx4ZN9EzDxFrzQPR7z9zuLdS36mHKN6JhFDX6Nvc%2FRxcDM2DV5SHCcPUiaAa7qZ6QPoNWrVjQ%3D%3D","entryPoint":"pruneVersionHistory","runtime":"nodejs20","dockerRegistry":"ARTIFACT_REGISTRY","labels":{"deployment-tool":"cli-firebase","deployment-scheduled":"true","firebase-functions-hash":"74436fef8c2ebebe3f9c654a6faa2958a1c805fc"},"eventTrigger":{"eventType":"google.pubsub.topic.publish","resource":"projects/refreshing-website/topics/firebase-schedule-pruneVersionHistory-us-central1"},"minInstances":null,"maxInstances":null,"ingressSettings":null,"environmentVariables":{"FIREBASE_CONFIG":"{\"projectId\":\"refreshing-website\",\"storageBucket\":\"refreshing-website.firebasestorage.app\"}","GCLOUD_PROJECT":"refreshing-website","EVENTARC_CLOUD_EVENT_SOURCE":"projects/refreshing-website/locations/us-central1/functions/pruneVersionHistory"},"serviceAccountEmail":null,"availableMemoryMb":null,"timeout":null,"vpcConnector":null,"vpcConnectorEgressSettings":null,"sourceToken":"f57d6fd0-2c70-4ab7-b944-19aed713bef8","buildEnvironmentVariables":{"GOOGLE_NODE_RUN_SCRIPTS":""}}
[2026-08-10T02:45:42.856Z] <<< [apiv2][status] POST https://cloudfunctions.googleapis.com/v1/projects/refreshing-website/locations/us-central1/functions 409
[2026-08-10T02:45:42.857Z] <<< [apiv2][body] POST https://cloudfunctions.googleapis.com/v1/projects/refreshing-website/locations/us-central1/functions {"error":{"code":409,"message":"Failed to create 1st Gen function projects/refreshing-website/locations/us-central1/functions/markCheckedIn: Function markCheckedIn in region us-central1 in project refreshing-website already exists","status":"ALREADY_EXISTS"}}
!  functions: failed to create function projects/refreshing-website/locations/us-central1/functions/markCheckedIn 
[2026-08-10T02:45:42.861Z] <<< [apiv2][status] POST https://cloudfunctions.googleapis.com/v1/projects/refreshing-website/locations/us-central1/functions 409
[2026-08-10T02:45:42.861Z] <<< [apiv2][body] POST https://cloudfunctions.googleapis.com/v1/projects/refreshing-website/locations/us-central1/functions {"error":{"code":409,"message":"Failed to create 1st Gen function projects/refreshing-website/locations/us-central1/functions/setUserRole: Function setUserRole in region us-central1 in project refreshing-website already exists","status":"ALREADY_EXISTS"}}
!  functions: failed to create function projects/refreshing-website/locations/us-central1/functions/setUserRole 
[2026-08-10T02:45:42.873Z] <<< [apiv2][status] POST https://cloudfunctions.googleapis.com/v1/projects/refreshing-website/locations/us-central1/functions 409
[2026-08-10T02:45:42.874Z] <<< [apiv2][body] POST https://cloudfunctions.googleapis.com/v1/projects/refreshing-website/locations/us-central1/functions {"error":{"code":409,"message":"Failed to create 1st Gen function projects/refreshing-website/locations/us-central1/functions/auditMinistersWrite: Function auditMinistersWrite in region us-central1 in project refreshing-website already exists","status":"ALREADY_EXISTS"}}
!  functions: failed to create function projects/refreshing-website/locations/us-central1/functions/auditMinistersWrite 
[2026-08-10T02:45:42.915Z] <<< [apiv2][status] POST https://cloudfunctions.googleapis.com/v1/projects/refreshing-website/locations/us-central1/functions 409
[2026-08-10T02:45:42.915Z] <<< [apiv2][body] POST https://cloudfunctions.googleapis.com/v1/projects/refreshing-website/locations/us-central1/functions {"error":{"code":409,"message":"Failed to create 1st Gen function projects/refreshing-website/locations/us-central1/functions/auditAttendeesWrite: Function auditAttendeesWrite in region us-central1 in project refreshing-website already exists","status":"ALREADY_EXISTS"}}
!  functions: failed to create function projects/refreshing-website/locations/us-central1/functions/auditAttendeesWrite 
[2026-08-10T02:45:42.918Z] <<< [apiv2][status] POST https://cloudfunctions.googleapis.com/v1/projects/refreshing-website/locations/us-central1/functions 409
[2026-08-10T02:45:42.918Z] <<< [apiv2][body] POST https://cloudfunctions.googleapis.com/v1/projects/refreshing-website/locations/us-central1/functions {"error":{"code":409,"message":"Failed to create 1st Gen function projects/refreshing-website/locations/us-central1/functions/pruneVersionHistory: Function pruneVersionHistory in region us-central1 in project refreshing-website already exists","status":"ALREADY_EXISTS"}}
!  functions: failed to create function projects/refreshing-website/locations/us-central1/functions/pruneVersionHistory 
[2026-08-10T02:45:42.950Z] <<< [apiv2][status] POST https://cloudfunctions.googleapis.com/v1/projects/refreshing-website/locations/us-central1/functions 409
[2026-08-10T02:45:42.950Z] <<< [apiv2][body] POST https://cloudfunctions.googleapis.com/v1/projects/refreshing-website/locations/us-central1/functions {"error":{"code":409,"message":"Failed to create 1st Gen function projects/refreshing-website/locations/us-central1/functions/provisionAdminAccount: Function provisionAdminAccount in region us-central1 in project refreshing-website already exists","status":"ALREADY_EXISTS"}}
!  functions: failed to create function projects/refreshing-website/locations/us-central1/functions/provisionAdminAccount 
[2026-08-10T02:45:42.955Z] <<< [apiv2][status] POST https://cloudfunctions.googleapis.com/v1/projects/refreshing-website/locations/us-central1/functions 409
[2026-08-10T02:45:42.955Z] <<< [apiv2][body] POST https://cloudfunctions.googleapis.com/v1/projects/refreshing-website/locations/us-central1/functions {"error":{"code":409,"message":"Failed to create 1st Gen function projects/refreshing-website/locations/us-central1/functions/purgeTrash: Function purgeTrash in region us-central1 in project refreshing-website already exists","status":"ALREADY_EXISTS"}}
!  functions: failed to create function projects/refreshing-website/locations/us-central1/functions/purgeTrash 
[2026-08-10T02:45:42.971Z] <<< [apiv2][status] POST https://cloudfunctions.googleapis.com/v1/projects/refreshing-website/locations/us-central1/functions 409
[2026-08-10T02:45:42.971Z] <<< [apiv2][body] POST https://cloudfunctions.googleapis.com/v1/projects/refreshing-website/locations/us-central1/functions {"error":{"code":409,"message":"Failed to create 1st Gen function projects/refreshing-website/locations/us-central1/functions/undoCheckIn: Function undoCheckIn in region us-central1 in project refreshing-website already exists","status":"ALREADY_EXISTS"}}
!  functions: failed to create function projects/refreshing-website/locations/us-central1/functions/undoCheckIn 
[2026-08-10T02:45:42.975Z] <<< [apiv2][status] POST https://cloudfunctions.googleapis.com/v1/projects/refreshing-website/locations/us-central1/functions 409
[2026-08-10T02:45:42.975Z] <<< [apiv2][body] POST https://cloudfunctions.googleapis.com/v1/projects/refreshing-website/locations/us-central1/functions {"error":{"code":409,"message":"Failed to create 1st Gen function projects/refreshing-website/locations/us-central1/functions/syncCheckinView: Function syncCheckinView in region us-central1 in project refreshing-website already exists","status":"ALREADY_EXISTS"}}
!  functions: failed to create function projects/refreshing-website/locations/us-central1/functions/syncCheckinView 
[2026-08-10T02:45:42.990Z] <<< [apiv2][status] POST https://cloudfunctions.googleapis.com/v1/projects/refreshing-website/locations/us-central1/functions 409
[2026-08-10T02:45:42.990Z] <<< [apiv2][body] POST https://cloudfunctions.googleapis.com/v1/projects/refreshing-website/locations/us-central1/functions {"error":{"code":409,"message":"Failed to create 1st Gen function projects/refreshing-website/locations/us-central1/functions/revokeUserAccess: Function revokeUserAccess in region us-central1 in project refreshing-website already exists","status":"ALREADY_EXISTS"}}
!  functions: failed to create function projects/refreshing-website/locations/us-central1/functions/revokeUserAccess 
[2026-08-10T02:45:43.002Z] <<< [apiv2][status] POST https://cloudfunctions.googleapis.com/v1/projects/refreshing-website/locations/us-central1/functions 409
[2026-08-10T02:45:43.002Z] <<< [apiv2][body] POST https://cloudfunctions.googleapis.com/v1/projects/refreshing-website/locations/us-central1/functions {"error":{"code":409,"message":"Failed to create 1st Gen function projects/refreshing-website/locations/us-central1/functions/auditSessionsWrite: Function auditSessionsWrite in region us-central1 in project refreshing-website already exists","status":"ALREADY_EXISTS"}}
!  functions: failed to create function projects/refreshing-website/locations/us-central1/functions/auditSessionsWrite 
[2026-08-10T02:47:22.857Z] [queue] Retrying task index 3
[2026-08-10T02:47:22.857Z] Checked if tokens are valid: true, expires at: 1786331729344
[2026-08-10T02:47:22.858Z] Checked if tokens are valid: true, expires at: 1786331729344
[2026-08-10T02:47:22.858Z] >>> [apiv2][query] POST https://cloudfunctions.googleapis.com/v1/projects/refreshing-website/locations/us-central1/functions [none]
[2026-08-10T02:47:22.858Z] >>> [apiv2][body] POST https://cloudfunctions.googleapis.com/v1/projects/refreshing-website/locations/us-central1/functions {"name":"projects/refreshing-website/locations/us-central1/functions/markCheckedIn","sourceUploadUrl":"https://storage.googleapis.com/uploads-836972235469.us-central1.cloudfunctions.appspot.com/02c1e8fa-c1af-4e22-a011-38b11d0d0528.zip?GoogleAccessId=service-832093857842@gcf-admin-robot.iam.gserviceaccount.com&Expires=1786331467&Signature=VvDa9HDI3UGM%2FHi4yzU0DUDtxVA0ODbyjK8rjmhZpl77FapwR07yYG27cQvoJq%2FbMXoMdUggMWprpHUxcf63d7X8h7jiO6%2BSK2ngf0ma1u6LkFIZoa%2B%2BhfP4Unu%2BIQLcRs8jHKSJ2C8sXkOilNPe79mOMk3j7FUY9rXyKnX5%2FfOmcW%2F4hkPOqwpVLpIYBugYydoJERfEWFy9K%2BiV0LWOSGO352HW7CqGsJeH94c7yxILlbtxT0CeuMlbuDICtHh01cH2GPxtt0OyBMx4ZN9EzDxFrzQPR7z9zuLdS36mHKN6JhFDX6Nvc%2FRxcDM2DV5SHCcPUiaAa7qZ6QPoNWrVjQ%3D%3D","entryPoint":"markCheckedIn","runtime":"nodejs20","dockerRegistry":"ARTIFACT_REGISTRY","labels":{"deployment-tool":"cli-firebase","deployment-callable":"true","firebase-functions-hash":"74436fef8c2ebebe3f9c654a6faa2958a1c805fc"},"httpsTrigger":{"securityLevel":"SECURE_ALWAYS"},"minInstances":null,"maxInstances":null,"ingressSettings":null,"environmentVariables":{"FIREBASE_CONFIG":"{\"projectId\":\"refreshing-website\",\"storageBucket\":\"refreshing-website.firebasestorage.app\"}","GCLOUD_PROJECT":"refreshing-website","EVENTARC_CLOUD_EVENT_SOURCE":"projects/refreshing-website/locations/us-central1/functions/markCheckedIn"},"serviceAccountEmail":null,"availableMemoryMb":null,"timeout":null,"vpcConnector":null,"vpcConnectorEgressSettings":null,"sourceToken":"f57d6fd0-2c70-4ab7-b944-19aed713bef8","buildEnvironmentVariables":{"GOOGLE_NODE_RUN_SCRIPTS":""}}
[2026-08-10T02:47:22.864Z] [queue] Retrying task index 1
[2026-08-10T02:47:22.864Z] Checked if tokens are valid: true, expires at: 1786331729344
[2026-08-10T02:47:22.864Z] Checked if tokens are valid: true, expires at: 1786331729344
[2026-08-10T02:47:22.864Z] >>> [apiv2][query] POST https://cloudfunctions.googleapis.com/v1/projects/refreshing-website/locations/us-central1/functions [none]
[2026-08-10T02:47:22.865Z] >>> [apiv2][body] POST https://cloudfunctions.googleapis.com/v1/projects/refreshing-website/locations/us-central1/functions {"name":"projects/refreshing-website/locations/us-central1/functions/setUserRole","sourceUploadUrl":"https://storage.googleapis.com/uploads-836972235469.us-central1.cloudfunctions.appspot.com/02c1e8fa-c1af-4e22-a011-38b11d0d0528.zip?GoogleAccessId=service-832093857842@gcf-admin-robot.iam.gserviceaccount.com&Expires=1786331467&Signature=VvDa9HDI3UGM%2FHi4yzU0DUDtxVA0ODbyjK8rjmhZpl77FapwR07yYG27cQvoJq%2FbMXoMdUggMWprpHUxcf63d7X8h7jiO6%2BSK2ngf0ma1u6LkFIZoa%2B%2BhfP4Unu%2BIQLcRs8jHKSJ2C8sXkOilNPe79mOMk3j7FUY9rXyKnX5%2FfOmcW%2F4hkPOqwpVLpIYBugYydoJERfEWFy9K%2BiV0LWOSGO352HW7CqGsJeH94c7yxILlbtxT0CeuMlbuDICtHh01cH2GPxtt0OyBMx4ZN9EzDxFrzQPR7z9zuLdS36mHKN6JhFDX6Nvc%2FRxcDM2DV5SHCcPUiaAa7qZ6QPoNWrVjQ%3D%3D","entryPoint":"setUserRole","runtime":"nodejs20","dockerRegistry":"ARTIFACT_REGISTRY","labels":{"deployment-tool":"cli-firebase","deployment-callable":"true","firebase-functions-hash":"74436fef8c2ebebe3f9c654a6faa2958a1c805fc"},"httpsTrigger":{"securityLevel":"SECURE_ALWAYS"},"minInstances":null,"maxInstances":null,"ingressSettings":null,"environmentVariables":{"FIREBASE_CONFIG":"{\"projectId\":\"refreshing-website\",\"storageBucket\":\"refreshing-website.firebasestorage.app\"}","GCLOUD_PROJECT":"refreshing-website","EVENTARC_CLOUD_EVENT_SOURCE":"projects/refreshing-website/locations/us-central1/functions/setUserRole"},"serviceAccountEmail":null,"availableMemoryMb":null,"timeout":null,"vpcConnector":null,"vpcConnectorEgressSettings":null,"sourceToken":"f57d6fd0-2c70-4ab7-b944-19aed713bef8","buildEnvironmentVariables":{"GOOGLE_NODE_RUN_SCRIPTS":""}}
[2026-08-10T02:47:22.874Z] [queue] Retrying task index 6
[2026-08-10T02:47:22.875Z] Checked if tokens are valid: true, expires at: 1786331729344
[2026-08-10T02:47:22.875Z] Checked if tokens are valid: true, expires at: 1786331729344
[2026-08-10T02:47:22.875Z] >>> [apiv2][query] POST https://cloudfunctions.googleapis.com/v1/projects/refreshing-website/locations/us-central1/functions [none]
[2026-08-10T02:47:22.875Z] >>> [apiv2][body] POST https://cloudfunctions.googleapis.com/v1/projects/refreshing-website/locations/us-central1/functions {"name":"projects/refreshing-website/locations/us-central1/functions/auditMinistersWrite","sourceUploadUrl":"https://storage.googleapis.com/uploads-836972235469.us-central1.cloudfunctions.appspot.com/02c1e8fa-c1af-4e22-a011-38b11d0d0528.zip?GoogleAccessId=service-832093857842@gcf-admin-robot.iam.gserviceaccount.com&Expires=1786331467&Signature=VvDa9HDI3UGM%2FHi4yzU0DUDtxVA0ODbyjK8rjmhZpl77FapwR07yYG27cQvoJq%2FbMXoMdUggMWprpHUxcf63d7X8h7jiO6%2BSK2ngf0ma1u6LkFIZoa%2B%2BhfP4Unu%2BIQLcRs8jHKSJ2C8sXkOilNPe79mOMk3j7FUY9rXyKnX5%2FfOmcW%2F4hkPOqwpVLpIYBugYydoJERfEWFy9K%2BiV0LWOSGO352HW7CqGsJeH94c7yxILlbtxT0CeuMlbuDICtHh01cH2GPxtt0OyBMx4ZN9EzDxFrzQPR7z9zuLdS36mHKN6JhFDX6Nvc%2FRxcDM2DV5SHCcPUiaAa7qZ6QPoNWrVjQ%3D%3D","entryPoint":"auditMinistersWrite","runtime":"nodejs20","dockerRegistry":"ARTIFACT_REGISTRY","labels":{"deployment-tool":"cli-firebase","firebase-functions-hash":"74436fef8c2ebebe3f9c654a6faa2958a1c805fc"},"eventTrigger":{"eventType":"providers/cloud.firestore/eventTypes/document.write","resource":"projects/refreshing-website/databases/(default)/documents/events/{eventId}/ministers/{ministerId}"},"minInstances":null,"maxInstances":null,"ingressSettings":null,"environmentVariables":{"FIREBASE_CONFIG":"{\"projectId\":\"refreshing-website\",\"storageBucket\":\"refreshing-website.firebasestorage.app\"}","GCLOUD_PROJECT":"refreshing-website","EVENTARC_CLOUD_EVENT_SOURCE":"projects/refreshing-website/locations/us-central1/functions/auditMinistersWrite"},"serviceAccountEmail":null,"availableMemoryMb":null,"timeout":null,"vpcConnector":null,"vpcConnectorEgressSettings":null,"sourceToken":"f57d6fd0-2c70-4ab7-b944-19aed713bef8","buildEnvironmentVariables":{"GOOGLE_NODE_RUN_SCRIPTS":""}}
[2026-08-10T02:47:22.919Z] [queue] Retrying task index 8
[2026-08-10T02:47:22.919Z] Checked if tokens are valid: true, expires at: 1786331729344
[2026-08-10T02:47:22.919Z] Checked if tokens are valid: true, expires at: 1786331729344
[2026-08-10T02:47:22.919Z] >>> [apiv2][query] POST https://cloudfunctions.googleapis.com/v1/projects/refreshing-website/locations/us-central1/functions [none]
[2026-08-10T02:47:22.919Z] >>> [apiv2][body] POST https://cloudfunctions.googleapis.com/v1/projects/refreshing-website/locations/us-central1/functions {"name":"projects/refreshing-website/locations/us-central1/functions/auditAttendeesWrite","sourceUploadUrl":"https://storage.googleapis.com/uploads-836972235469.us-central1.cloudfunctions.appspot.com/02c1e8fa-c1af-4e22-a011-38b11d0d0528.zip?GoogleAccessId=service-832093857842@gcf-admin-robot.iam.gserviceaccount.com&Expires=1786331467&Signature=VvDa9HDI3UGM%2FHi4yzU0DUDtxVA0ODbyjK8rjmhZpl77FapwR07yYG27cQvoJq%2FbMXoMdUggMWprpHUxcf63d7X8h7jiO6%2BSK2ngf0ma1u6LkFIZoa%2B%2BhfP4Unu%2BIQLcRs8jHKSJ2C8sXkOilNPe79mOMk3j7FUY9rXyKnX5%2FfOmcW%2F4hkPOqwpVLpIYBugYydoJERfEWFy9K%2BiV0LWOSGO352HW7CqGsJeH94c7yxILlbtxT0CeuMlbuDICtHh01cH2GPxtt0OyBMx4ZN9EzDxFrzQPR7z9zuLdS36mHKN6JhFDX6Nvc%2FRxcDM2DV5SHCcPUiaAa7qZ6QPoNWrVjQ%3D%3D","entryPoint":"auditAttendeesWrite","runtime":"nodejs20","dockerRegistry":"ARTIFACT_REGISTRY","labels":{"deployment-tool":"cli-firebase","firebase-functions-hash":"74436fef8c2ebebe3f9c654a6faa2958a1c805fc"},"eventTrigger":{"eventType":"providers/cloud.firestore/eventTypes/document.write","resource":"projects/refreshing-website/databases/(default)/documents/events/{eventId}/attendees/{attendeeId}"},"minInstances":null,"maxInstances":null,"ingressSettings":null,"environmentVariables":{"FIREBASE_CONFIG":"{\"projectId\":\"refreshing-website\",\"storageBucket\":\"refreshing-website.firebasestorage.app\"}","GCLOUD_PROJECT":"refreshing-website","EVENTARC_CLOUD_EVENT_SOURCE":"projects/refreshing-website/locations/us-central1/functions/auditAttendeesWrite"},"serviceAccountEmail":null,"availableMemoryMb":null,"timeout":null,"vpcConnector":null,"vpcConnectorEgressSettings":null,"sourceToken":"f57d6fd0-2c70-4ab7-b944-19aed713bef8","buildEnvironmentVariables":{"GOOGLE_NODE_RUN_SCRIPTS":""}}
[2026-08-10T02:47:22.926Z] [queue] Retrying task index 10
[2026-08-10T02:47:22.926Z] Checked if tokens are valid: true, expires at: 1786331729344
[2026-08-10T02:47:22.926Z] Checked if tokens are valid: true, expires at: 1786331729344
[2026-08-10T02:47:22.926Z] >>> [apiv2][query] POST https://cloudfunctions.googleapis.com/v1/projects/refreshing-website/locations/us-central1/functions [none]
[2026-08-10T02:47:22.926Z] >>> [apiv2][body] POST https://cloudfunctions.googleapis.com/v1/projects/refreshing-website/locations/us-central1/functions {"name":"projects/refreshing-website/locations/us-central1/functions/pruneVersionHistory","sourceUploadUrl":"https://storage.googleapis.com/uploads-836972235469.us-central1.cloudfunctions.appspot.com/02c1e8fa-c1af-4e22-a011-38b11d0d0528.zip?GoogleAccessId=service-832093857842@gcf-admin-robot.iam.gserviceaccount.com&Expires=1786331467&Signature=VvDa9HDI3UGM%2FHi4yzU0DUDtxVA0ODbyjK8rjmhZpl77FapwR07yYG27cQvoJq%2FbMXoMdUggMWprpHUxcf63d7X8h7jiO6%2BSK2ngf0ma1u6LkFIZoa%2B%2BhfP4Unu%2BIQLcRs8jHKSJ2C8sXkOilNPe79mOMk3j7FUY9rXyKnX5%2FfOmcW%2F4hkPOqwpVLpIYBugYydoJERfEWFy9K%2BiV0LWOSGO352HW7CqGsJeH94c7yxILlbtxT0CeuMlbuDICtHh01cH2GPxtt0OyBMx4ZN9EzDxFrzQPR7z9zuLdS36mHKN6JhFDX6Nvc%2FRxcDM2DV5SHCcPUiaAa7qZ6QPoNWrVjQ%3D%3D","entryPoint":"pruneVersionHistory","runtime":"nodejs20","dockerRegistry":"ARTIFACT_REGISTRY","labels":{"deployment-tool":"cli-firebase","deployment-scheduled":"true","firebase-functions-hash":"74436fef8c2ebebe3f9c654a6faa2958a1c805fc"},"eventTrigger":{"eventType":"google.pubsub.topic.publish","resource":"projects/refreshing-website/topics/firebase-schedule-pruneVersionHistory-us-central1"},"minInstances":null,"maxInstances":null,"ingressSettings":null,"environmentVariables":{"FIREBASE_CONFIG":"{\"projectId\":\"refreshing-website\",\"storageBucket\":\"refreshing-website.firebasestorage.app\"}","GCLOUD_PROJECT":"refreshing-website","EVENTARC_CLOUD_EVENT_SOURCE":"projects/refreshing-website/locations/us-central1/functions/pruneVersionHistory"},"serviceAccountEmail":null,"availableMemoryMb":null,"timeout":null,"vpcConnector":null,"vpcConnectorEgressSettings":null,"sourceToken":"f57d6fd0-2c70-4ab7-b944-19aed713bef8","buildEnvironmentVariables":{"GOOGLE_NODE_RUN_SCRIPTS":""}}
[2026-08-10T02:47:22.951Z] [queue] Retrying task index 11
[2026-08-10T02:47:22.952Z] Checked if tokens are valid: true, expires at: 1786331729344
[2026-08-10T02:47:22.952Z] Checked if tokens are valid: true, expires at: 1786331729344
[2026-08-10T02:47:22.952Z] >>> [apiv2][query] POST https://cloudfunctions.googleapis.com/v1/projects/refreshing-website/locations/us-central1/functions [none]
[2026-08-10T02:47:22.952Z] >>> [apiv2][body] POST https://cloudfunctions.googleapis.com/v1/projects/refreshing-website/locations/us-central1/functions {"name":"projects/refreshing-website/locations/us-central1/functions/provisionAdminAccount","sourceUploadUrl":"https://storage.googleapis.com/uploads-836972235469.us-central1.cloudfunctions.appspot.com/02c1e8fa-c1af-4e22-a011-38b11d0d0528.zip?GoogleAccessId=service-832093857842@gcf-admin-robot.iam.gserviceaccount.com&Expires=1786331467&Signature=VvDa9HDI3UGM%2FHi4yzU0DUDtxVA0ODbyjK8rjmhZpl77FapwR07yYG27cQvoJq%2FbMXoMdUggMWprpHUxcf63d7X8h7jiO6%2BSK2ngf0ma1u6LkFIZoa%2B%2BhfP4Unu%2BIQLcRs8jHKSJ2C8sXkOilNPe79mOMk3j7FUY9rXyKnX5%2FfOmcW%2F4hkPOqwpVLpIYBugYydoJERfEWFy9K%2BiV0LWOSGO352HW7CqGsJeH94c7yxILlbtxT0CeuMlbuDICtHh01cH2GPxtt0OyBMx4ZN9EzDxFrzQPR7z9zuLdS36mHKN6JhFDX6Nvc%2FRxcDM2DV5SHCcPUiaAa7qZ6QPoNWrVjQ%3D%3D","entryPoint":"provisionAdminAccount","runtime":"nodejs20","dockerRegistry":"ARTIFACT_REGISTRY","labels":{"deployment-tool":"cli-firebase","deployment-callable":"true","firebase-functions-hash":"74436fef8c2ebebe3f9c654a6faa2958a1c805fc"},"httpsTrigger":{"securityLevel":"SECURE_ALWAYS"},"minInstances":null,"maxInstances":null,"ingressSettings":null,"environmentVariables":{"FIREBASE_CONFIG":"{\"projectId\":\"refreshing-website\",\"storageBucket\":\"refreshing-website.firebasestorage.app\"}","GCLOUD_PROJECT":"refreshing-website","EVENTARC_CLOUD_EVENT_SOURCE":"projects/refreshing-website/locations/us-central1/functions/provisionAdminAccount"},"serviceAccountEmail":null,"availableMemoryMb":null,"timeout":null,"vpcConnector":null,"vpcConnectorEgressSettings":null,"sourceToken":"f57d6fd0-2c70-4ab7-b944-19aed713bef8","buildEnvironmentVariables":{"GOOGLE_NODE_RUN_SCRIPTS":""}}
[2026-08-10T02:47:22.958Z] [queue] Retrying task index 9
[2026-08-10T02:47:22.958Z] Checked if tokens are valid: true, expires at: 1786331729344
[2026-08-10T02:47:22.958Z] Checked if tokens are valid: true, expires at: 1786331729344
[2026-08-10T02:47:22.958Z] >>> [apiv2][query] POST https://cloudfunctions.googleapis.com/v1/projects/refreshing-website/locations/us-central1/functions [none]
[2026-08-10T02:47:22.959Z] >>> [apiv2][body] POST https://cloudfunctions.googleapis.com/v1/projects/refreshing-website/locations/us-central1/functions {"name":"projects/refreshing-website/locations/us-central1/functions/purgeTrash","sourceUploadUrl":"https://storage.googleapis.com/uploads-836972235469.us-central1.cloudfunctions.appspot.com/02c1e8fa-c1af-4e22-a011-38b11d0d0528.zip?GoogleAccessId=service-832093857842@gcf-admin-robot.iam.gserviceaccount.com&Expires=1786331467&Signature=VvDa9HDI3UGM%2FHi4yzU0DUDtxVA0ODbyjK8rjmhZpl77FapwR07yYG27cQvoJq%2FbMXoMdUggMWprpHUxcf63d7X8h7jiO6%2BSK2ngf0ma1u6LkFIZoa%2B%2BhfP4Unu%2BIQLcRs8jHKSJ2C8sXkOilNPe79mOMk3j7FUY9rXyKnX5%2FfOmcW%2F4hkPOqwpVLpIYBugYydoJERfEWFy9K%2BiV0LWOSGO352HW7CqGsJeH94c7yxILlbtxT0CeuMlbuDICtHh01cH2GPxtt0OyBMx4ZN9EzDxFrzQPR7z9zuLdS36mHKN6JhFDX6Nvc%2FRxcDM2DV5SHCcPUiaAa7qZ6QPoNWrVjQ%3D%3D","entryPoint":"purgeTrash","runtime":"nodejs20","dockerRegistry":"ARTIFACT_REGISTRY","labels":{"deployment-tool":"cli-firebase","deployment-scheduled":"true","firebase-functions-hash":"74436fef8c2ebebe3f9c654a6faa2958a1c805fc"},"eventTrigger":{"eventType":"google.pubsub.topic.publish","resource":"projects/refreshing-website/topics/firebase-schedule-purgeTrash-us-central1"},"minInstances":null,"maxInstances":null,"ingressSettings":null,"environmentVariables":{"FIREBASE_CONFIG":"{\"projectId\":\"refreshing-website\",\"storageBucket\":\"refreshing-website.firebasestorage.app\"}","GCLOUD_PROJECT":"refreshing-website","EVENTARC_CLOUD_EVENT_SOURCE":"projects/refreshing-website/locations/us-central1/functions/purgeTrash"},"serviceAccountEmail":null,"availableMemoryMb":null,"timeout":null,"vpcConnector":null,"vpcConnectorEgressSettings":null,"sourceToken":"f57d6fd0-2c70-4ab7-b944-19aed713bef8","buildEnvironmentVariables":{"GOOGLE_NODE_RUN_SCRIPTS":""}}
[2026-08-10T02:47:22.974Z] [queue] Retrying task index 4
[2026-08-10T02:47:22.974Z] Checked if tokens are valid: true, expires at: 1786331729344
[2026-08-10T02:47:22.974Z] Checked if tokens are valid: true, expires at: 1786331729344
[2026-08-10T02:47:22.975Z] >>> [apiv2][query] POST https://cloudfunctions.googleapis.com/v1/projects/refreshing-website/locations/us-central1/functions [none]
[2026-08-10T02:47:22.975Z] >>> [apiv2][body] POST https://cloudfunctions.googleapis.com/v1/projects/refreshing-website/locations/us-central1/functions {"name":"projects/refreshing-website/locations/us-central1/functions/undoCheckIn","sourceUploadUrl":"https://storage.googleapis.com/uploads-836972235469.us-central1.cloudfunctions.appspot.com/02c1e8fa-c1af-4e22-a011-38b11d0d0528.zip?GoogleAccessId=service-832093857842@gcf-admin-robot.iam.gserviceaccount.com&Expires=1786331467&Signature=VvDa9HDI3UGM%2FHi4yzU0DUDtxVA0ODbyjK8rjmhZpl77FapwR07yYG27cQvoJq%2FbMXoMdUggMWprpHUxcf63d7X8h7jiO6%2BSK2ngf0ma1u6LkFIZoa%2B%2BhfP4Unu%2BIQLcRs8jHKSJ2C8sXkOilNPe79mOMk3j7FUY9rXyKnX5%2FfOmcW%2F4hkPOqwpVLpIYBugYydoJERfEWFy9K%2BiV0LWOSGO352HW7CqGsJeH94c7yxILlbtxT0CeuMlbuDICtHh01cH2GPxtt0OyBMx4ZN9EzDxFrzQPR7z9zuLdS36mHKN6JhFDX6Nvc%2FRxcDM2DV5SHCcPUiaAa7qZ6QPoNWrVjQ%3D%3D","entryPoint":"undoCheckIn","runtime":"nodejs20","dockerRegistry":"ARTIFACT_REGISTRY","labels":{"deployment-tool":"cli-firebase","deployment-callable":"true","firebase-functions-hash":"74436fef8c2ebebe3f9c654a6faa2958a1c805fc"},"httpsTrigger":{"securityLevel":"SECURE_ALWAYS"},"minInstances":null,"maxInstances":null,"ingressSettings":null,"environmentVariables":{"FIREBASE_CONFIG":"{\"projectId\":\"refreshing-website\",\"storageBucket\":\"refreshing-website.firebasestorage.app\"}","GCLOUD_PROJECT":"refreshing-website","EVENTARC_CLOUD_EVENT_SOURCE":"projects/refreshing-website/locations/us-central1/functions/undoCheckIn"},"serviceAccountEmail":null,"availableMemoryMb":null,"timeout":null,"vpcConnector":null,"vpcConnectorEgressSettings":null,"sourceToken":"f57d6fd0-2c70-4ab7-b944-19aed713bef8","buildEnvironmentVariables":{"GOOGLE_NODE_RUN_SCRIPTS":""}}
[2026-08-10T02:47:22.977Z] [queue] Retrying task index 5
[2026-08-10T02:47:22.977Z] Checked if tokens are valid: true, expires at: 1786331729344
[2026-08-10T02:47:22.977Z] Checked if tokens are valid: true, expires at: 1786331729344
[2026-08-10T02:47:22.977Z] >>> [apiv2][query] POST https://cloudfunctions.googleapis.com/v1/projects/refreshing-website/locations/us-central1/functions [none]
[2026-08-10T02:47:22.978Z] >>> [apiv2][body] POST https://cloudfunctions.googleapis.com/v1/projects/refreshing-website/locations/us-central1/functions {"name":"projects/refreshing-website/locations/us-central1/functions/syncCheckinView","sourceUploadUrl":"https://storage.googleapis.com/uploads-836972235469.us-central1.cloudfunctions.appspot.com/02c1e8fa-c1af-4e22-a011-38b11d0d0528.zip?GoogleAccessId=service-832093857842@gcf-admin-robot.iam.gserviceaccount.com&Expires=1786331467&Signature=VvDa9HDI3UGM%2FHi4yzU0DUDtxVA0ODbyjK8rjmhZpl77FapwR07yYG27cQvoJq%2FbMXoMdUggMWprpHUxcf63d7X8h7jiO6%2BSK2ngf0ma1u6LkFIZoa%2B%2BhfP4Unu%2BIQLcRs8jHKSJ2C8sXkOilNPe79mOMk3j7FUY9rXyKnX5%2FfOmcW%2F4hkPOqwpVLpIYBugYydoJERfEWFy9K%2BiV0LWOSGO352HW7CqGsJeH94c7yxILlbtxT0CeuMlbuDICtHh01cH2GPxtt0OyBMx4ZN9EzDxFrzQPR7z9zuLdS36mHKN6JhFDX6Nvc%2FRxcDM2DV5SHCcPUiaAa7qZ6QPoNWrVjQ%3D%3D","entryPoint":"syncCheckinView","runtime":"nodejs20","dockerRegistry":"ARTIFACT_REGISTRY","labels":{"deployment-tool":"cli-firebase","firebase-functions-hash":"74436fef8c2ebebe3f9c654a6faa2958a1c805fc"},"eventTrigger":{"eventType":"providers/cloud.firestore/eventTypes/document.write","resource":"projects/refreshing-website/databases/(default)/documents/events/{eventId}/attendees/{attendeeId}"},"minInstances":null,"maxInstances":null,"ingressSettings":null,"environmentVariables":{"FIREBASE_CONFIG":"{\"projectId\":\"refreshing-website\",\"storageBucket\":\"refreshing-website.firebasestorage.app\"}","GCLOUD_PROJECT":"refreshing-website","EVENTARC_CLOUD_EVENT_SOURCE":"projects/refreshing-website/locations/us-central1/functions/syncCheckinView"},"serviceAccountEmail":null,"availableMemoryMb":null,"timeout":null,"vpcConnector":null,"vpcConnectorEgressSettings":null,"sourceToken":"f57d6fd0-2c70-4ab7-b944-19aed713bef8","buildEnvironmentVariables":{"GOOGLE_NODE_RUN_SCRIPTS":""}}
[2026-08-10T02:47:22.992Z] [queue] Retrying task index 2
[2026-08-10T02:47:22.992Z] Checked if tokens are valid: true, expires at: 1786331729344
[2026-08-10T02:47:22.993Z] Checked if tokens are valid: true, expires at: 1786331729344
[2026-08-10T02:47:22.993Z] >>> [apiv2][query] POST https://cloudfunctions.googleapis.com/v1/projects/refreshing-website/locations/us-central1/functions [none]
[2026-08-10T02:47:22.993Z] >>> [apiv2][body] POST https://cloudfunctions.googleapis.com/v1/projects/refreshing-website/locations/us-central1/functions {"name":"projects/refreshing-website/locations/us-central1/functions/revokeUserAccess","sourceUploadUrl":"https://storage.googleapis.com/uploads-836972235469.us-central1.cloudfunctions.appspot.com/02c1e8fa-c1af-4e22-a011-38b11d0d0528.zip?GoogleAccessId=service-832093857842@gcf-admin-robot.iam.gserviceaccount.com&Expires=1786331467&Signature=VvDa9HDI3UGM%2FHi4yzU0DUDtxVA0ODbyjK8rjmhZpl77FapwR07yYG27cQvoJq%2FbMXoMdUggMWprpHUxcf63d7X8h7jiO6%2BSK2ngf0ma1u6LkFIZoa%2B%2BhfP4Unu%2BIQLcRs8jHKSJ2C8sXkOilNPe79mOMk3j7FUY9rXyKnX5%2FfOmcW%2F4hkPOqwpVLpIYBugYydoJERfEWFy9K%2BiV0LWOSGO352HW7CqGsJeH94c7yxILlbtxT0CeuMlbuDICtHh01cH2GPxtt0OyBMx4ZN9EzDxFrzQPR7z9zuLdS36mHKN6JhFDX6Nvc%2FRxcDM2DV5SHCcPUiaAa7qZ6QPoNWrVjQ%3D%3D","entryPoint":"revokeUserAccess","runtime":"nodejs20","dockerRegistry":"ARTIFACT_REGISTRY","labels":{"deployment-tool":"cli-firebase","deployment-callable":"true","firebase-functions-hash":"74436fef8c2ebebe3f9c654a6faa2958a1c805fc"},"httpsTrigger":{"securityLevel":"SECURE_ALWAYS"},"minInstances":null,"maxInstances":null,"ingressSettings":null,"environmentVariables":{"FIREBASE_CONFIG":"{\"projectId\":\"refreshing-website\",\"storageBucket\":\"refreshing-website.firebasestorage.app\"}","GCLOUD_PROJECT":"refreshing-website","EVENTARC_CLOUD_EVENT_SOURCE":"projects/refreshing-website/locations/us-central1/functions/revokeUserAccess"},"serviceAccountEmail":null,"availableMemoryMb":null,"timeout":null,"vpcConnector":null,"vpcConnectorEgressSettings":null,"sourceToken":"f57d6fd0-2c70-4ab7-b944-19aed713bef8","buildEnvironmentVariables":{"GOOGLE_NODE_RUN_SCRIPTS":""}}
[2026-08-10T02:47:23.003Z] [queue] Retrying task index 7
[2026-08-10T02:47:23.004Z] Checked if tokens are valid: true, expires at: 1786331729344
[2026-08-10T02:47:23.004Z] Checked if tokens are valid: true, expires at: 1786331729344
[2026-08-10T02:47:23.004Z] >>> [apiv2][query] POST https://cloudfunctions.googleapis.com/v1/projects/refreshing-website/locations/us-central1/functions [none]
[2026-08-10T02:47:23.004Z] >>> [apiv2][body] POST https://cloudfunctions.googleapis.com/v1/projects/refreshing-website/locations/us-central1/functions {"name":"projects/refreshing-website/locations/us-central1/functions/auditSessionsWrite","sourceUploadUrl":"https://storage.googleapis.com/uploads-836972235469.us-central1.cloudfunctions.appspot.com/02c1e8fa-c1af-4e22-a011-38b11d0d0528.zip?GoogleAccessId=service-832093857842@gcf-admin-robot.iam.gserviceaccount.com&Expires=1786331467&Signature=VvDa9HDI3UGM%2FHi4yzU0DUDtxVA0ODbyjK8rjmhZpl77FapwR07yYG27cQvoJq%2FbMXoMdUggMWprpHUxcf63d7X8h7jiO6%2BSK2ngf0ma1u6LkFIZoa%2B%2BhfP4Unu%2BIQLcRs8jHKSJ2C8sXkOilNPe79mOMk3j7FUY9rXyKnX5%2FfOmcW%2F4hkPOqwpVLpIYBugYydoJERfEWFy9K%2BiV0LWOSGO352HW7CqGsJeH94c7yxILlbtxT0CeuMlbuDICtHh01cH2GPxtt0OyBMx4ZN9EzDxFrzQPR7z9zuLdS36mHKN6JhFDX6Nvc%2FRxcDM2DV5SHCcPUiaAa7qZ6QPoNWrVjQ%3D%3D","entryPoint":"auditSessionsWrite","runtime":"nodejs20","dockerRegistry":"ARTIFACT_REGISTRY","labels":{"deployment-tool":"cli-firebase","firebase-functions-hash":"74436fef8c2ebebe3f9c654a6faa2958a1c805fc"},"eventTrigger":{"eventType":"providers/cloud.firestore/eventTypes/document.write","resource":"projects/refreshing-website/databases/(default)/documents/events/{eventId}/sessions/{sessionId}"},"minInstances":null,"maxInstances":null,"ingressSettings":null,"environmentVariables":{"FIREBASE_CONFIG":"{\"projectId\":\"refreshing-website\",\"storageBucket\":\"refreshing-website.firebasestorage.app\"}","GCLOUD_PROJECT":"refreshing-website","EVENTARC_CLOUD_EVENT_SOURCE":"projects/refreshing-website/locations/us-central1/functions/auditSessionsWrite"},"serviceAccountEmail":null,"availableMemoryMb":null,"timeout":null,"vpcConnector":null,"vpcConnectorEgressSettings":null,"sourceToken":"f57d6fd0-2c70-4ab7-b944-19aed713bef8","buildEnvironmentVariables":{"GOOGLE_NODE_RUN_SCRIPTS":""}}
[2026-08-10T02:47:23.403Z] <<< [apiv2][status] POST https://cloudfunctions.googleapis.com/v1/projects/refreshing-website/locations/us-central1/functions 409
[2026-08-10T02:47:23.403Z] <<< [apiv2][body] POST https://cloudfunctions.googleapis.com/v1/projects/refreshing-website/locations/us-central1/functions {"error":{"code":409,"message":"Failed to create 1st Gen function projects/refreshing-website/locations/us-central1/functions/auditMinistersWrite: Function auditMinistersWrite in region us-central1 in project refreshing-website already exists","status":"ALREADY_EXISTS"}}
!  functions: failed to create function projects/refreshing-website/locations/us-central1/functions/auditMinistersWrite 
[2026-08-10T02:47:23.404Z] <<< [apiv2][status] POST https://cloudfunctions.googleapis.com/v1/projects/refreshing-website/locations/us-central1/functions 409
[2026-08-10T02:47:23.404Z] <<< [apiv2][body] POST https://cloudfunctions.googleapis.com/v1/projects/refreshing-website/locations/us-central1/functions {"error":{"code":409,"message":"Failed to create 1st Gen function projects/refreshing-website/locations/us-central1/functions/setUserRole: Function setUserRole in region us-central1 in project refreshing-website already exists","status":"ALREADY_EXISTS"}}
!  functions: failed to create function projects/refreshing-website/locations/us-central1/functions/setUserRole 
[2026-08-10T02:47:23.431Z] <<< [apiv2][status] POST https://cloudfunctions.googleapis.com/v1/projects/refreshing-website/locations/us-central1/functions 409
[2026-08-10T02:47:23.431Z] <<< [apiv2][body] POST https://cloudfunctions.googleapis.com/v1/projects/refreshing-website/locations/us-central1/functions {"error":{"code":409,"message":"Failed to create 1st Gen function projects/refreshing-website/locations/us-central1/functions/markCheckedIn: Function markCheckedIn in region us-central1 in project refreshing-website already exists","status":"ALREADY_EXISTS"}}
!  functions: failed to create function projects/refreshing-website/locations/us-central1/functions/markCheckedIn 
[2026-08-10T02:47:23.455Z] <<< [apiv2][status] POST https://cloudfunctions.googleapis.com/v1/projects/refreshing-website/locations/us-central1/functions 409
[2026-08-10T02:47:23.455Z] <<< [apiv2][body] POST https://cloudfunctions.googleapis.com/v1/projects/refreshing-website/locations/us-central1/functions {"error":{"code":409,"message":"Failed to create 1st Gen function projects/refreshing-website/locations/us-central1/functions/pruneVersionHistory: Function pruneVersionHistory in region us-central1 in project refreshing-website already exists","status":"ALREADY_EXISTS"}}
!  functions: failed to create function projects/refreshing-website/locations/us-central1/functions/pruneVersionHistory 
[2026-08-10T02:47:23.504Z] <<< [apiv2][status] POST https://cloudfunctions.googleapis.com/v1/projects/refreshing-website/locations/us-central1/functions 409
[2026-08-10T02:47:23.505Z] <<< [apiv2][body] POST https://cloudfunctions.googleapis.com/v1/projects/refreshing-website/locations/us-central1/functions {"error":{"code":409,"message":"Failed to create 1st Gen function projects/refreshing-website/locations/us-central1/functions/auditAttendeesWrite: Function auditAttendeesWrite in region us-central1 in project refreshing-website already exists","status":"ALREADY_EXISTS"}}
!  functions: failed to create function projects/refreshing-website/locations/us-central1/functions/auditAttendeesWrite 
[2026-08-10T02:47:23.512Z] <<< [apiv2][status] POST https://cloudfunctions.googleapis.com/v1/projects/refreshing-website/locations/us-central1/functions 409
[2026-08-10T02:47:23.512Z] <<< [apiv2][body] POST https://cloudfunctions.googleapis.com/v1/projects/refreshing-website/locations/us-central1/functions {"error":{"code":409,"message":"Failed to create 1st Gen function projects/refreshing-website/locations/us-central1/functions/provisionAdminAccount: Function provisionAdminAccount in region us-central1 in project refreshing-website already exists","status":"ALREADY_EXISTS"}}
!  functions: failed to create function projects/refreshing-website/locations/us-central1/functions/provisionAdminAccount 
[2026-08-10T02:47:23.517Z] <<< [apiv2][status] POST https://cloudfunctions.googleapis.com/v1/projects/refreshing-website/locations/us-central1/functions 409
[2026-08-10T02:47:23.517Z] <<< [apiv2][body] POST https://cloudfunctions.googleapis.com/v1/projects/refreshing-website/locations/us-central1/functions {"error":{"code":409,"message":"Failed to create 1st Gen function projects/refreshing-website/locations/us-central1/functions/undoCheckIn: Function undoCheckIn in region us-central1 in project refreshing-website already exists","status":"ALREADY_EXISTS"}}
!  functions: failed to create function projects/refreshing-website/locations/us-central1/functions/undoCheckIn 
[2026-08-10T02:47:23.523Z] <<< [apiv2][status] POST https://cloudfunctions.googleapis.com/v1/projects/refreshing-website/locations/us-central1/functions 409
[2026-08-10T02:47:23.523Z] <<< [apiv2][body] POST https://cloudfunctions.googleapis.com/v1/projects/refreshing-website/locations/us-central1/functions {"error":{"code":409,"message":"Failed to create 1st Gen function projects/refreshing-website/locations/us-central1/functions/syncCheckinView: Function syncCheckinView in region us-central1 in project refreshing-website already exists","status":"ALREADY_EXISTS"}}
!  functions: failed to create function projects/refreshing-website/locations/us-central1/functions/syncCheckinView 
[2026-08-10T02:47:23.533Z] <<< [apiv2][status] POST https://cloudfunctions.googleapis.com/v1/projects/refreshing-website/locations/us-central1/functions 409
[2026-08-10T02:47:23.533Z] <<< [apiv2][body] POST https://cloudfunctions.googleapis.com/v1/projects/refreshing-website/locations/us-central1/functions {"error":{"code":409,"message":"Failed to create 1st Gen function projects/refreshing-website/locations/us-central1/functions/revokeUserAccess: Function revokeUserAccess in region us-central1 in project refreshing-website already exists","status":"ALREADY_EXISTS"}}
!  functions: failed to create function projects/refreshing-website/locations/us-central1/functions/revokeUserAccess 
[2026-08-10T02:47:23.539Z] <<< [apiv2][status] POST https://cloudfunctions.googleapis.com/v1/projects/refreshing-website/locations/us-central1/functions 409
[2026-08-10T02:47:23.539Z] <<< [apiv2][body] POST https://cloudfunctions.googleapis.com/v1/projects/refreshing-website/locations/us-central1/functions {"error":{"code":409,"message":"Failed to create 1st Gen function projects/refreshing-website/locations/us-central1/functions/purgeTrash: Function purgeTrash in region us-central1 in project refreshing-website already exists","status":"ALREADY_EXISTS"}}
!  functions: failed to create function projects/refreshing-website/locations/us-central1/functions/purgeTrash 
[2026-08-10T02:47:23.649Z] <<< [apiv2][status] POST https://cloudfunctions.googleapis.com/v1/projects/refreshing-website/locations/us-central1/functions 409
[2026-08-10T02:47:23.649Z] <<< [apiv2][body] POST https://cloudfunctions.googleapis.com/v1/projects/refreshing-website/locations/us-central1/functions {"error":{"code":409,"message":"Failed to create 1st Gen function projects/refreshing-website/locations/us-central1/functions/auditSessionsWrite: Function auditSessionsWrite in region us-central1 in project refreshing-website already exists","status":"ALREADY_EXISTS"}}
!  functions: failed to create function projects/refreshing-website/locations/us-central1/functions/auditSessionsWrite 
[2026-08-10T02:49:03.405Z] [queue] Retrying task index 6
[2026-08-10T02:49:03.406Z] Checked if tokens are valid: true, expires at: 1786331729344
[2026-08-10T02:49:03.406Z] Checked if tokens are valid: true, expires at: 1786331729344
[2026-08-10T02:49:03.406Z] >>> [apiv2][query] POST https://cloudfunctions.googleapis.com/v1/projects/refreshing-website/locations/us-central1/functions [none]
[2026-08-10T02:49:03.406Z] >>> [apiv2][body] POST https://cloudfunctions.googleapis.com/v1/projects/refreshing-website/locations/us-central1/functions {"name":"projects/refreshing-website/locations/us-central1/functions/auditMinistersWrite","sourceUploadUrl":"https://storage.googleapis.com/uploads-836972235469.us-central1.cloudfunctions.appspot.com/02c1e8fa-c1af-4e22-a011-38b11d0d0528.zip?GoogleAccessId=service-832093857842@gcf-admin-robot.iam.gserviceaccount.com&Expires=1786331467&Signature=VvDa9HDI3UGM%2FHi4yzU0DUDtxVA0ODbyjK8rjmhZpl77FapwR07yYG27cQvoJq%2FbMXoMdUggMWprpHUxcf63d7X8h7jiO6%2BSK2ngf0ma1u6LkFIZoa%2B%2BhfP4Unu%2BIQLcRs8jHKSJ2C8sXkOilNPe79mOMk3j7FUY9rXyKnX5%2FfOmcW%2F4hkPOqwpVLpIYBugYydoJERfEWFy9K%2BiV0LWOSGO352HW7CqGsJeH94c7yxILlbtxT0CeuMlbuDICtHh01cH2GPxtt0OyBMx4ZN9EzDxFrzQPR7z9zuLdS36mHKN6JhFDX6Nvc%2FRxcDM2DV5SHCcPUiaAa7qZ6QPoNWrVjQ%3D%3D","entryPoint":"auditMinistersWrite","runtime":"nodejs20","dockerRegistry":"ARTIFACT_REGISTRY","labels":{"deployment-tool":"cli-firebase","firebase-functions-hash":"74436fef8c2ebebe3f9c654a6faa2958a1c805fc"},"eventTrigger":{"eventType":"providers/cloud.firestore/eventTypes/document.write","resource":"projects/refreshing-website/databases/(default)/documents/events/{eventId}/ministers/{ministerId}"},"minInstances":null,"maxInstances":null,"ingressSettings":null,"environmentVariables":{"FIREBASE_CONFIG":"{\"projectId\":\"refreshing-website\",\"storageBucket\":\"refreshing-website.firebasestorage.app\"}","GCLOUD_PROJECT":"refreshing-website","EVENTARC_CLOUD_EVENT_SOURCE":"projects/refreshing-website/locations/us-central1/functions/auditMinistersWrite"},"serviceAccountEmail":null,"availableMemoryMb":null,"timeout":null,"vpcConnector":null,"vpcConnectorEgressSettings":null,"sourceToken":"f57d6fd0-2c70-4ab7-b944-19aed713bef8","buildEnvironmentVariables":{"GOOGLE_NODE_RUN_SCRIPTS":""}}
[2026-08-10T02:49:03.411Z] [queue] Retrying task index 1
[2026-08-10T02:49:03.411Z] Checked if tokens are valid: true, expires at: 1786331729344
[2026-08-10T02:49:03.411Z] Checked if tokens are valid: true, expires at: 1786331729344
[2026-08-10T02:49:03.411Z] >>> [apiv2][query] POST https://cloudfunctions.googleapis.com/v1/projects/refreshing-website/locations/us-central1/functions [none]
[2026-08-10T02:49:03.411Z] >>> [apiv2][body] POST https://cloudfunctions.googleapis.com/v1/projects/refreshing-website/locations/us-central1/functions {"name":"projects/refreshing-website/locations/us-central1/functions/setUserRole","sourceUploadUrl":"https://storage.googleapis.com/uploads-836972235469.us-central1.cloudfunctions.appspot.com/02c1e8fa-c1af-4e22-a011-38b11d0d0528.zip?GoogleAccessId=service-832093857842@gcf-admin-robot.iam.gserviceaccount.com&Expires=1786331467&Signature=VvDa9HDI3UGM%2FHi4yzU0DUDtxVA0ODbyjK8rjmhZpl77FapwR07yYG27cQvoJq%2FbMXoMdUggMWprpHUxcf63d7X8h7jiO6%2BSK2ngf0ma1u6LkFIZoa%2B%2BhfP4Unu%2BIQLcRs8jHKSJ2C8sXkOilNPe79mOMk3j7FUY9rXyKnX5%2FfOmcW%2F4hkPOqwpVLpIYBugYydoJERfEWFy9K%2BiV0LWOSGO352HW7CqGsJeH94c7yxILlbtxT0CeuMlbuDICtHh01cH2GPxtt0OyBMx4ZN9EzDxFrzQPR7z9zuLdS36mHKN6JhFDX6Nvc%2FRxcDM2DV5SHCcPUiaAa7qZ6QPoNWrVjQ%3D%3D","entryPoint":"setUserRole","runtime":"nodejs20","dockerRegistry":"ARTIFACT_REGISTRY","labels":{"deployment-tool":"cli-firebase","deployment-callable":"true","firebase-functions-hash":"74436fef8c2ebebe3f9c654a6faa2958a1c805fc"},"httpsTrigger":{"securityLevel":"SECURE_ALWAYS"},"minInstances":null,"maxInstances":null,"ingressSettings":null,"environmentVariables":{"FIREBASE_CONFIG":"{\"projectId\":\"refreshing-website\",\"storageBucket\":\"refreshing-website.firebasestorage.app\"}","GCLOUD_PROJECT":"refreshing-website","EVENTARC_CLOUD_EVENT_SOURCE":"projects/refreshing-website/locations/us-central1/functions/setUserRole"},"serviceAccountEmail":null,"availableMemoryMb":null,"timeout":null,"vpcConnector":null,"vpcConnectorEgressSettings":null,"sourceToken":"f57d6fd0-2c70-4ab7-b944-19aed713bef8","buildEnvironmentVariables":{"GOOGLE_NODE_RUN_SCRIPTS":""}}
[2026-08-10T02:49:03.433Z] [queue] Retrying task index 3
[2026-08-10T02:49:03.434Z] Checked if tokens are valid: true, expires at: 1786331729344
[2026-08-10T02:49:03.434Z] Checked if tokens are valid: true, expires at: 1786331729344
[2026-08-10T02:49:03.435Z] >>> [apiv2][query] POST https://cloudfunctions.googleapis.com/v1/projects/refreshing-website/locations/us-central1/functions [none]
[2026-08-10T02:49:03.435Z] >>> [apiv2][body] POST https://cloudfunctions.googleapis.com/v1/projects/refreshing-website/locations/us-central1/functions {"name":"projects/refreshing-website/locations/us-central1/functions/markCheckedIn","sourceUploadUrl":"https://storage.googleapis.com/uploads-836972235469.us-central1.cloudfunctions.appspot.com/02c1e8fa-c1af-4e22-a011-38b11d0d0528.zip?GoogleAccessId=service-832093857842@gcf-admin-robot.iam.gserviceaccount.com&Expires=1786331467&Signature=VvDa9HDI3UGM%2FHi4yzU0DUDtxVA0ODbyjK8rjmhZpl77FapwR07yYG27cQvoJq%2FbMXoMdUggMWprpHUxcf63d7X8h7jiO6%2BSK2ngf0ma1u6LkFIZoa%2B%2BhfP4Unu%2BIQLcRs8jHKSJ2C8sXkOilNPe79mOMk3j7FUY9rXyKnX5%2FfOmcW%2F4hkPOqwpVLpIYBugYydoJERfEWFy9K%2BiV0LWOSGO352HW7CqGsJeH94c7yxILlbtxT0CeuMlbuDICtHh01cH2GPxtt0OyBMx4ZN9EzDxFrzQPR7z9zuLdS36mHKN6JhFDX6Nvc%2FRxcDM2DV5SHCcPUiaAa7qZ6QPoNWrVjQ%3D%3D","entryPoint":"markCheckedIn","runtime":"nodejs20","dockerRegistry":"ARTIFACT_REGISTRY","labels":{"deployment-tool":"cli-firebase","deployment-callable":"true","firebase-functions-hash":"74436fef8c2ebebe3f9c654a6faa2958a1c805fc"},"httpsTrigger":{"securityLevel":"SECURE_ALWAYS"},"minInstances":null,"maxInstances":null,"ingressSettings":null,"environmentVariables":{"FIREBASE_CONFIG":"{\"projectId\":\"refreshing-website\",\"storageBucket\":\"refreshing-website.firebasestorage.app\"}","GCLOUD_PROJECT":"refreshing-website","EVENTARC_CLOUD_EVENT_SOURCE":"projects/refreshing-website/locations/us-central1/functions/markCheckedIn"},"serviceAccountEmail":null,"availableMemoryMb":null,"timeout":null,"vpcConnector":null,"vpcConnectorEgressSettings":null,"sourceToken":"f57d6fd0-2c70-4ab7-b944-19aed713bef8","buildEnvironmentVariables":{"GOOGLE_NODE_RUN_SCRIPTS":""}}
[2026-08-10T02:49:03.456Z] [queue] Retrying task index 10
[2026-08-10T02:49:03.456Z] Checked if tokens are valid: true, expires at: 1786331729344
[2026-08-10T02:49:03.456Z] Checked if tokens are valid: true, expires at: 1786331729344
[2026-08-10T02:49:03.457Z] >>> [apiv2][query] POST https://cloudfunctions.googleapis.com/v1/projects/refreshing-website/locations/us-central1/functions [none]
[2026-08-10T02:49:03.457Z] >>> [apiv2][body] POST https://cloudfunctions.googleapis.com/v1/projects/refreshing-website/locations/us-central1/functions {"name":"projects/refreshing-website/locations/us-central1/functions/pruneVersionHistory","sourceUploadUrl":"https://storage.googleapis.com/uploads-836972235469.us-central1.cloudfunctions.appspot.com/02c1e8fa-c1af-4e22-a011-38b11d0d0528.zip?GoogleAccessId=service-832093857842@gcf-admin-robot.iam.gserviceaccount.com&Expires=1786331467&Signature=VvDa9HDI3UGM%2FHi4yzU0DUDtxVA0ODbyjK8rjmhZpl77FapwR07yYG27cQvoJq%2FbMXoMdUggMWprpHUxcf63d7X8h7jiO6%2BSK2ngf0ma1u6LkFIZoa%2B%2BhfP4Unu%2BIQLcRs8jHKSJ2C8sXkOilNPe79mOMk3j7FUY9rXyKnX5%2FfOmcW%2F4hkPOqwpVLpIYBugYydoJERfEWFy9K%2BiV0LWOSGO352HW7CqGsJeH94c7yxILlbtxT0CeuMlbuDICtHh01cH2GPxtt0OyBMx4ZN9EzDxFrzQPR7z9zuLdS36mHKN6JhFDX6Nvc%2FRxcDM2DV5SHCcPUiaAa7qZ6QPoNWrVjQ%3D%3D","entryPoint":"pruneVersionHistory","runtime":"nodejs20","dockerRegistry":"ARTIFACT_REGISTRY","labels":{"deployment-tool":"cli-firebase","deployment-scheduled":"true","firebase-functions-hash":"74436fef8c2ebebe3f9c654a6faa2958a1c805fc"},"eventTrigger":{"eventType":"google.pubsub.topic.publish","resource":"projects/refreshing-website/topics/firebase-schedule-pruneVersionHistory-us-central1"},"minInstances":null,"maxInstances":null,"ingressSettings":null,"environmentVariables":{"FIREBASE_CONFIG":"{\"projectId\":\"refreshing-website\",\"storageBucket\":\"refreshing-website.firebasestorage.app\"}","GCLOUD_PROJECT":"refreshing-website","EVENTARC_CLOUD_EVENT_SOURCE":"projects/refreshing-website/locations/us-central1/functions/pruneVersionHistory"},"serviceAccountEmail":null,"availableMemoryMb":null,"timeout":null,"vpcConnector":null,"vpcConnectorEgressSettings":null,"sourceToken":"f57d6fd0-2c70-4ab7-b944-19aed713bef8","buildEnvironmentVariables":{"GOOGLE_NODE_RUN_SCRIPTS":""}}
[2026-08-10T02:49:03.507Z] [queue] Retrying task index 8
[2026-08-10T02:49:03.507Z] Checked if tokens are valid: true, expires at: 1786331729344
[2026-08-10T02:49:03.507Z] Checked if tokens are valid: true, expires at: 1786331729344
[2026-08-10T02:49:03.508Z] >>> [apiv2][query] POST https://cloudfunctions.googleapis.com/v1/projects/refreshing-website/locations/us-central1/functions [none]
[2026-08-10T02:49:03.508Z] >>> [apiv2][body] POST https://cloudfunctions.googleapis.com/v1/projects/refreshing-website/locations/us-central1/functions {"name":"projects/refreshing-website/locations/us-central1/functions/auditAttendeesWrite","sourceUploadUrl":"https://storage.googleapis.com/uploads-836972235469.us-central1.cloudfunctions.appspot.com/02c1e8fa-c1af-4e22-a011-38b11d0d0528.zip?GoogleAccessId=service-832093857842@gcf-admin-robot.iam.gserviceaccount.com&Expires=1786331467&Signature=VvDa9HDI3UGM%2FHi4yzU0DUDtxVA0ODbyjK8rjmhZpl77FapwR07yYG27cQvoJq%2FbMXoMdUggMWprpHUxcf63d7X8h7jiO6%2BSK2ngf0ma1u6LkFIZoa%2B%2BhfP4Unu%2BIQLcRs8jHKSJ2C8sXkOilNPe79mOMk3j7FUY9rXyKnX5%2FfOmcW%2F4hkPOqwpVLpIYBugYydoJERfEWFy9K%2BiV0LWOSGO352HW7CqGsJeH94c7yxILlbtxT0CeuMlbuDICtHh01cH2GPxtt0OyBMx4ZN9EzDxFrzQPR7z9zuLdS36mHKN6JhFDX6Nvc%2FRxcDM2DV5SHCcPUiaAa7qZ6QPoNWrVjQ%3D%3D","entryPoint":"auditAttendeesWrite","runtime":"nodejs20","dockerRegistry":"ARTIFACT_REGISTRY","labels":{"deployment-tool":"cli-firebase","firebase-functions-hash":"74436fef8c2ebebe3f9c654a6faa2958a1c805fc"},"eventTrigger":{"eventType":"providers/cloud.firestore/eventTypes/document.write","resource":"projects/refreshing-website/databases/(default)/documents/events/{eventId}/attendees/{attendeeId}"},"minInstances":null,"maxInstances":null,"ingressSettings":null,"environmentVariables":{"FIREBASE_CONFIG":"{\"projectId\":\"refreshing-website\",\"storageBucket\":\"refreshing-website.firebasestorage.app\"}","GCLOUD_PROJECT":"refreshing-website","EVENTARC_CLOUD_EVENT_SOURCE":"projects/refreshing-website/locations/us-central1/functions/auditAttendeesWrite"},"serviceAccountEmail":null,"availableMemoryMb":null,"timeout":null,"vpcConnector":null,"vpcConnectorEgressSettings":null,"sourceToken":"f57d6fd0-2c70-4ab7-b944-19aed713bef8","buildEnvironmentVariables":{"GOOGLE_NODE_RUN_SCRIPTS":""}}
[2026-08-10T02:49:03.516Z] [queue] Retrying task index 11
[2026-08-10T02:49:03.517Z] Checked if tokens are valid: true, expires at: 1786331729344
[2026-08-10T02:49:03.517Z] Checked if tokens are valid: true, expires at: 1786331729344
[2026-08-10T02:49:03.518Z] >>> [apiv2][query] POST https://cloudfunctions.googleapis.com/v1/projects/refreshing-website/locations/us-central1/functions [none]
[2026-08-10T02:49:03.518Z] >>> [apiv2][body] POST https://cloudfunctions.googleapis.com/v1/projects/refreshing-website/locations/us-central1/functions {"name":"projects/refreshing-website/locations/us-central1/functions/provisionAdminAccount","sourceUploadUrl":"https://storage.googleapis.com/uploads-836972235469.us-central1.cloudfunctions.appspot.com/02c1e8fa-c1af-4e22-a011-38b11d0d0528.zip?GoogleAccessId=service-832093857842@gcf-admin-robot.iam.gserviceaccount.com&Expires=1786331467&Signature=VvDa9HDI3UGM%2FHi4yzU0DUDtxVA0ODbyjK8rjmhZpl77FapwR07yYG27cQvoJq%2FbMXoMdUggMWprpHUxcf63d7X8h7jiO6%2BSK2ngf0ma1u6LkFIZoa%2B%2BhfP4Unu%2BIQLcRs8jHKSJ2C8sXkOilNPe79mOMk3j7FUY9rXyKnX5%2FfOmcW%2F4hkPOqwpVLpIYBugYydoJERfEWFy9K%2BiV0LWOSGO352HW7CqGsJeH94c7yxILlbtxT0CeuMlbuDICtHh01cH2GPxtt0OyBMx4ZN9EzDxFrzQPR7z9zuLdS36mHKN6JhFDX6Nvc%2FRxcDM2DV5SHCcPUiaAa7qZ6QPoNWrVjQ%3D%3D","entryPoint":"provisionAdminAccount","runtime":"nodejs20","dockerRegistry":"ARTIFACT_REGISTRY","labels":{"deployment-tool":"cli-firebase","deployment-callable":"true","firebase-functions-hash":"74436fef8c2ebebe3f9c654a6faa2958a1c805fc"},"httpsTrigger":{"securityLevel":"SECURE_ALWAYS"},"minInstances":null,"maxInstances":null,"ingressSettings":null,"environmentVariables":{"FIREBASE_CONFIG":"{\"projectId\":\"refreshing-website\",\"storageBucket\":\"refreshing-website.firebasestorage.app\"}","GCLOUD_PROJECT":"refreshing-website","EVENTARC_CLOUD_EVENT_SOURCE":"projects/refreshing-website/locations/us-central1/functions/provisionAdminAccount"},"serviceAccountEmail":null,"availableMemoryMb":null,"timeout":null,"vpcConnector":null,"vpcConnectorEgressSettings":null,"sourceToken":"f57d6fd0-2c70-4ab7-b944-19aed713bef8","buildEnvironmentVariables":{"GOOGLE_NODE_RUN_SCRIPTS":""}}
[2026-08-10T02:49:03.530Z] [queue] Retrying task index 4
[2026-08-10T02:49:03.531Z] Checked if tokens are valid: true, expires at: 1786331729344
[2026-08-10T02:49:03.531Z] Checked if tokens are valid: true, expires at: 1786331729344
[2026-08-10T02:49:03.532Z] >>> [apiv2][query] POST https://cloudfunctions.googleapis.com/v1/projects/refreshing-website/locations/us-central1/functions [none]
[2026-08-10T02:49:03.532Z] >>> [apiv2][body] POST https://cloudfunctions.googleapis.com/v1/projects/refreshing-website/locations/us-central1/functions {"name":"projects/refreshing-website/locations/us-central1/functions/undoCheckIn","sourceUploadUrl":"https://storage.googleapis.com/uploads-836972235469.us-central1.cloudfunctions.appspot.com/02c1e8fa-c1af-4e22-a011-38b11d0d0528.zip?GoogleAccessId=service-832093857842@gcf-admin-robot.iam.gserviceaccount.com&Expires=1786331467&Signature=VvDa9HDI3UGM%2FHi4yzU0DUDtxVA0ODbyjK8rjmhZpl77FapwR07yYG27cQvoJq%2FbMXoMdUggMWprpHUxcf63d7X8h7jiO6%2BSK2ngf0ma1u6LkFIZoa%2B%2BhfP4Unu%2BIQLcRs8jHKSJ2C8sXkOilNPe79mOMk3j7FUY9rXyKnX5%2FfOmcW%2F4hkPOqwpVLpIYBugYydoJERfEWFy9K%2BiV0LWOSGO352HW7CqGsJeH94c7yxILlbtxT0CeuMlbuDICtHh01cH2GPxtt0OyBMx4ZN9EzDxFrzQPR7z9zuLdS36mHKN6JhFDX6Nvc%2FRxcDM2DV5SHCcPUiaAa7qZ6QPoNWrVjQ%3D%3D","entryPoint":"undoCheckIn","runtime":"nodejs20","dockerRegistry":"ARTIFACT_REGISTRY","labels":{"deployment-tool":"cli-firebase","deployment-callable":"true","firebase-functions-hash":"74436fef8c2ebebe3f9c654a6faa2958a1c805fc"},"httpsTrigger":{"securityLevel":"SECURE_ALWAYS"},"minInstances":null,"maxInstances":null,"ingressSettings":null,"environmentVariables":{"FIREBASE_CONFIG":"{\"projectId\":\"refreshing-website\",\"storageBucket\":\"refreshing-website.firebasestorage.app\"}","GCLOUD_PROJECT":"refreshing-website","EVENTARC_CLOUD_EVENT_SOURCE":"projects/refreshing-website/locations/us-central1/functions/undoCheckIn"},"serviceAccountEmail":null,"availableMemoryMb":null,"timeout":null,"vpcConnector":null,"vpcConnectorEgressSettings":null,"sourceToken":"f57d6fd0-2c70-4ab7-b944-19aed713bef8","buildEnvironmentVariables":{"GOOGLE_NODE_RUN_SCRIPTS":""}}
[2026-08-10T02:49:03.535Z] [queue] Retrying task index 5
[2026-08-10T02:49:03.535Z] Checked if tokens are valid: true, expires at: 1786331729344
[2026-08-10T02:49:03.535Z] Checked if tokens are valid: true, expires at: 1786331729344
[2026-08-10T02:49:03.536Z] >>> [apiv2][query] POST https://cloudfunctions.googleapis.com/v1/projects/refreshing-website/locations/us-central1/functions [none]
[2026-08-10T02:49:03.536Z] >>> [apiv2][body] POST https://cloudfunctions.googleapis.com/v1/projects/refreshing-website/locations/us-central1/functions {"name":"projects/refreshing-website/locations/us-central1/functions/syncCheckinView","sourceUploadUrl":"https://storage.googleapis.com/uploads-836972235469.us-central1.cloudfunctions.appspot.com/02c1e8fa-c1af-4e22-a011-38b11d0d0528.zip?GoogleAccessId=service-832093857842@gcf-admin-robot.iam.gserviceaccount.com&Expires=1786331467&Signature=VvDa9HDI3UGM%2FHi4yzU0DUDtxVA0ODbyjK8rjmhZpl77FapwR07yYG27cQvoJq%2FbMXoMdUggMWprpHUxcf63d7X8h7jiO6%2BSK2ngf0ma1u6LkFIZoa%2B%2BhfP4Unu%2BIQLcRs8jHKSJ2C8sXkOilNPe79mOMk3j7FUY9rXyKnX5%2FfOmcW%2F4hkPOqwpVLpIYBugYydoJERfEWFy9K%2BiV0LWOSGO352HW7CqGsJeH94c7yxILlbtxT0CeuMlbuDICtHh01cH2GPxtt0OyBMx4ZN9EzDxFrzQPR7z9zuLdS36mHKN6JhFDX6Nvc%2FRxcDM2DV5SHCcPUiaAa7qZ6QPoNWrVjQ%3D%3D","entryPoint":"syncCheckinView","runtime":"nodejs20","dockerRegistry":"ARTIFACT_REGISTRY","labels":{"deployment-tool":"cli-firebase","firebase-functions-hash":"74436fef8c2ebebe3f9c654a6faa2958a1c805fc"},"eventTrigger":{"eventType":"providers/cloud.firestore/eventTypes/document.write","resource":"projects/refreshing-website/databases/(default)/documents/events/{eventId}/attendees/{attendeeId}"},"minInstances":null,"maxInstances":null,"ingressSettings":null,"environmentVariables":{"FIREBASE_CONFIG":"{\"projectId\":\"refreshing-website\",\"storageBucket\":\"refreshing-website.firebasestorage.app\"}","GCLOUD_PROJECT":"refreshing-website","EVENTARC_CLOUD_EVENT_SOURCE":"projects/refreshing-website/locations/us-central1/functions/syncCheckinView"},"serviceAccountEmail":null,"availableMemoryMb":null,"timeout":null,"vpcConnector":null,"vpcConnectorEgressSettings":null,"sourceToken":"f57d6fd0-2c70-4ab7-b944-19aed713bef8","buildEnvironmentVariables":{"GOOGLE_NODE_RUN_SCRIPTS":""}}
[2026-08-10T02:49:03.548Z] [queue] Retrying task index 2
[2026-08-10T02:49:03.549Z] Checked if tokens are valid: true, expires at: 1786331729344
[2026-08-10T02:49:03.550Z] Checked if tokens are valid: true, expires at: 1786331729344
[2026-08-10T02:49:03.550Z] >>> [apiv2][query] POST https://cloudfunctions.googleapis.com/v1/projects/refreshing-website/locations/us-central1/functions [none]
[2026-08-10T02:49:03.550Z] >>> [apiv2][body] POST https://cloudfunctions.googleapis.com/v1/projects/refreshing-website/locations/us-central1/functions {"name":"projects/refreshing-website/locations/us-central1/functions/revokeUserAccess","sourceUploadUrl":"https://storage.googleapis.com/uploads-836972235469.us-central1.cloudfunctions.appspot.com/02c1e8fa-c1af-4e22-a011-38b11d0d0528.zip?GoogleAccessId=service-832093857842@gcf-admin-robot.iam.gserviceaccount.com&Expires=1786331467&Signature=VvDa9HDI3UGM%2FHi4yzU0DUDtxVA0ODbyjK8rjmhZpl77FapwR07yYG27cQvoJq%2FbMXoMdUggMWprpHUxcf63d7X8h7jiO6%2BSK2ngf0ma1u6LkFIZoa%2B%2BhfP4Unu%2BIQLcRs8jHKSJ2C8sXkOilNPe79mOMk3j7FUY9rXyKnX5%2FfOmcW%2F4hkPOqwpVLpIYBugYydoJERfEWFy9K%2BiV0LWOSGO352HW7CqGsJeH94c7yxILlbtxT0CeuMlbuDICtHh01cH2GPxtt0OyBMx4ZN9EzDxFrzQPR7z9zuLdS36mHKN6JhFDX6Nvc%2FRxcDM2DV5SHCcPUiaAa7qZ6QPoNWrVjQ%3D%3D","entryPoint":"revokeUserAccess","runtime":"nodejs20","dockerRegistry":"ARTIFACT_REGISTRY","labels":{"deployment-tool":"cli-firebase","deployment-callable":"true","firebase-functions-hash":"74436fef8c2ebebe3f9c654a6faa2958a1c805fc"},"httpsTrigger":{"securityLevel":"SECURE_ALWAYS"},"minInstances":null,"maxInstances":null,"ingressSettings":null,"environmentVariables":{"FIREBASE_CONFIG":"{\"projectId\":\"refreshing-website\",\"storageBucket\":\"refreshing-website.firebasestorage.app\"}","GCLOUD_PROJECT":"refreshing-website","EVENTARC_CLOUD_EVENT_SOURCE":"projects/refreshing-website/locations/us-central1/functions/revokeUserAccess"},"serviceAccountEmail":null,"availableMemoryMb":null,"timeout":null,"vpcConnector":null,"vpcConnectorEgressSettings":null,"sourceToken":"f57d6fd0-2c70-4ab7-b944-19aed713bef8","buildEnvironmentVariables":{"GOOGLE_NODE_RUN_SCRIPTS":""}}
[2026-08-10T02:49:03.555Z] [queue] Retrying task index 9
[2026-08-10T02:49:03.555Z] Checked if tokens are valid: true, expires at: 1786331729344
[2026-08-10T02:49:03.555Z] Checked if tokens are valid: true, expires at: 1786331729344
[2026-08-10T02:49:03.555Z] >>> [apiv2][query] POST https://cloudfunctions.googleapis.com/v1/projects/refreshing-website/locations/us-central1/functions [none]
[2026-08-10T02:49:03.556Z] >>> [apiv2][body] POST https://cloudfunctions.googleapis.com/v1/projects/refreshing-website/locations/us-central1/functions {"name":"projects/refreshing-website/locations/us-central1/functions/purgeTrash","sourceUploadUrl":"https://storage.googleapis.com/uploads-836972235469.us-central1.cloudfunctions.appspot.com/02c1e8fa-c1af-4e22-a011-38b11d0d0528.zip?GoogleAccessId=service-832093857842@gcf-admin-robot.iam.gserviceaccount.com&Expires=1786331467&Signature=VvDa9HDI3UGM%2FHi4yzU0DUDtxVA0ODbyjK8rjmhZpl77FapwR07yYG27cQvoJq%2FbMXoMdUggMWprpHUxcf63d7X8h7jiO6%2BSK2ngf0ma1u6LkFIZoa%2B%2BhfP4Unu%2BIQLcRs8jHKSJ2C8sXkOilNPe79mOMk3j7FUY9rXyKnX5%2FfOmcW%2F4hkPOqwpVLpIYBugYydoJERfEWFy9K%2BiV0LWOSGO352HW7CqGsJeH94c7yxILlbtxT0CeuMlbuDICtHh01cH2GPxtt0OyBMx4ZN9EzDxFrzQPR7z9zuLdS36mHKN6JhFDX6Nvc%2FRxcDM2DV5SHCcPUiaAa7qZ6QPoNWrVjQ%3D%3D","entryPoint":"purgeTrash","runtime":"nodejs20","dockerRegistry":"ARTIFACT_REGISTRY","labels":{"deployment-tool":"cli-firebase","deployment-scheduled":"true","firebase-functions-hash":"74436fef8c2ebebe3f9c654a6faa2958a1c805fc"},"eventTrigger":{"eventType":"google.pubsub.topic.publish","resource":"projects/refreshing-website/topics/firebase-schedule-purgeTrash-us-central1"},"minInstances":null,"maxInstances":null,"ingressSettings":null,"environmentVariables":{"FIREBASE_CONFIG":"{\"projectId\":\"refreshing-website\",\"storageBucket\":\"refreshing-website.firebasestorage.app\"}","GCLOUD_PROJECT":"refreshing-website","EVENTARC_CLOUD_EVENT_SOURCE":"projects/refreshing-website/locations/us-central1/functions/purgeTrash"},"serviceAccountEmail":null,"availableMemoryMb":null,"timeout":null,"vpcConnector":null,"vpcConnectorEgressSettings":null,"sourceToken":"f57d6fd0-2c70-4ab7-b944-19aed713bef8","buildEnvironmentVariables":{"GOOGLE_NODE_RUN_SCRIPTS":""}}
[2026-08-10T02:49:03.650Z] [queue] Retrying task index 7
[2026-08-10T02:49:03.651Z] Checked if tokens are valid: true, expires at: 1786331729344
[2026-08-10T02:49:03.651Z] Checked if tokens are valid: true, expires at: 1786331729344
[2026-08-10T02:49:03.651Z] >>> [apiv2][query] POST https://cloudfunctions.googleapis.com/v1/projects/refreshing-website/locations/us-central1/functions [none]
[2026-08-10T02:49:03.651Z] >>> [apiv2][body] POST https://cloudfunctions.googleapis.com/v1/projects/refreshing-website/locations/us-central1/functions {"name":"projects/refreshing-website/locations/us-central1/functions/auditSessionsWrite","sourceUploadUrl":"https://storage.googleapis.com/uploads-836972235469.us-central1.cloudfunctions.appspot.com/02c1e8fa-c1af-4e22-a011-38b11d0d0528.zip?GoogleAccessId=service-832093857842@gcf-admin-robot.iam.gserviceaccount.com&Expires=1786331467&Signature=VvDa9HDI3UGM%2FHi4yzU0DUDtxVA0ODbyjK8rjmhZpl77FapwR07yYG27cQvoJq%2FbMXoMdUggMWprpHUxcf63d7X8h7jiO6%2BSK2ngf0ma1u6LkFIZoa%2B%2BhfP4Unu%2BIQLcRs8jHKSJ2C8sXkOilNPe79mOMk3j7FUY9rXyKnX5%2FfOmcW%2F4hkPOqwpVLpIYBugYydoJERfEWFy9K%2BiV0LWOSGO352HW7CqGsJeH94c7yxILlbtxT0CeuMlbuDICtHh01cH2GPxtt0OyBMx4ZN9EzDxFrzQPR7z9zuLdS36mHKN6JhFDX6Nvc%2FRxcDM2DV5SHCcPUiaAa7qZ6QPoNWrVjQ%3D%3D","entryPoint":"auditSessionsWrite","runtime":"nodejs20","dockerRegistry":"ARTIFACT_REGISTRY","labels":{"deployment-tool":"cli-firebase","firebase-functions-hash":"74436fef8c2ebebe3f9c654a6faa2958a1c805fc"},"eventTrigger":{"eventType":"providers/cloud.firestore/eventTypes/document.write","resource":"projects/refreshing-website/databases/(default)/documents/events/{eventId}/sessions/{sessionId}"},"minInstances":null,"maxInstances":null,"ingressSettings":null,"environmentVariables":{"FIREBASE_CONFIG":"{\"projectId\":\"refreshing-website\",\"storageBucket\":\"refreshing-website.firebasestorage.app\"}","GCLOUD_PROJECT":"refreshing-website","EVENTARC_CLOUD_EVENT_SOURCE":"projects/refreshing-website/locations/us-central1/functions/auditSessionsWrite"},"serviceAccountEmail":null,"availableMemoryMb":null,"timeout":null,"vpcConnector":null,"vpcConnectorEgressSettings":null,"sourceToken":"f57d6fd0-2c70-4ab7-b944-19aed713bef8","buildEnvironmentVariables":{"GOOGLE_NODE_RUN_SCRIPTS":""}}
[2026-08-10T02:49:03.969Z] <<< [apiv2][status] POST https://cloudfunctions.googleapis.com/v1/projects/refreshing-website/locations/us-central1/functions 409
[2026-08-10T02:49:03.970Z] <<< [apiv2][body] POST https://cloudfunctions.googleapis.com/v1/projects/refreshing-website/locations/us-central1/functions {"error":{"code":409,"message":"Failed to create 1st Gen function projects/refreshing-website/locations/us-central1/functions/setUserRole: Function setUserRole in region us-central1 in project refreshing-website already exists","status":"ALREADY_EXISTS"}}
!  functions: failed to create function projects/refreshing-website/locations/us-central1/functions/setUserRole 
[2026-08-10T02:49:04.004Z] <<< [apiv2][status] POST https://cloudfunctions.googleapis.com/v1/projects/refreshing-website/locations/us-central1/functions 409
[2026-08-10T02:49:04.005Z] <<< [apiv2][body] POST https://cloudfunctions.googleapis.com/v1/projects/refreshing-website/locations/us-central1/functions {"error":{"code":409,"message":"Failed to create 1st Gen function projects/refreshing-website/locations/us-central1/functions/auditMinistersWrite: Function auditMinistersWrite in region us-central1 in project refreshing-website already exists","status":"ALREADY_EXISTS"}}
!  functions: failed to create function projects/refreshing-website/locations/us-central1/functions/auditMinistersWrite 
[2026-08-10T02:49:04.009Z] <<< [apiv2][status] POST https://cloudfunctions.googleapis.com/v1/projects/refreshing-website/locations/us-central1/functions 409
[2026-08-10T02:49:04.010Z] <<< [apiv2][body] POST https://cloudfunctions.googleapis.com/v1/projects/refreshing-website/locations/us-central1/functions {"error":{"code":409,"message":"Failed to create 1st Gen function projects/refreshing-website/locations/us-central1/functions/markCheckedIn: Function markCheckedIn in region us-central1 in project refreshing-website already exists","status":"ALREADY_EXISTS"}}
!  functions: failed to create function projects/refreshing-website/locations/us-central1/functions/markCheckedIn 
[2026-08-10T02:49:04.020Z] <<< [apiv2][status] POST https://cloudfunctions.googleapis.com/v1/projects/refreshing-website/locations/us-central1/functions 409
[2026-08-10T02:49:04.021Z] <<< [apiv2][body] POST https://cloudfunctions.googleapis.com/v1/projects/refreshing-website/locations/us-central1/functions {"error":{"code":409,"message":"Failed to create 1st Gen function projects/refreshing-website/locations/us-central1/functions/pruneVersionHistory: Function pruneVersionHistory in region us-central1 in project refreshing-website already exists","status":"ALREADY_EXISTS"}}
!  functions: failed to create function projects/refreshing-website/locations/us-central1/functions/pruneVersionHistory 
[2026-08-10T02:49:04.112Z] <<< [apiv2][status] POST https://cloudfunctions.googleapis.com/v1/projects/refreshing-website/locations/us-central1/functions 409
[2026-08-10T02:49:04.113Z] <<< [apiv2][body] POST https://cloudfunctions.googleapis.com/v1/projects/refreshing-website/locations/us-central1/functions {"error":{"code":409,"message":"Failed to create 1st Gen function projects/refreshing-website/locations/us-central1/functions/syncCheckinView: Function syncCheckinView in region us-central1 in project refreshing-website already exists","status":"ALREADY_EXISTS"}}
!  functions: failed to create function projects/refreshing-website/locations/us-central1/functions/syncCheckinView 
[2026-08-10T02:49:04.118Z] <<< [apiv2][status] POST https://cloudfunctions.googleapis.com/v1/projects/refreshing-website/locations/us-central1/functions 409
[2026-08-10T02:49:04.119Z] <<< [apiv2][body] POST https://cloudfunctions.googleapis.com/v1/projects/refreshing-website/locations/us-central1/functions {"error":{"code":409,"message":"Failed to create 1st Gen function projects/refreshing-website/locations/us-central1/functions/auditAttendeesWrite: Function auditAttendeesWrite in region us-central1 in project refreshing-website already exists","status":"ALREADY_EXISTS"}}
!  functions: failed to create function projects/refreshing-website/locations/us-central1/functions/auditAttendeesWrite 
[2026-08-10T02:49:04.121Z] <<< [apiv2][status] POST https://cloudfunctions.googleapis.com/v1/projects/refreshing-website/locations/us-central1/functions 409
[2026-08-10T02:49:04.122Z] <<< [apiv2][body] POST https://cloudfunctions.googleapis.com/v1/projects/refreshing-website/locations/us-central1/functions {"error":{"code":409,"message":"Failed to create 1st Gen function projects/refreshing-website/locations/us-central1/functions/undoCheckIn: Function undoCheckIn in region us-central1 in project refreshing-website already exists","status":"ALREADY_EXISTS"}}
!  functions: failed to create function projects/refreshing-website/locations/us-central1/functions/undoCheckIn 
[2026-08-10T02:49:04.124Z] <<< [apiv2][status] POST https://cloudfunctions.googleapis.com/v1/projects/refreshing-website/locations/us-central1/functions 409
[2026-08-10T02:49:04.124Z] <<< [apiv2][body] POST https://cloudfunctions.googleapis.com/v1/projects/refreshing-website/locations/us-central1/functions {"error":{"code":409,"message":"Failed to create 1st Gen function projects/refreshing-website/locations/us-central1/functions/purgeTrash: Function purgeTrash in region us-central1 in project refreshing-website already exists","status":"ALREADY_EXISTS"}}
!  functions: failed to create function projects/refreshing-website/locations/us-central1/functions/purgeTrash 
[2026-08-10T02:49:04.185Z] <<< [apiv2][status] POST https://cloudfunctions.googleapis.com/v1/projects/refreshing-website/locations/us-central1/functions 409
[2026-08-10T02:49:04.185Z] <<< [apiv2][body] POST https://cloudfunctions.googleapis.com/v1/projects/refreshing-website/locations/us-central1/functions {"error":{"code":409,"message":"Failed to create 1st Gen function projects/refreshing-website/locations/us-central1/functions/auditSessionsWrite: Function auditSessionsWrite in region us-central1 in project refreshing-website already exists","status":"ALREADY_EXISTS"}}
!  functions: failed to create function projects/refreshing-website/locations/us-central1/functions/auditSessionsWrite 
[2026-08-10T02:49:04.186Z] <<< [apiv2][status] POST https://cloudfunctions.googleapis.com/v1/projects/refreshing-website/locations/us-central1/functions 409
[2026-08-10T02:49:04.186Z] <<< [apiv2][body] POST https://cloudfunctions.googleapis.com/v1/projects/refreshing-website/locations/us-central1/functions {"error":{"code":409,"message":"Failed to create 1st Gen function projects/refreshing-website/locations/us-central1/functions/provisionAdminAccount: Function provisionAdminAccount in region us-central1 in project refreshing-website already exists","status":"ALREADY_EXISTS"}}
!  functions: failed to create function projects/refreshing-website/locations/us-central1/functions/provisionAdminAccount 
[2026-08-10T02:49:04.187Z] <<< [apiv2][status] POST https://cloudfunctions.googleapis.com/v1/projects/refreshing-website/locations/us-central1/functions 409
[2026-08-10T02:49:04.188Z] <<< [apiv2][body] POST https://cloudfunctions.googleapis.com/v1/projects/refreshing-website/locations/us-central1/functions {"error":{"code":409,"message":"Failed to create 1st Gen function projects/refreshing-website/locations/us-central1/functions/revokeUserAccess: Function revokeUserAccess in region us-central1 in project refreshing-website already exists","status":"ALREADY_EXISTS"}}
!  functions: failed to create function projects/refreshing-website/locations/us-central1/functions/revokeUserAccess 
[2026-08-10T02:50:43.971Z] [queue] Retrying task index 1
[2026-08-10T02:50:43.972Z] Checked if tokens are valid: true, expires at: 1786331729344
[2026-08-10T02:50:43.972Z] Checked if tokens are valid: true, expires at: 1786331729344
[2026-08-10T02:50:43.973Z] >>> [apiv2][query] POST https://cloudfunctions.googleapis.com/v1/projects/refreshing-website/locations/us-central1/functions [none]
[2026-08-10T02:50:43.973Z] >>> [apiv2][body] POST https://cloudfunctions.googleapis.com/v1/projects/refreshing-website/locations/us-central1/functions {"name":"projects/refreshing-website/locations/us-central1/functions/setUserRole","sourceUploadUrl":"https://storage.googleapis.com/uploads-836972235469.us-central1.cloudfunctions.appspot.com/02c1e8fa-c1af-4e22-a011-38b11d0d0528.zip?GoogleAccessId=service-832093857842@gcf-admin-robot.iam.gserviceaccount.com&Expires=1786331467&Signature=VvDa9HDI3UGM%2FHi4yzU0DUDtxVA0ODbyjK8rjmhZpl77FapwR07yYG27cQvoJq%2FbMXoMdUggMWprpHUxcf63d7X8h7jiO6%2BSK2ngf0ma1u6LkFIZoa%2B%2BhfP4Unu%2BIQLcRs8jHKSJ2C8sXkOilNPe79mOMk3j7FUY9rXyKnX5%2FfOmcW%2F4hkPOqwpVLpIYBugYydoJERfEWFy9K%2BiV0LWOSGO352HW7CqGsJeH94c7yxILlbtxT0CeuMlbuDICtHh01cH2GPxtt0OyBMx4ZN9EzDxFrzQPR7z9zuLdS36mHKN6JhFDX6Nvc%2FRxcDM2DV5SHCcPUiaAa7qZ6QPoNWrVjQ%3D%3D","entryPoint":"setUserRole","runtime":"nodejs20","dockerRegistry":"ARTIFACT_REGISTRY","labels":{"deployment-tool":"cli-firebase","deployment-callable":"true","firebase-functions-hash":"74436fef8c2ebebe3f9c654a6faa2958a1c805fc"},"httpsTrigger":{"securityLevel":"SECURE_ALWAYS"},"minInstances":null,"maxInstances":null,"ingressSettings":null,"environmentVariables":{"FIREBASE_CONFIG":"{\"projectId\":\"refreshing-website\",\"storageBucket\":\"refreshing-website.firebasestorage.app\"}","GCLOUD_PROJECT":"refreshing-website","EVENTARC_CLOUD_EVENT_SOURCE":"projects/refreshing-website/locations/us-central1/functions/setUserRole"},"serviceAccountEmail":null,"availableMemoryMb":null,"timeout":null,"vpcConnector":null,"vpcConnectorEgressSettings":null,"sourceToken":"f57d6fd0-2c70-4ab7-b944-19aed713bef8","buildEnvironmentVariables":{"GOOGLE_NODE_RUN_SCRIPTS":""}}
[2026-08-10T02:50:44.007Z] [queue] Retrying task index 6
[2026-08-10T02:50:44.013Z] Checked if tokens are valid: true, expires at: 1786331729344
[2026-08-10T02:50:44.015Z] Checked if tokens are valid: true, expires at: 1786331729344
[2026-08-10T02:50:44.020Z] >>> [apiv2][query] POST https://cloudfunctions.googleapis.com/v1/projects/refreshing-website/locations/us-central1/functions [none]
[2026-08-10T02:50:44.022Z] >>> [apiv2][body] POST https://cloudfunctions.googleapis.com/v1/projects/refreshing-website/locations/us-central1/functions {"name":"projects/refreshing-website/locations/us-central1/functions/auditMinistersWrite","sourceUploadUrl":"https://storage.googleapis.com/uploads-836972235469.us-central1.cloudfunctions.appspot.com/02c1e8fa-c1af-4e22-a011-38b11d0d0528.zip?GoogleAccessId=service-832093857842@gcf-admin-robot.iam.gserviceaccount.com&Expires=1786331467&Signature=VvDa9HDI3UGM%2FHi4yzU0DUDtxVA0ODbyjK8rjmhZpl77FapwR07yYG27cQvoJq%2FbMXoMdUggMWprpHUxcf63d7X8h7jiO6%2BSK2ngf0ma1u6LkFIZoa%2B%2BhfP4Unu%2BIQLcRs8jHKSJ2C8sXkOilNPe79mOMk3j7FUY9rXyKnX5%2FfOmcW%2F4hkPOqwpVLpIYBugYydoJERfEWFy9K%2BiV0LWOSGO352HW7CqGsJeH94c7yxILlbtxT0CeuMlbuDICtHh01cH2GPxtt0OyBMx4ZN9EzDxFrzQPR7z9zuLdS36mHKN6JhFDX6Nvc%2FRxcDM2DV5SHCcPUiaAa7qZ6QPoNWrVjQ%3D%3D","entryPoint":"auditMinistersWrite","runtime":"nodejs20","dockerRegistry":"ARTIFACT_REGISTRY","labels":{"deployment-tool":"cli-firebase","firebase-functions-hash":"74436fef8c2ebebe3f9c654a6faa2958a1c805fc"},"eventTrigger":{"eventType":"providers/cloud.firestore/eventTypes/document.write","resource":"projects/refreshing-website/databases/(default)/documents/events/{eventId}/ministers/{ministerId}"},"minInstances":null,"maxInstances":null,"ingressSettings":null,"environmentVariables":{"FIREBASE_CONFIG":"{\"projectId\":\"refreshing-website\",\"storageBucket\":\"refreshing-website.firebasestorage.app\"}","GCLOUD_PROJECT":"refreshing-website","EVENTARC_CLOUD_EVENT_SOURCE":"projects/refreshing-website/locations/us-central1/functions/auditMinistersWrite"},"serviceAccountEmail":null,"availableMemoryMb":null,"timeout":null,"vpcConnector":null,"vpcConnectorEgressSettings":null,"sourceToken":"f57d6fd0-2c70-4ab7-b944-19aed713bef8","buildEnvironmentVariables":{"GOOGLE_NODE_RUN_SCRIPTS":""}}
[2026-08-10T02:50:44.093Z] [queue] Retrying task index 3
[2026-08-10T02:50:44.094Z] Checked if tokens are valid: true, expires at: 1786331729344
[2026-08-10T02:50:44.094Z] Checked if tokens are valid: true, expires at: 1786331729344
[2026-08-10T02:50:44.094Z] >>> [apiv2][query] POST https://cloudfunctions.googleapis.com/v1/projects/refreshing-website/locations/us-central1/functions [none]
[2026-08-10T02:50:44.095Z] >>> [apiv2][body] POST https://cloudfunctions.googleapis.com/v1/projects/refreshing-website/locations/us-central1/functions {"name":"projects/refreshing-website/locations/us-central1/functions/markCheckedIn","sourceUploadUrl":"https://storage.googleapis.com/uploads-836972235469.us-central1.cloudfunctions.appspot.com/02c1e8fa-c1af-4e22-a011-38b11d0d0528.zip?GoogleAccessId=service-832093857842@gcf-admin-robot.iam.gserviceaccount.com&Expires=1786331467&Signature=VvDa9HDI3UGM%2FHi4yzU0DUDtxVA0ODbyjK8rjmhZpl77FapwR07yYG27cQvoJq%2FbMXoMdUggMWprpHUxcf63d7X8h7jiO6%2BSK2ngf0ma1u6LkFIZoa%2B%2BhfP4Unu%2BIQLcRs8jHKSJ2C8sXkOilNPe79mOMk3j7FUY9rXyKnX5%2FfOmcW%2F4hkPOqwpVLpIYBugYydoJERfEWFy9K%2BiV0LWOSGO352HW7CqGsJeH94c7yxILlbtxT0CeuMlbuDICtHh01cH2GPxtt0OyBMx4ZN9EzDxFrzQPR7z9zuLdS36mHKN6JhFDX6Nvc%2FRxcDM2DV5SHCcPUiaAa7qZ6QPoNWrVjQ%3D%3D","entryPoint":"markCheckedIn","runtime":"nodejs20","dockerRegistry":"ARTIFACT_REGISTRY","labels":{"deployment-tool":"cli-firebase","deployment-callable":"true","firebase-functions-hash":"74436fef8c2ebebe3f9c654a6faa2958a1c805fc"},"httpsTrigger":{"securityLevel":"SECURE_ALWAYS"},"minInstances":null,"maxInstances":null,"ingressSettings":null,"environmentVariables":{"FIREBASE_CONFIG":"{\"projectId\":\"refreshing-website\",\"storageBucket\":\"refreshing-website.firebasestorage.app\"}","GCLOUD_PROJECT":"refreshing-website","EVENTARC_CLOUD_EVENT_SOURCE":"projects/refreshing-website/locations/us-central1/functions/markCheckedIn"},"serviceAccountEmail":null,"availableMemoryMb":null,"timeout":null,"vpcConnector":null,"vpcConnectorEgressSettings":null,"sourceToken":"f57d6fd0-2c70-4ab7-b944-19aed713bef8","buildEnvironmentVariables":{"GOOGLE_NODE_RUN_SCRIPTS":""}}
[2026-08-10T02:50:44.102Z] [queue] Retrying task index 10
[2026-08-10T02:50:44.102Z] Checked if tokens are valid: true, expires at: 1786331729344
[2026-08-10T02:50:44.102Z] Checked if tokens are valid: true, expires at: 1786331729344
[2026-08-10T02:50:44.103Z] >>> [apiv2][query] POST https://cloudfunctions.googleapis.com/v1/projects/refreshing-website/locations/us-central1/functions [none]
[2026-08-10T02:50:44.103Z] >>> [apiv2][body] POST https://cloudfunctions.googleapis.com/v1/projects/refreshing-website/locations/us-central1/functions {"name":"projects/refreshing-website/locations/us-central1/functions/pruneVersionHistory","sourceUploadUrl":"https://storage.googleapis.com/uploads-836972235469.us-central1.cloudfunctions.appspot.com/02c1e8fa-c1af-4e22-a011-38b11d0d0528.zip?GoogleAccessId=service-832093857842@gcf-admin-robot.iam.gserviceaccount.com&Expires=1786331467&Signature=VvDa9HDI3UGM%2FHi4yzU0DUDtxVA0ODbyjK8rjmhZpl77FapwR07yYG27cQvoJq%2FbMXoMdUggMWprpHUxcf63d7X8h7jiO6%2BSK2ngf0ma1u6LkFIZoa%2B%2BhfP4Unu%2BIQLcRs8jHKSJ2C8sXkOilNPe79mOMk3j7FUY9rXyKnX5%2FfOmcW%2F4hkPOqwpVLpIYBugYydoJERfEWFy9K%2BiV0LWOSGO352HW7CqGsJeH94c7yxILlbtxT0CeuMlbuDICtHh01cH2GPxtt0OyBMx4ZN9EzDxFrzQPR7z9zuLdS36mHKN6JhFDX6Nvc%2FRxcDM2DV5SHCcPUiaAa7qZ6QPoNWrVjQ%3D%3D","entryPoint":"pruneVersionHistory","runtime":"nodejs20","dockerRegistry":"ARTIFACT_REGISTRY","labels":{"deployment-tool":"cli-firebase","deployment-scheduled":"true","firebase-functions-hash":"74436fef8c2ebebe3f9c654a6faa2958a1c805fc"},"eventTrigger":{"eventType":"google.pubsub.topic.publish","resource":"projects/refreshing-website/topics/firebase-schedule-pruneVersionHistory-us-central1"},"minInstances":null,"maxInstances":null,"ingressSettings":null,"environmentVariables":{"FIREBASE_CONFIG":"{\"projectId\":\"refreshing-website\",\"storageBucket\":\"refreshing-website.firebasestorage.app\"}","GCLOUD_PROJECT":"refreshing-website","EVENTARC_CLOUD_EVENT_SOURCE":"projects/refreshing-website/locations/us-central1/functions/pruneVersionHistory"},"serviceAccountEmail":null,"availableMemoryMb":null,"timeout":null,"vpcConnector":null,"vpcConnectorEgressSettings":null,"sourceToken":"f57d6fd0-2c70-4ab7-b944-19aed713bef8","buildEnvironmentVariables":{"GOOGLE_NODE_RUN_SCRIPTS":""}}
[2026-08-10T02:50:44.141Z] [queue] Retrying task index 5
[2026-08-10T02:50:44.141Z] Checked if tokens are valid: true, expires at: 1786331729344
[2026-08-10T02:50:44.142Z] Checked if tokens are valid: true, expires at: 1786331729344
[2026-08-10T02:50:44.142Z] >>> [apiv2][query] POST https://cloudfunctions.googleapis.com/v1/projects/refreshing-website/locations/us-central1/functions [none]
[2026-08-10T02:50:44.144Z] >>> [apiv2][body] POST https://cloudfunctions.googleapis.com/v1/projects/refreshing-website/locations/us-central1/functions {"name":"projects/refreshing-website/locations/us-central1/functions/syncCheckinView","sourceUploadUrl":"https://storage.googleapis.com/uploads-836972235469.us-central1.cloudfunctions.appspot.com/02c1e8fa-c1af-4e22-a011-38b11d0d0528.zip?GoogleAccessId=service-832093857842@gcf-admin-robot.iam.gserviceaccount.com&Expires=1786331467&Signature=VvDa9HDI3UGM%2FHi4yzU0DUDtxVA0ODbyjK8rjmhZpl77FapwR07yYG27cQvoJq%2FbMXoMdUggMWprpHUxcf63d7X8h7jiO6%2BSK2ngf0ma1u6LkFIZoa%2B%2BhfP4Unu%2BIQLcRs8jHKSJ2C8sXkOilNPe79mOMk3j7FUY9rXyKnX5%2FfOmcW%2F4hkPOqwpVLpIYBugYydoJERfEWFy9K%2BiV0LWOSGO352HW7CqGsJeH94c7yxILlbtxT0CeuMlbuDICtHh01cH2GPxtt0OyBMx4ZN9EzDxFrzQPR7z9zuLdS36mHKN6JhFDX6Nvc%2FRxcDM2DV5SHCcPUiaAa7qZ6QPoNWrVjQ%3D%3D","entryPoint":"syncCheckinView","runtime":"nodejs20","dockerRegistry":"ARTIFACT_REGISTRY","labels":{"deployment-tool":"cli-firebase","firebase-functions-hash":"74436fef8c2ebebe3f9c654a6faa2958a1c805fc"},"eventTrigger":{"eventType":"providers/cloud.firestore/eventTypes/document.write","resource":"projects/refreshing-website/databases/(default)/documents/events/{eventId}/attendees/{attendeeId}"},"minInstances":null,"maxInstances":null,"ingressSettings":null,"environmentVariables":{"FIREBASE_CONFIG":"{\"projectId\":\"refreshing-website\",\"storageBucket\":\"refreshing-website.firebasestorage.app\"}","GCLOUD_PROJECT":"refreshing-website","EVENTARC_CLOUD_EVENT_SOURCE":"projects/refreshing-website/locations/us-central1/functions/syncCheckinView"},"serviceAccountEmail":null,"availableMemoryMb":null,"timeout":null,"vpcConnector":null,"vpcConnectorEgressSettings":null,"sourceToken":"f57d6fd0-2c70-4ab7-b944-19aed713bef8","buildEnvironmentVariables":{"GOOGLE_NODE_RUN_SCRIPTS":""}}
[2026-08-10T02:50:44.157Z] [queue] Retrying task index 8
[2026-08-10T02:50:44.158Z] Checked if tokens are valid: true, expires at: 1786331729344
[2026-08-10T02:50:44.158Z] Checked if tokens are valid: true, expires at: 1786331729344
[2026-08-10T02:50:44.158Z] >>> [apiv2][query] POST https://cloudfunctions.googleapis.com/v1/projects/refreshing-website/locations/us-central1/functions [none]
[2026-08-10T02:50:44.158Z] >>> [apiv2][body] POST https://cloudfunctions.googleapis.com/v1/projects/refreshing-website/locations/us-central1/functions {"name":"projects/refreshing-website/locations/us-central1/functions/auditAttendeesWrite","sourceUploadUrl":"https://storage.googleapis.com/uploads-836972235469.us-central1.cloudfunctions.appspot.com/02c1e8fa-c1af-4e22-a011-38b11d0d0528.zip?GoogleAccessId=service-832093857842@gcf-admin-robot.iam.gserviceaccount.com&Expires=1786331467&Signature=VvDa9HDI3UGM%2FHi4yzU0DUDtxVA0ODbyjK8rjmhZpl77FapwR07yYG27cQvoJq%2FbMXoMdUggMWprpHUxcf63d7X8h7jiO6%2BSK2ngf0ma1u6LkFIZoa%2B%2BhfP4Unu%2BIQLcRs8jHKSJ2C8sXkOilNPe79mOMk3j7FUY9rXyKnX5%2FfOmcW%2F4hkPOqwpVLpIYBugYydoJERfEWFy9K%2BiV0LWOSGO352HW7CqGsJeH94c7yxILlbtxT0CeuMlbuDICtHh01cH2GPxtt0OyBMx4ZN9EzDxFrzQPR7z9zuLdS36mHKN6JhFDX6Nvc%2FRxcDM2DV5SHCcPUiaAa7qZ6QPoNWrVjQ%3D%3D","entryPoint":"auditAttendeesWrite","runtime":"nodejs20","dockerRegistry":"ARTIFACT_REGISTRY","labels":{"deployment-tool":"cli-firebase","firebase-functions-hash":"74436fef8c2ebebe3f9c654a6faa2958a1c805fc"},"eventTrigger":{"eventType":"providers/cloud.firestore/eventTypes/document.write","resource":"projects/refreshing-website/databases/(default)/documents/events/{eventId}/attendees/{attendeeId}"},"minInstances":null,"maxInstances":null,"ingressSettings":null,"environmentVariables":{"FIREBASE_CONFIG":"{\"projectId\":\"refreshing-website\",\"storageBucket\":\"refreshing-website.firebasestorage.app\"}","GCLOUD_PROJECT":"refreshing-website","EVENTARC_CLOUD_EVENT_SOURCE":"projects/refreshing-website/locations/us-central1/functions/auditAttendeesWrite"},"serviceAccountEmail":null,"availableMemoryMb":null,"timeout":null,"vpcConnector":null,"vpcConnectorEgressSettings":null,"sourceToken":"f57d6fd0-2c70-4ab7-b944-19aed713bef8","buildEnvironmentVariables":{"GOOGLE_NODE_RUN_SCRIPTS":""}}
[2026-08-10T02:50:44.162Z] [queue] Retrying task index 4
[2026-08-10T02:50:44.163Z] Checked if tokens are valid: true, expires at: 1786331729344
[2026-08-10T02:50:44.163Z] Checked if tokens are valid: true, expires at: 1786331729344
[2026-08-10T02:50:44.164Z] >>> [apiv2][query] POST https://cloudfunctions.googleapis.com/v1/projects/refreshing-website/locations/us-central1/functions [none]
[2026-08-10T02:50:44.164Z] >>> [apiv2][body] POST https://cloudfunctions.googleapis.com/v1/projects/refreshing-website/locations/us-central1/functions {"name":"projects/refreshing-website/locations/us-central1/functions/undoCheckIn","sourceUploadUrl":"https://storage.googleapis.com/uploads-836972235469.us-central1.cloudfunctions.appspot.com/02c1e8fa-c1af-4e22-a011-38b11d0d0528.zip?GoogleAccessId=service-832093857842@gcf-admin-robot.iam.gserviceaccount.com&Expires=1786331467&Signature=VvDa9HDI3UGM%2FHi4yzU0DUDtxVA0ODbyjK8rjmhZpl77FapwR07yYG27cQvoJq%2FbMXoMdUggMWprpHUxcf63d7X8h7jiO6%2BSK2ngf0ma1u6LkFIZoa%2B%2BhfP4Unu%2BIQLcRs8jHKSJ2C8sXkOilNPe79mOMk3j7FUY9rXyKnX5%2FfOmcW%2F4hkPOqwpVLpIYBugYydoJERfEWFy9K%2BiV0LWOSGO352HW7CqGsJeH94c7yxILlbtxT0CeuMlbuDICtHh01cH2GPxtt0OyBMx4ZN9EzDxFrzQPR7z9zuLdS36mHKN6JhFDX6Nvc%2FRxcDM2DV5SHCcPUiaAa7qZ6QPoNWrVjQ%3D%3D","entryPoint":"undoCheckIn","runtime":"nodejs20","dockerRegistry":"ARTIFACT_REGISTRY","labels":{"deployment-tool":"cli-firebase","deployment-callable":"true","firebase-functions-hash":"74436fef8c2ebebe3f9c654a6faa2958a1c805fc"},"httpsTrigger":{"securityLevel":"SECURE_ALWAYS"},"minInstances":null,"maxInstances":null,"ingressSettings":null,"environmentVariables":{"FIREBASE_CONFIG":"{\"projectId\":\"refreshing-website\",\"storageBucket\":\"refreshing-website.firebasestorage.app\"}","GCLOUD_PROJECT":"refreshing-website","EVENTARC_CLOUD_EVENT_SOURCE":"projects/refreshing-website/locations/us-central1/functions/undoCheckIn"},"serviceAccountEmail":null,"availableMemoryMb":null,"timeout":null,"vpcConnector":null,"vpcConnectorEgressSettings":null,"sourceToken":"f57d6fd0-2c70-4ab7-b944-19aed713bef8","buildEnvironmentVariables":{"GOOGLE_NODE_RUN_SCRIPTS":""}}
[2026-08-10T02:50:44.171Z] [queue] Retrying task index 9
[2026-08-10T02:50:44.172Z] Checked if tokens are valid: true, expires at: 1786331729344
[2026-08-10T02:50:44.172Z] Checked if tokens are valid: true, expires at: 1786331729344
[2026-08-10T02:50:44.172Z] >>> [apiv2][query] POST https://cloudfunctions.googleapis.com/v1/projects/refreshing-website/locations/us-central1/functions [none]
[2026-08-10T02:50:44.172Z] >>> [apiv2][body] POST https://cloudfunctions.googleapis.com/v1/projects/refreshing-website/locations/us-central1/functions {"name":"projects/refreshing-website/locations/us-central1/functions/purgeTrash","sourceUploadUrl":"https://storage.googleapis.com/uploads-836972235469.us-central1.cloudfunctions.appspot.com/02c1e8fa-c1af-4e22-a011-38b11d0d0528.zip?GoogleAccessId=service-832093857842@gcf-admin-robot.iam.gserviceaccount.com&Expires=1786331467&Signature=VvDa9HDI3UGM%2FHi4yzU0DUDtxVA0ODbyjK8rjmhZpl77FapwR07yYG27cQvoJq%2FbMXoMdUggMWprpHUxcf63d7X8h7jiO6%2BSK2ngf0ma1u6LkFIZoa%2B%2BhfP4Unu%2BIQLcRs8jHKSJ2C8sXkOilNPe79mOMk3j7FUY9rXyKnX5%2FfOmcW%2F4hkPOqwpVLpIYBugYydoJERfEWFy9K%2BiV0LWOSGO352HW7CqGsJeH94c7yxILlbtxT0CeuMlbuDICtHh01cH2GPxtt0OyBMx4ZN9EzDxFrzQPR7z9zuLdS36mHKN6JhFDX6Nvc%2FRxcDM2DV5SHCcPUiaAa7qZ6QPoNWrVjQ%3D%3D","entryPoint":"purgeTrash","runtime":"nodejs20","dockerRegistry":"ARTIFACT_REGISTRY","labels":{"deployment-tool":"cli-firebase","deployment-scheduled":"true","firebase-functions-hash":"74436fef8c2ebebe3f9c654a6faa2958a1c805fc"},"eventTrigger":{"eventType":"google.pubsub.topic.publish","resource":"projects/refreshing-website/topics/firebase-schedule-purgeTrash-us-central1"},"minInstances":null,"maxInstances":null,"ingressSettings":null,"environmentVariables":{"FIREBASE_CONFIG":"{\"projectId\":\"refreshing-website\",\"storageBucket\":\"refreshing-website.firebasestorage.app\"}","GCLOUD_PROJECT":"refreshing-website","EVENTARC_CLOUD_EVENT_SOURCE":"projects/refreshing-website/locations/us-central1/functions/purgeTrash"},"serviceAccountEmail":null,"availableMemoryMb":null,"timeout":null,"vpcConnector":null,"vpcConnectorEgressSettings":null,"sourceToken":"f57d6fd0-2c70-4ab7-b944-19aed713bef8","buildEnvironmentVariables":{"GOOGLE_NODE_RUN_SCRIPTS":""}}
[2026-08-10T02:50:44.209Z] [queue] Retrying task index 7
[2026-08-10T02:50:44.209Z] Checked if tokens are valid: true, expires at: 1786331729344
[2026-08-10T02:50:44.209Z] Checked if tokens are valid: true, expires at: 1786331729344
[2026-08-10T02:50:44.210Z] >>> [apiv2][query] POST https://cloudfunctions.googleapis.com/v1/projects/refreshing-website/locations/us-central1/functions [none]
[2026-08-10T02:50:44.210Z] >>> [apiv2][body] POST https://cloudfunctions.googleapis.com/v1/projects/refreshing-website/locations/us-central1/functions {"name":"projects/refreshing-website/locations/us-central1/functions/auditSessionsWrite","sourceUploadUrl":"https://storage.googleapis.com/uploads-836972235469.us-central1.cloudfunctions.appspot.com/02c1e8fa-c1af-4e22-a011-38b11d0d0528.zip?GoogleAccessId=service-832093857842@gcf-admin-robot.iam.gserviceaccount.com&Expires=1786331467&Signature=VvDa9HDI3UGM%2FHi4yzU0DUDtxVA0ODbyjK8rjmhZpl77FapwR07yYG27cQvoJq%2FbMXoMdUggMWprpHUxcf63d7X8h7jiO6%2BSK2ngf0ma1u6LkFIZoa%2B%2BhfP4Unu%2BIQLcRs8jHKSJ2C8sXkOilNPe79mOMk3j7FUY9rXyKnX5%2FfOmcW%2F4hkPOqwpVLpIYBugYydoJERfEWFy9K%2BiV0LWOSGO352HW7CqGsJeH94c7yxILlbtxT0CeuMlbuDICtHh01cH2GPxtt0OyBMx4ZN9EzDxFrzQPR7z9zuLdS36mHKN6JhFDX6Nvc%2FRxcDM2DV5SHCcPUiaAa7qZ6QPoNWrVjQ%3D%3D","entryPoint":"auditSessionsWrite","runtime":"nodejs20","dockerRegistry":"ARTIFACT_REGISTRY","labels":{"deployment-tool":"cli-firebase","firebase-functions-hash":"74436fef8c2ebebe3f9c654a6faa2958a1c805fc"},"eventTrigger":{"eventType":"providers/cloud.firestore/eventTypes/document.write","resource":"projects/refreshing-website/databases/(default)/documents/events/{eventId}/sessions/{sessionId}"},"minInstances":null,"maxInstances":null,"ingressSettings":null,"environmentVariables":{"FIREBASE_CONFIG":"{\"projectId\":\"refreshing-website\",\"storageBucket\":\"refreshing-website.firebasestorage.app\"}","GCLOUD_PROJECT":"refreshing-website","EVENTARC_CLOUD_EVENT_SOURCE":"projects/refreshing-website/locations/us-central1/functions/auditSessionsWrite"},"serviceAccountEmail":null,"availableMemoryMb":null,"timeout":null,"vpcConnector":null,"vpcConnectorEgressSettings":null,"sourceToken":"f57d6fd0-2c70-4ab7-b944-19aed713bef8","buildEnvironmentVariables":{"GOOGLE_NODE_RUN_SCRIPTS":""}}
[2026-08-10T02:50:44.213Z] [queue] Retrying task index 11
[2026-08-10T02:50:44.213Z] Checked if tokens are valid: true, expires at: 1786331729344
[2026-08-10T02:50:44.213Z] Checked if tokens are valid: true, expires at: 1786331729344
[2026-08-10T02:50:44.218Z] >>> [apiv2][query] POST https://cloudfunctions.googleapis.com/v1/projects/refreshing-website/locations/us-central1/functions [none]
[2026-08-10T02:50:44.219Z] >>> [apiv2][body] POST https://cloudfunctions.googleapis.com/v1/projects/refreshing-website/locations/us-central1/functions {"name":"projects/refreshing-website/locations/us-central1/functions/provisionAdminAccount","sourceUploadUrl":"https://storage.googleapis.com/uploads-836972235469.us-central1.cloudfunctions.appspot.com/02c1e8fa-c1af-4e22-a011-38b11d0d0528.zip?GoogleAccessId=service-832093857842@gcf-admin-robot.iam.gserviceaccount.com&Expires=1786331467&Signature=VvDa9HDI3UGM%2FHi4yzU0DUDtxVA0ODbyjK8rjmhZpl77FapwR07yYG27cQvoJq%2FbMXoMdUggMWprpHUxcf63d7X8h7jiO6%2BSK2ngf0ma1u6LkFIZoa%2B%2BhfP4Unu%2BIQLcRs8jHKSJ2C8sXkOilNPe79mOMk3j7FUY9rXyKnX5%2FfOmcW%2F4hkPOqwpVLpIYBugYydoJERfEWFy9K%2BiV0LWOSGO352HW7CqGsJeH94c7yxILlbtxT0CeuMlbuDICtHh01cH2GPxtt0OyBMx4ZN9EzDxFrzQPR7z9zuLdS36mHKN6JhFDX6Nvc%2FRxcDM2DV5SHCcPUiaAa7qZ6QPoNWrVjQ%3D%3D","entryPoint":"provisionAdminAccount","runtime":"nodejs20","dockerRegistry":"ARTIFACT_REGISTRY","labels":{"deployment-tool":"cli-firebase","deployment-callable":"true","firebase-functions-hash":"74436fef8c2ebebe3f9c654a6faa2958a1c805fc"},"httpsTrigger":{"securityLevel":"SECURE_ALWAYS"},"minInstances":null,"maxInstances":null,"ingressSettings":null,"environmentVariables":{"FIREBASE_CONFIG":"{\"projectId\":\"refreshing-website\",\"storageBucket\":\"refreshing-website.firebasestorage.app\"}","GCLOUD_PROJECT":"refreshing-website","EVENTARC_CLOUD_EVENT_SOURCE":"projects/refreshing-website/locations/us-central1/functions/provisionAdminAccount"},"serviceAccountEmail":null,"availableMemoryMb":null,"timeout":null,"vpcConnector":null,"vpcConnectorEgressSettings":null,"sourceToken":"f57d6fd0-2c70-4ab7-b944-19aed713bef8","buildEnvironmentVariables":{"GOOGLE_NODE_RUN_SCRIPTS":""}}
[2026-08-10T02:50:44.227Z] [queue] Retrying task index 2
[2026-08-10T02:50:44.227Z] Checked if tokens are valid: true, expires at: 1786331729344
[2026-08-10T02:50:44.227Z] Checked if tokens are valid: true, expires at: 1786331729344
[2026-08-10T02:50:44.228Z] >>> [apiv2][query] POST https://cloudfunctions.googleapis.com/v1/projects/refreshing-website/locations/us-central1/functions [none]
[2026-08-10T02:50:44.228Z] >>> [apiv2][body] POST https://cloudfunctions.googleapis.com/v1/projects/refreshing-website/locations/us-central1/functions {"name":"projects/refreshing-website/locations/us-central1/functions/revokeUserAccess","sourceUploadUrl":"https://storage.googleapis.com/uploads-836972235469.us-central1.cloudfunctions.appspot.com/02c1e8fa-c1af-4e22-a011-38b11d0d0528.zip?GoogleAccessId=service-832093857842@gcf-admin-robot.iam.gserviceaccount.com&Expires=1786331467&Signature=VvDa9HDI3UGM%2FHi4yzU0DUDtxVA0ODbyjK8rjmhZpl77FapwR07yYG27cQvoJq%2FbMXoMdUggMWprpHUxcf63d7X8h7jiO6%2BSK2ngf0ma1u6LkFIZoa%2B%2BhfP4Unu%2BIQLcRs8jHKSJ2C8sXkOilNPe79mOMk3j7FUY9rXyKnX5%2FfOmcW%2F4hkPOqwpVLpIYBugYydoJERfEWFy9K%2BiV0LWOSGO352HW7CqGsJeH94c7yxILlbtxT0CeuMlbuDICtHh01cH2GPxtt0OyBMx4ZN9EzDxFrzQPR7z9zuLdS36mHKN6JhFDX6Nvc%2FRxcDM2DV5SHCcPUiaAa7qZ6QPoNWrVjQ%3D%3D","entryPoint":"revokeUserAccess","runtime":"nodejs20","dockerRegistry":"ARTIFACT_REGISTRY","labels":{"deployment-tool":"cli-firebase","deployment-callable":"true","firebase-functions-hash":"74436fef8c2ebebe3f9c654a6faa2958a1c805fc"},"httpsTrigger":{"securityLevel":"SECURE_ALWAYS"},"minInstances":null,"maxInstances":null,"ingressSettings":null,"environmentVariables":{"FIREBASE_CONFIG":"{\"projectId\":\"refreshing-website\",\"storageBucket\":\"refreshing-website.firebasestorage.app\"}","GCLOUD_PROJECT":"refreshing-website","EVENTARC_CLOUD_EVENT_SOURCE":"projects/refreshing-website/locations/us-central1/functions/revokeUserAccess"},"serviceAccountEmail":null,"availableMemoryMb":null,"timeout":null,"vpcConnector":null,"vpcConnectorEgressSettings":null,"sourceToken":"f57d6fd0-2c70-4ab7-b944-19aed713bef8","buildEnvironmentVariables":{"GOOGLE_NODE_RUN_SCRIPTS":""}}
[2026-08-10T02:50:44.727Z] <<< [apiv2][status] POST https://cloudfunctions.googleapis.com/v1/projects/refreshing-website/locations/us-central1/functions 409
[2026-08-10T02:50:44.727Z] <<< [apiv2][body] POST https://cloudfunctions.googleapis.com/v1/projects/refreshing-website/locations/us-central1/functions {"error":{"code":409,"message":"Failed to create 1st Gen function projects/refreshing-website/locations/us-central1/functions/setUserRole: Function setUserRole in region us-central1 in project refreshing-website already exists","status":"ALREADY_EXISTS"}}
!  functions: failed to create function projects/refreshing-website/locations/us-central1/functions/setUserRole 
[2026-08-10T02:50:44.770Z] <<< [apiv2][status] POST https://cloudfunctions.googleapis.com/v1/projects/refreshing-website/locations/us-central1/functions 409
[2026-08-10T02:50:44.771Z] <<< [apiv2][body] POST https://cloudfunctions.googleapis.com/v1/projects/refreshing-website/locations/us-central1/functions {"error":{"code":409,"message":"Failed to create 1st Gen function projects/refreshing-website/locations/us-central1/functions/markCheckedIn: Function markCheckedIn in region us-central1 in project refreshing-website already exists","status":"ALREADY_EXISTS"}}
!  functions: failed to create function projects/refreshing-website/locations/us-central1/functions/markCheckedIn 
[2026-08-10T02:50:44.786Z] <<< [apiv2][status] POST https://cloudfunctions.googleapis.com/v1/projects/refreshing-website/locations/us-central1/functions 409
[2026-08-10T02:50:44.786Z] <<< [apiv2][body] POST https://cloudfunctions.googleapis.com/v1/projects/refreshing-website/locations/us-central1/functions {"error":{"code":409,"message":"Failed to create 1st Gen function projects/refreshing-website/locations/us-central1/functions/pruneVersionHistory: Function pruneVersionHistory in region us-central1 in project refreshing-website already exists","status":"ALREADY_EXISTS"}}
!  functions: failed to create function projects/refreshing-website/locations/us-central1/functions/pruneVersionHistory 
[2026-08-10T02:50:44.792Z] <<< [apiv2][status] POST https://cloudfunctions.googleapis.com/v1/projects/refreshing-website/locations/us-central1/functions 409
[2026-08-10T02:50:44.792Z] <<< [apiv2][body] POST https://cloudfunctions.googleapis.com/v1/projects/refreshing-website/locations/us-central1/functions {"error":{"code":409,"message":"Failed to create 1st Gen function projects/refreshing-website/locations/us-central1/functions/undoCheckIn: Function undoCheckIn in region us-central1 in project refreshing-website already exists","status":"ALREADY_EXISTS"}}
!  functions: failed to create function projects/refreshing-website/locations/us-central1/functions/undoCheckIn 
[2026-08-10T02:50:44.797Z] <<< [apiv2][status] POST https://cloudfunctions.googleapis.com/v1/projects/refreshing-website/locations/us-central1/functions 409
[2026-08-10T02:50:44.798Z] <<< [apiv2][body] POST https://cloudfunctions.googleapis.com/v1/projects/refreshing-website/locations/us-central1/functions {"error":{"code":409,"message":"Failed to create 1st Gen function projects/refreshing-website/locations/us-central1/functions/auditMinistersWrite: Function auditMinistersWrite in region us-central1 in project refreshing-website already exists","status":"ALREADY_EXISTS"}}
!  functions: failed to create function projects/refreshing-website/locations/us-central1/functions/auditMinistersWrite 
[2026-08-10T02:50:44.808Z] <<< [apiv2][status] POST https://cloudfunctions.googleapis.com/v1/projects/refreshing-website/locations/us-central1/functions 409
[2026-08-10T02:50:44.809Z] <<< [apiv2][body] POST https://cloudfunctions.googleapis.com/v1/projects/refreshing-website/locations/us-central1/functions {"error":{"code":409,"message":"Failed to create 1st Gen function projects/refreshing-website/locations/us-central1/functions/auditSessionsWrite: Function auditSessionsWrite in region us-central1 in project refreshing-website already exists","status":"ALREADY_EXISTS"}}
!  functions: failed to create function projects/refreshing-website/locations/us-central1/functions/auditSessionsWrite 
[2026-08-10T02:50:44.823Z] <<< [apiv2][status] POST https://cloudfunctions.googleapis.com/v1/projects/refreshing-website/locations/us-central1/functions 409
[2026-08-10T02:50:44.823Z] <<< [apiv2][body] POST https://cloudfunctions.googleapis.com/v1/projects/refreshing-website/locations/us-central1/functions {"error":{"code":409,"message":"Failed to create 1st Gen function projects/refreshing-website/locations/us-central1/functions/syncCheckinView: Function syncCheckinView in region us-central1 in project refreshing-website already exists","status":"ALREADY_EXISTS"}}
!  functions: failed to create function projects/refreshing-website/locations/us-central1/functions/syncCheckinView 
[2026-08-10T02:50:44.827Z] <<< [apiv2][status] POST https://cloudfunctions.googleapis.com/v1/projects/refreshing-website/locations/us-central1/functions 409
[2026-08-10T02:50:44.827Z] <<< [apiv2][body] POST https://cloudfunctions.googleapis.com/v1/projects/refreshing-website/locations/us-central1/functions {"error":{"code":409,"message":"Failed to create 1st Gen function projects/refreshing-website/locations/us-central1/functions/auditAttendeesWrite: Function auditAttendeesWrite in region us-central1 in project refreshing-website already exists","status":"ALREADY_EXISTS"}}
!  functions: failed to create function projects/refreshing-website/locations/us-central1/functions/auditAttendeesWrite 
[2026-08-10T02:50:44.833Z] <<< [apiv2][status] POST https://cloudfunctions.googleapis.com/v1/projects/refreshing-website/locations/us-central1/functions 409
[2026-08-10T02:50:44.834Z] <<< [apiv2][body] POST https://cloudfunctions.googleapis.com/v1/projects/refreshing-website/locations/us-central1/functions {"error":{"code":409,"message":"Failed to create 1st Gen function projects/refreshing-website/locations/us-central1/functions/provisionAdminAccount: Function provisionAdminAccount in region us-central1 in project refreshing-website already exists","status":"ALREADY_EXISTS"}}
!  functions: failed to create function projects/refreshing-website/locations/us-central1/functions/provisionAdminAccount 
[2026-08-10T02:50:44.839Z] <<< [apiv2][status] POST https://cloudfunctions.googleapis.com/v1/projects/refreshing-website/locations/us-central1/functions 409
[2026-08-10T02:50:44.839Z] <<< [apiv2][body] POST https://cloudfunctions.googleapis.com/v1/projects/refreshing-website/locations/us-central1/functions {"error":{"code":409,"message":"Failed to create 1st Gen function projects/refreshing-website/locations/us-central1/functions/purgeTrash: Function purgeTrash in region us-central1 in project refreshing-website already exists","status":"ALREADY_EXISTS"}}
!  functions: failed to create function projects/refreshing-website/locations/us-central1/functions/purgeTrash 
[2026-08-10T02:50:44.870Z] <<< [apiv2][status] POST https://cloudfunctions.googleapis.com/v1/projects/refreshing-website/locations/us-central1/functions 409
[2026-08-10T02:50:44.870Z] <<< [apiv2][body] POST https://cloudfunctions.googleapis.com/v1/projects/refreshing-website/locations/us-central1/functions {"error":{"code":409,"message":"Failed to create 1st Gen function projects/refreshing-website/locations/us-central1/functions/revokeUserAccess: Function revokeUserAccess in region us-central1 in project refreshing-website already exists","status":"ALREADY_EXISTS"}}
!  functions: failed to create function projects/refreshing-website/locations/us-central1/functions/revokeUserAccess 
[2026-08-10T02:52:24.956Z] [queue] Retrying task index 1
[2026-08-10T02:52:24.957Z] Checked if tokens are valid: true, expires at: 1786331729344
[2026-08-10T02:52:24.957Z] Checked if tokens are valid: true, expires at: 1786331729344
[2026-08-10T02:52:24.957Z] >>> [apiv2][query] POST https://cloudfunctions.googleapis.com/v1/projects/refreshing-website/locations/us-central1/functions [none]
[2026-08-10T02:52:24.957Z] >>> [apiv2][body] POST https://cloudfunctions.googleapis.com/v1/projects/refreshing-website/locations/us-central1/functions {"name":"projects/refreshing-website/locations/us-central1/functions/setUserRole","sourceUploadUrl":"https://storage.googleapis.com/uploads-836972235469.us-central1.cloudfunctions.appspot.com/02c1e8fa-c1af-4e22-a011-38b11d0d0528.zip?GoogleAccessId=service-832093857842@gcf-admin-robot.iam.gserviceaccount.com&Expires=1786331467&Signature=VvDa9HDI3UGM%2FHi4yzU0DUDtxVA0ODbyjK8rjmhZpl77FapwR07yYG27cQvoJq%2FbMXoMdUggMWprpHUxcf63d7X8h7jiO6%2BSK2ngf0ma1u6LkFIZoa%2B%2BhfP4Unu%2BIQLcRs8jHKSJ2C8sXkOilNPe79mOMk3j7FUY9rXyKnX5%2FfOmcW%2F4hkPOqwpVLpIYBugYydoJERfEWFy9K%2BiV0LWOSGO352HW7CqGsJeH94c7yxILlbtxT0CeuMlbuDICtHh01cH2GPxtt0OyBMx4ZN9EzDxFrzQPR7z9zuLdS36mHKN6JhFDX6Nvc%2FRxcDM2DV5SHCcPUiaAa7qZ6QPoNWrVjQ%3D%3D","entryPoint":"setUserRole","runtime":"nodejs20","dockerRegistry":"ARTIFACT_REGISTRY","labels":{"deployment-tool":"cli-firebase","deployment-callable":"true","firebase-functions-hash":"74436fef8c2ebebe3f9c654a6faa2958a1c805fc"},"httpsTrigger":{"securityLevel":"SECURE_ALWAYS"},"minInstances":null,"maxInstances":null,"ingressSettings":null,"environmentVariables":{"FIREBASE_CONFIG":"{\"projectId\":\"refreshing-website\",\"storageBucket\":\"refreshing-website.firebasestorage.app\"}","GCLOUD_PROJECT":"refreshing-website","EVENTARC_CLOUD_EVENT_SOURCE":"projects/refreshing-website/locations/us-central1/functions/setUserRole"},"serviceAccountEmail":null,"availableMemoryMb":null,"timeout":null,"vpcConnector":null,"vpcConnectorEgressSettings":null,"sourceToken":"f57d6fd0-2c70-4ab7-b944-19aed713bef8","buildEnvironmentVariables":{"GOOGLE_NODE_RUN_SCRIPTS":""}}
[2026-08-10T02:52:24.961Z] [queue] Retrying task index 3
[2026-08-10T02:52:24.962Z] Checked if tokens are valid: true, expires at: 1786331729344
[2026-08-10T02:52:24.962Z] Checked if tokens are valid: true, expires at: 1786331729344
[2026-08-10T02:52:24.963Z] >>> [apiv2][query] POST https://cloudfunctions.googleapis.com/v1/projects/refreshing-website/locations/us-central1/functions [none]
[2026-08-10T02:52:24.963Z] >>> [apiv2][body] POST https://cloudfunctions.googleapis.com/v1/projects/refreshing-website/locations/us-central1/functions {"name":"projects/refreshing-website/locations/us-central1/functions/markCheckedIn","sourceUploadUrl":"https://storage.googleapis.com/uploads-836972235469.us-central1.cloudfunctions.appspot.com/02c1e8fa-c1af-4e22-a011-38b11d0d0528.zip?GoogleAccessId=service-832093857842@gcf-admin-robot.iam.gserviceaccount.com&Expires=1786331467&Signature=VvDa9HDI3UGM%2FHi4yzU0DUDtxVA0ODbyjK8rjmhZpl77FapwR07yYG27cQvoJq%2FbMXoMdUggMWprpHUxcf63d7X8h7jiO6%2BSK2ngf0ma1u6LkFIZoa%2B%2BhfP4Unu%2BIQLcRs8jHKSJ2C8sXkOilNPe79mOMk3j7FUY9rXyKnX5%2FfOmcW%2F4hkPOqwpVLpIYBugYydoJERfEWFy9K%2BiV0LWOSGO352HW7CqGsJeH94c7yxILlbtxT0CeuMlbuDICtHh01cH2GPxtt0OyBMx4ZN9EzDxFrzQPR7z9zuLdS36mHKN6JhFDX6Nvc%2FRxcDM2DV5SHCcPUiaAa7qZ6QPoNWrVjQ%3D%3D","entryPoint":"markCheckedIn","runtime":"nodejs20","dockerRegistry":"ARTIFACT_REGISTRY","labels":{"deployment-tool":"cli-firebase","deployment-callable":"true","firebase-functions-hash":"74436fef8c2ebebe3f9c654a6faa2958a1c805fc"},"httpsTrigger":{"securityLevel":"SECURE_ALWAYS"},"minInstances":null,"maxInstances":null,"ingressSettings":null,"environmentVariables":{"FIREBASE_CONFIG":"{\"projectId\":\"refreshing-website\",\"storageBucket\":\"refreshing-website.firebasestorage.app\"}","GCLOUD_PROJECT":"refreshing-website","EVENTARC_CLOUD_EVENT_SOURCE":"projects/refreshing-website/locations/us-central1/functions/markCheckedIn"},"serviceAccountEmail":null,"availableMemoryMb":null,"timeout":null,"vpcConnector":null,"vpcConnectorEgressSettings":null,"sourceToken":"f57d6fd0-2c70-4ab7-b944-19aed713bef8","buildEnvironmentVariables":{"GOOGLE_NODE_RUN_SCRIPTS":""}}
[2026-08-10T02:52:24.970Z] [queue] Retrying task index 10
[2026-08-10T02:52:24.971Z] Checked if tokens are valid: true, expires at: 1786331729344
[2026-08-10T02:52:24.971Z] Checked if tokens are valid: true, expires at: 1786331729344
[2026-08-10T02:52:24.972Z] >>> [apiv2][query] POST https://cloudfunctions.googleapis.com/v1/projects/refreshing-website/locations/us-central1/functions [none]
[2026-08-10T02:52:24.972Z] >>> [apiv2][body] POST https://cloudfunctions.googleapis.com/v1/projects/refreshing-website/locations/us-central1/functions {"name":"projects/refreshing-website/locations/us-central1/functions/pruneVersionHistory","sourceUploadUrl":"https://storage.googleapis.com/uploads-836972235469.us-central1.cloudfunctions.appspot.com/02c1e8fa-c1af-4e22-a011-38b11d0d0528.zip?GoogleAccessId=service-832093857842@gcf-admin-robot.iam.gserviceaccount.com&Expires=1786331467&Signature=VvDa9HDI3UGM%2FHi4yzU0DUDtxVA0ODbyjK8rjmhZpl77FapwR07yYG27cQvoJq%2FbMXoMdUggMWprpHUxcf63d7X8h7jiO6%2BSK2ngf0ma1u6LkFIZoa%2B%2BhfP4Unu%2BIQLcRs8jHKSJ2C8sXkOilNPe79mOMk3j7FUY9rXyKnX5%2FfOmcW%2F4hkPOqwpVLpIYBugYydoJERfEWFy9K%2BiV0LWOSGO352HW7CqGsJeH94c7yxILlbtxT0CeuMlbuDICtHh01cH2GPxtt0OyBMx4ZN9EzDxFrzQPR7z9zuLdS36mHKN6JhFDX6Nvc%2FRxcDM2DV5SHCcPUiaAa7qZ6QPoNWrVjQ%3D%3D","entryPoint":"pruneVersionHistory","runtime":"nodejs20","dockerRegistry":"ARTIFACT_REGISTRY","labels":{"deployment-tool":"cli-firebase","deployment-scheduled":"true","firebase-functions-hash":"74436fef8c2ebebe3f9c654a6faa2958a1c805fc"},"eventTrigger":{"eventType":"google.pubsub.topic.publish","resource":"projects/refreshing-website/topics/firebase-schedule-pruneVersionHistory-us-central1"},"minInstances":null,"maxInstances":null,"ingressSettings":null,"environmentVariables":{"FIREBASE_CONFIG":"{\"projectId\":\"refreshing-website\",\"storageBucket\":\"refreshing-website.firebasestorage.app\"}","GCLOUD_PROJECT":"refreshing-website","EVENTARC_CLOUD_EVENT_SOURCE":"projects/refreshing-website/locations/us-central1/functions/pruneVersionHistory"},"serviceAccountEmail":null,"availableMemoryMb":null,"timeout":null,"vpcConnector":null,"vpcConnectorEgressSettings":null,"sourceToken":"f57d6fd0-2c70-4ab7-b944-19aed713bef8","buildEnvironmentVariables":{"GOOGLE_NODE_RUN_SCRIPTS":""}}
[2026-08-10T02:52:24.976Z] [queue] Retrying task index 4
[2026-08-10T02:52:24.977Z] Checked if tokens are valid: true, expires at: 1786331729344
[2026-08-10T02:52:24.981Z] Checked if tokens are valid: true, expires at: 1786331729344
[2026-08-10T02:52:24.981Z] >>> [apiv2][query] POST https://cloudfunctions.googleapis.com/v1/projects/refreshing-website/locations/us-central1/functions [none]
[2026-08-10T02:52:24.982Z] >>> [apiv2][body] POST https://cloudfunctions.googleapis.com/v1/projects/refreshing-website/locations/us-central1/functions {"name":"projects/refreshing-website/locations/us-central1/functions/undoCheckIn","sourceUploadUrl":"https://storage.googleapis.com/uploads-836972235469.us-central1.cloudfunctions.appspot.com/02c1e8fa-c1af-4e22-a011-38b11d0d0528.zip?GoogleAccessId=service-832093857842@gcf-admin-robot.iam.gserviceaccount.com&Expires=1786331467&Signature=VvDa9HDI3UGM%2FHi4yzU0DUDtxVA0ODbyjK8rjmhZpl77FapwR07yYG27cQvoJq%2FbMXoMdUggMWprpHUxcf63d7X8h7jiO6%2BSK2ngf0ma1u6LkFIZoa%2B%2BhfP4Unu%2BIQLcRs8jHKSJ2C8sXkOilNPe79mOMk3j7FUY9rXyKnX5%2FfOmcW%2F4hkPOqwpVLpIYBugYydoJERfEWFy9K%2BiV0LWOSGO352HW7CqGsJeH94c7yxILlbtxT0CeuMlbuDICtHh01cH2GPxtt0OyBMx4ZN9EzDxFrzQPR7z9zuLdS36mHKN6JhFDX6Nvc%2FRxcDM2DV5SHCcPUiaAa7qZ6QPoNWrVjQ%3D%3D","entryPoint":"undoCheckIn","runtime":"nodejs20","dockerRegistry":"ARTIFACT_REGISTRY","labels":{"deployment-tool":"cli-firebase","deployment-callable":"true","firebase-functions-hash":"74436fef8c2ebebe3f9c654a6faa2958a1c805fc"},"httpsTrigger":{"securityLevel":"SECURE_ALWAYS"},"minInstances":null,"maxInstances":null,"ingressSettings":null,"environmentVariables":{"FIREBASE_CONFIG":"{\"projectId\":\"refreshing-website\",\"storageBucket\":\"refreshing-website.firebasestorage.app\"}","GCLOUD_PROJECT":"refreshing-website","EVENTARC_CLOUD_EVENT_SOURCE":"projects/refreshing-website/locations/us-central1/functions/undoCheckIn"},"serviceAccountEmail":null,"availableMemoryMb":null,"timeout":null,"vpcConnector":null,"vpcConnectorEgressSettings":null,"sourceToken":"f57d6fd0-2c70-4ab7-b944-19aed713bef8","buildEnvironmentVariables":{"GOOGLE_NODE_RUN_SCRIPTS":""}}
[2026-08-10T02:52:24.988Z] [queue] Retrying task index 6
[2026-08-10T02:52:24.989Z] Checked if tokens are valid: true, expires at: 1786331729344
[2026-08-10T02:52:24.989Z] Checked if tokens are valid: true, expires at: 1786331729344
[2026-08-10T02:52:24.989Z] >>> [apiv2][query] POST https://cloudfunctions.googleapis.com/v1/projects/refreshing-website/locations/us-central1/functions [none]
[2026-08-10T02:52:24.989Z] >>> [apiv2][body] POST https://cloudfunctions.googleapis.com/v1/projects/refreshing-website/locations/us-central1/functions {"name":"projects/refreshing-website/locations/us-central1/functions/auditMinistersWrite","sourceUploadUrl":"https://storage.googleapis.com/uploads-836972235469.us-central1.cloudfunctions.appspot.com/02c1e8fa-c1af-4e22-a011-38b11d0d0528.zip?GoogleAccessId=service-832093857842@gcf-admin-robot.iam.gserviceaccount.com&Expires=1786331467&Signature=VvDa9HDI3UGM%2FHi4yzU0DUDtxVA0ODbyjK8rjmhZpl77FapwR07yYG27cQvoJq%2FbMXoMdUggMWprpHUxcf63d7X8h7jiO6%2BSK2ngf0ma1u6LkFIZoa%2B%2BhfP4Unu%2BIQLcRs8jHKSJ2C8sXkOilNPe79mOMk3j7FUY9rXyKnX5%2FfOmcW%2F4hkPOqwpVLpIYBugYydoJERfEWFy9K%2BiV0LWOSGO352HW7CqGsJeH94c7yxILlbtxT0CeuMlbuDICtHh01cH2GPxtt0OyBMx4ZN9EzDxFrzQPR7z9zuLdS36mHKN6JhFDX6Nvc%2FRxcDM2DV5SHCcPUiaAa7qZ6QPoNWrVjQ%3D%3D","entryPoint":"auditMinistersWrite","runtime":"nodejs20","dockerRegistry":"ARTIFACT_REGISTRY","labels":{"deployment-tool":"cli-firebase","firebase-functions-hash":"74436fef8c2ebebe3f9c654a6faa2958a1c805fc"},"eventTrigger":{"eventType":"providers/cloud.firestore/eventTypes/document.write","resource":"projects/refreshing-website/databases/(default)/documents/events/{eventId}/ministers/{ministerId}"},"minInstances":null,"maxInstances":null,"ingressSettings":null,"environmentVariables":{"FIREBASE_CONFIG":"{\"projectId\":\"refreshing-website\",\"storageBucket\":\"refreshing-website.firebasestorage.app\"}","GCLOUD_PROJECT":"refreshing-website","EVENTARC_CLOUD_EVENT_SOURCE":"projects/refreshing-website/locations/us-central1/functions/auditMinistersWrite"},"serviceAccountEmail":null,"availableMemoryMb":null,"timeout":null,"vpcConnector":null,"vpcConnectorEgressSettings":null,"sourceToken":"f57d6fd0-2c70-4ab7-b944-19aed713bef8","buildEnvironmentVariables":{"GOOGLE_NODE_RUN_SCRIPTS":""}}
[2026-08-10T02:52:24.997Z] [queue] Retrying task index 7
[2026-08-10T02:52:24.997Z] Checked if tokens are valid: true, expires at: 1786331729344
[2026-08-10T02:52:24.998Z] Checked if tokens are valid: true, expires at: 1786331729344
[2026-08-10T02:52:24.998Z] >>> [apiv2][query] POST https://cloudfunctions.googleapis.com/v1/projects/refreshing-website/locations/us-central1/functions [none]
[2026-08-10T02:52:24.998Z] >>> [apiv2][body] POST https://cloudfunctions.googleapis.com/v1/projects/refreshing-website/locations/us-central1/functions {"name":"projects/refreshing-website/locations/us-central1/functions/auditSessionsWrite","sourceUploadUrl":"https://storage.googleapis.com/uploads-836972235469.us-central1.cloudfunctions.appspot.com/02c1e8fa-c1af-4e22-a011-38b11d0d0528.zip?GoogleAccessId=service-832093857842@gcf-admin-robot.iam.gserviceaccount.com&Expires=1786331467&Signature=VvDa9HDI3UGM%2FHi4yzU0DUDtxVA0ODbyjK8rjmhZpl77FapwR07yYG27cQvoJq%2FbMXoMdUggMWprpHUxcf63d7X8h7jiO6%2BSK2ngf0ma1u6LkFIZoa%2B%2BhfP4Unu%2BIQLcRs8jHKSJ2C8sXkOilNPe79mOMk3j7FUY9rXyKnX5%2FfOmcW%2F4hkPOqwpVLpIYBugYydoJERfEWFy9K%2BiV0LWOSGO352HW7CqGsJeH94c7yxILlbtxT0CeuMlbuDICtHh01cH2GPxtt0OyBMx4ZN9EzDxFrzQPR7z9zuLdS36mHKN6JhFDX6Nvc%2FRxcDM2DV5SHCcPUiaAa7qZ6QPoNWrVjQ%3D%3D","entryPoint":"auditSessionsWrite","runtime":"nodejs20","dockerRegistry":"ARTIFACT_REGISTRY","labels":{"deployment-tool":"cli-firebase","firebase-functions-hash":"74436fef8c2ebebe3f9c654a6faa2958a1c805fc"},"eventTrigger":{"eventType":"providers/cloud.firestore/eventTypes/document.write","resource":"projects/refreshing-website/databases/(default)/documents/events/{eventId}/sessions/{sessionId}"},"minInstances":null,"maxInstances":null,"ingressSettings":null,"environmentVariables":{"FIREBASE_CONFIG":"{\"projectId\":\"refreshing-website\",\"storageBucket\":\"refreshing-website.firebasestorage.app\"}","GCLOUD_PROJECT":"refreshing-website","EVENTARC_CLOUD_EVENT_SOURCE":"projects/refreshing-website/locations/us-central1/functions/auditSessionsWrite"},"serviceAccountEmail":null,"availableMemoryMb":null,"timeout":null,"vpcConnector":null,"vpcConnectorEgressSettings":null,"sourceToken":"f57d6fd0-2c70-4ab7-b944-19aed713bef8","buildEnvironmentVariables":{"GOOGLE_NODE_RUN_SCRIPTS":""}}
[2026-08-10T02:52:25.006Z] [queue] Retrying task index 5
[2026-08-10T02:52:25.007Z] Checked if tokens are valid: true, expires at: 1786331729344
[2026-08-10T02:52:25.007Z] Checked if tokens are valid: true, expires at: 1786331729344
[2026-08-10T02:52:25.007Z] >>> [apiv2][query] POST https://cloudfunctions.googleapis.com/v1/projects/refreshing-website/locations/us-central1/functions [none]
[2026-08-10T02:52:25.007Z] >>> [apiv2][body] POST https://cloudfunctions.googleapis.com/v1/projects/refreshing-website/locations/us-central1/functions {"name":"projects/refreshing-website/locations/us-central1/functions/syncCheckinView","sourceUploadUrl":"https://storage.googleapis.com/uploads-836972235469.us-central1.cloudfunctions.appspot.com/02c1e8fa-c1af-4e22-a011-38b11d0d0528.zip?GoogleAccessId=service-832093857842@gcf-admin-robot.iam.gserviceaccount.com&Expires=1786331467&Signature=VvDa9HDI3UGM%2FHi4yzU0DUDtxVA0ODbyjK8rjmhZpl77FapwR07yYG27cQvoJq%2FbMXoMdUggMWprpHUxcf63d7X8h7jiO6%2BSK2ngf0ma1u6LkFIZoa%2B%2BhfP4Unu%2BIQLcRs8jHKSJ2C8sXkOilNPe79mOMk3j7FUY9rXyKnX5%2FfOmcW%2F4hkPOqwpVLpIYBugYydoJERfEWFy9K%2BiV0LWOSGO352HW7CqGsJeH94c7yxILlbtxT0CeuMlbuDICtHh01cH2GPxtt0OyBMx4ZN9EzDxFrzQPR7z9zuLdS36mHKN6JhFDX6Nvc%2FRxcDM2DV5SHCcPUiaAa7qZ6QPoNWrVjQ%3D%3D","entryPoint":"syncCheckinView","runtime":"nodejs20","dockerRegistry":"ARTIFACT_REGISTRY","labels":{"deployment-tool":"cli-firebase","firebase-functions-hash":"74436fef8c2ebebe3f9c654a6faa2958a1c805fc"},"eventTrigger":{"eventType":"providers/cloud.firestore/eventTypes/document.write","resource":"projects/refreshing-website/databases/(default)/documents/events/{eventId}/attendees/{attendeeId}"},"minInstances":null,"maxInstances":null,"ingressSettings":null,"environmentVariables":{"FIREBASE_CONFIG":"{\"projectId\":\"refreshing-website\",\"storageBucket\":\"refreshing-website.firebasestorage.app\"}","GCLOUD_PROJECT":"refreshing-website","EVENTARC_CLOUD_EVENT_SOURCE":"projects/refreshing-website/locations/us-central1/functions/syncCheckinView"},"serviceAccountEmail":null,"availableMemoryMb":null,"timeout":null,"vpcConnector":null,"vpcConnectorEgressSettings":null,"sourceToken":"f57d6fd0-2c70-4ab7-b944-19aed713bef8","buildEnvironmentVariables":{"GOOGLE_NODE_RUN_SCRIPTS":""}}
[2026-08-10T02:52:25.212Z] [queue] Retrying task index 8
[2026-08-10T02:52:25.212Z] Checked if tokens are valid: true, expires at: 1786331729344
[2026-08-10T02:52:25.212Z] Checked if tokens are valid: true, expires at: 1786331729344
[2026-08-10T02:52:25.213Z] >>> [apiv2][query] POST https://cloudfunctions.googleapis.com/v1/projects/refreshing-website/locations/us-central1/functions [none]
[2026-08-10T02:52:25.213Z] >>> [apiv2][body] POST https://cloudfunctions.googleapis.com/v1/projects/refreshing-website/locations/us-central1/functions {"name":"projects/refreshing-website/locations/us-central1/functions/auditAttendeesWrite","sourceUploadUrl":"https://storage.googleapis.com/uploads-836972235469.us-central1.cloudfunctions.appspot.com/02c1e8fa-c1af-4e22-a011-38b11d0d0528.zip?GoogleAccessId=service-832093857842@gcf-admin-robot.iam.gserviceaccount.com&Expires=1786331467&Signature=VvDa9HDI3UGM%2FHi4yzU0DUDtxVA0ODbyjK8rjmhZpl77FapwR07yYG27cQvoJq%2FbMXoMdUggMWprpHUxcf63d7X8h7jiO6%2BSK2ngf0ma1u6LkFIZoa%2B%2BhfP4Unu%2BIQLcRs8jHKSJ2C8sXkOilNPe79mOMk3j7FUY9rXyKnX5%2FfOmcW%2F4hkPOqwpVLpIYBugYydoJERfEWFy9K%2BiV0LWOSGO352HW7CqGsJeH94c7yxILlbtxT0CeuMlbuDICtHh01cH2GPxtt0OyBMx4ZN9EzDxFrzQPR7z9zuLdS36mHKN6JhFDX6Nvc%2FRxcDM2DV5SHCcPUiaAa7qZ6QPoNWrVjQ%3D%3D","entryPoint":"auditAttendeesWrite","runtime":"nodejs20","dockerRegistry":"ARTIFACT_REGISTRY","labels":{"deployment-tool":"cli-firebase","firebase-functions-hash":"74436fef8c2ebebe3f9c654a6faa2958a1c805fc"},"eventTrigger":{"eventType":"providers/cloud.firestore/eventTypes/document.write","resource":"projects/refreshing-website/databases/(default)/documents/events/{eventId}/attendees/{attendeeId}"},"minInstances":null,"maxInstances":null,"ingressSettings":null,"environmentVariables":{"FIREBASE_CONFIG":"{\"projectId\":\"refreshing-website\",\"storageBucket\":\"refreshing-website.firebasestorage.app\"}","GCLOUD_PROJECT":"refreshing-website","EVENTARC_CLOUD_EVENT_SOURCE":"projects/refreshing-website/locations/us-central1/functions/auditAttendeesWrite"},"serviceAccountEmail":null,"availableMemoryMb":null,"timeout":null,"vpcConnector":null,"vpcConnectorEgressSettings":null,"sourceToken":"f57d6fd0-2c70-4ab7-b944-19aed713bef8","buildEnvironmentVariables":{"GOOGLE_NODE_RUN_SCRIPTS":""}}
[2026-08-10T02:52:25.228Z] [queue] Retrying task index 11
[2026-08-10T02:52:25.228Z] Checked if tokens are valid: true, expires at: 1786331729344
[2026-08-10T02:52:25.228Z] Checked if tokens are valid: true, expires at: 1786331729344
[2026-08-10T02:52:25.228Z] >>> [apiv2][query] POST https://cloudfunctions.googleapis.com/v1/projects/refreshing-website/locations/us-central1/functions [none]
[2026-08-10T02:52:25.229Z] >>> [apiv2][body] POST https://cloudfunctions.googleapis.com/v1/projects/refreshing-website/locations/us-central1/functions {"name":"projects/refreshing-website/locations/us-central1/functions/provisionAdminAccount","sourceUploadUrl":"https://storage.googleapis.com/uploads-836972235469.us-central1.cloudfunctions.appspot.com/02c1e8fa-c1af-4e22-a011-38b11d0d0528.zip?GoogleAccessId=service-832093857842@gcf-admin-robot.iam.gserviceaccount.com&Expires=1786331467&Signature=VvDa9HDI3UGM%2FHi4yzU0DUDtxVA0ODbyjK8rjmhZpl77FapwR07yYG27cQvoJq%2FbMXoMdUggMWprpHUxcf63d7X8h7jiO6%2BSK2ngf0ma1u6LkFIZoa%2B%2BhfP4Unu%2BIQLcRs8jHKSJ2C8sXkOilNPe79mOMk3j7FUY9rXyKnX5%2FfOmcW%2F4hkPOqwpVLpIYBugYydoJERfEWFy9K%2BiV0LWOSGO352HW7CqGsJeH94c7yxILlbtxT0CeuMlbuDICtHh01cH2GPxtt0OyBMx4ZN9EzDxFrzQPR7z9zuLdS36mHKN6JhFDX6Nvc%2FRxcDM2DV5SHCcPUiaAa7qZ6QPoNWrVjQ%3D%3D","entryPoint":"provisionAdminAccount","runtime":"nodejs20","dockerRegistry":"ARTIFACT_REGISTRY","labels":{"deployment-tool":"cli-firebase","deployment-callable":"true","firebase-functions-hash":"74436fef8c2ebebe3f9c654a6faa2958a1c805fc"},"httpsTrigger":{"securityLevel":"SECURE_ALWAYS"},"minInstances":null,"maxInstances":null,"ingressSettings":null,"environmentVariables":{"FIREBASE_CONFIG":"{\"projectId\":\"refreshing-website\",\"storageBucket\":\"refreshing-website.firebasestorage.app\"}","GCLOUD_PROJECT":"refreshing-website","EVENTARC_CLOUD_EVENT_SOURCE":"projects/refreshing-website/locations/us-central1/functions/provisionAdminAccount"},"serviceAccountEmail":null,"availableMemoryMb":null,"timeout":null,"vpcConnector":null,"vpcConnectorEgressSettings":null,"sourceToken":"f57d6fd0-2c70-4ab7-b944-19aed713bef8","buildEnvironmentVariables":{"GOOGLE_NODE_RUN_SCRIPTS":""}}
[2026-08-10T02:52:25.237Z] [queue] Retrying task index 9
[2026-08-10T02:52:25.238Z] Checked if tokens are valid: true, expires at: 1786331729344
[2026-08-10T02:52:25.239Z] Checked if tokens are valid: true, expires at: 1786331729344
[2026-08-10T02:52:25.240Z] >>> [apiv2][query] POST https://cloudfunctions.googleapis.com/v1/projects/refreshing-website/locations/us-central1/functions [none]
[2026-08-10T02:52:25.243Z] >>> [apiv2][body] POST https://cloudfunctions.googleapis.com/v1/projects/refreshing-website/locations/us-central1/functions {"name":"projects/refreshing-website/locations/us-central1/functions/purgeTrash","sourceUploadUrl":"https://storage.googleapis.com/uploads-836972235469.us-central1.cloudfunctions.appspot.com/02c1e8fa-c1af-4e22-a011-38b11d0d0528.zip?GoogleAccessId=service-832093857842@gcf-admin-robot.iam.gserviceaccount.com&Expires=1786331467&Signature=VvDa9HDI3UGM%2FHi4yzU0DUDtxVA0ODbyjK8rjmhZpl77FapwR07yYG27cQvoJq%2FbMXoMdUggMWprpHUxcf63d7X8h7jiO6%2BSK2ngf0ma1u6LkFIZoa%2B%2BhfP4Unu%2BIQLcRs8jHKSJ2C8sXkOilNPe79mOMk3j7FUY9rXyKnX5%2FfOmcW%2F4hkPOqwpVLpIYBugYydoJERfEWFy9K%2BiV0LWOSGO352HW7CqGsJeH94c7yxILlbtxT0CeuMlbuDICtHh01cH2GPxtt0OyBMx4ZN9EzDxFrzQPR7z9zuLdS36mHKN6JhFDX6Nvc%2FRxcDM2DV5SHCcPUiaAa7qZ6QPoNWrVjQ%3D%3D","entryPoint":"purgeTrash","runtime":"nodejs20","dockerRegistry":"ARTIFACT_REGISTRY","labels":{"deployment-tool":"cli-firebase","deployment-scheduled":"true","firebase-functions-hash":"74436fef8c2ebebe3f9c654a6faa2958a1c805fc"},"eventTrigger":{"eventType":"google.pubsub.topic.publish","resource":"projects/refreshing-website/topics/firebase-schedule-purgeTrash-us-central1"},"minInstances":null,"maxInstances":null,"ingressSettings":null,"environmentVariables":{"FIREBASE_CONFIG":"{\"projectId\":\"refreshing-website\",\"storageBucket\":\"refreshing-website.firebasestorage.app\"}","GCLOUD_PROJECT":"refreshing-website","EVENTARC_CLOUD_EVENT_SOURCE":"projects/refreshing-website/locations/us-central1/functions/purgeTrash"},"serviceAccountEmail":null,"availableMemoryMb":null,"timeout":null,"vpcConnector":null,"vpcConnectorEgressSettings":null,"sourceToken":"f57d6fd0-2c70-4ab7-b944-19aed713bef8","buildEnvironmentVariables":{"GOOGLE_NODE_RUN_SCRIPTS":""}}
[2026-08-10T02:52:25.254Z] [queue] Retrying task index 2
[2026-08-10T02:52:25.256Z] Checked if tokens are valid: true, expires at: 1786331729344
[2026-08-10T02:52:25.256Z] Checked if tokens are valid: true, expires at: 1786331729344
[2026-08-10T02:52:25.257Z] >>> [apiv2][query] POST https://cloudfunctions.googleapis.com/v1/projects/refreshing-website/locations/us-central1/functions [none]
[2026-08-10T02:52:25.257Z] >>> [apiv2][body] POST https://cloudfunctions.googleapis.com/v1/projects/refreshing-website/locations/us-central1/functions {"name":"projects/refreshing-website/locations/us-central1/functions/revokeUserAccess","sourceUploadUrl":"https://storage.googleapis.com/uploads-836972235469.us-central1.cloudfunctions.appspot.com/02c1e8fa-c1af-4e22-a011-38b11d0d0528.zip?GoogleAccessId=service-832093857842@gcf-admin-robot.iam.gserviceaccount.com&Expires=1786331467&Signature=VvDa9HDI3UGM%2FHi4yzU0DUDtxVA0ODbyjK8rjmhZpl77FapwR07yYG27cQvoJq%2FbMXoMdUggMWprpHUxcf63d7X8h7jiO6%2BSK2ngf0ma1u6LkFIZoa%2B%2BhfP4Unu%2BIQLcRs8jHKSJ2C8sXkOilNPe79mOMk3j7FUY9rXyKnX5%2FfOmcW%2F4hkPOqwpVLpIYBugYydoJERfEWFy9K%2BiV0LWOSGO352HW7CqGsJeH94c7yxILlbtxT0CeuMlbuDICtHh01cH2GPxtt0OyBMx4ZN9EzDxFrzQPR7z9zuLdS36mHKN6JhFDX6Nvc%2FRxcDM2DV5SHCcPUiaAa7qZ6QPoNWrVjQ%3D%3D","entryPoint":"revokeUserAccess","runtime":"nodejs20","dockerRegistry":"ARTIFACT_REGISTRY","labels":{"deployment-tool":"cli-firebase","deployment-callable":"true","firebase-functions-hash":"74436fef8c2ebebe3f9c654a6faa2958a1c805fc"},"httpsTrigger":{"securityLevel":"SECURE_ALWAYS"},"minInstances":null,"maxInstances":null,"ingressSettings":null,"environmentVariables":{"FIREBASE_CONFIG":"{\"projectId\":\"refreshing-website\",\"storageBucket\":\"refreshing-website.firebasestorage.app\"}","GCLOUD_PROJECT":"refreshing-website","EVENTARC_CLOUD_EVENT_SOURCE":"projects/refreshing-website/locations/us-central1/functions/revokeUserAccess"},"serviceAccountEmail":null,"availableMemoryMb":null,"timeout":null,"vpcConnector":null,"vpcConnectorEgressSettings":null,"sourceToken":"f57d6fd0-2c70-4ab7-b944-19aed713bef8","buildEnvironmentVariables":{"GOOGLE_NODE_RUN_SCRIPTS":""}}
[2026-08-10T02:52:26.311Z] <<< [apiv2][status] POST https://cloudfunctions.googleapis.com/v1/projects/refreshing-website/locations/us-central1/functions 409
[2026-08-10T02:52:26.311Z] <<< [apiv2][body] POST https://cloudfunctions.googleapis.com/v1/projects/refreshing-website/locations/us-central1/functions {"error":{"code":409,"message":"Failed to create 1st Gen function projects/refreshing-website/locations/us-central1/functions/pruneVersionHistory: Function pruneVersionHistory in region us-central1 in project refreshing-website already exists","status":"ALREADY_EXISTS"}}
!  functions: failed to create function projects/refreshing-website/locations/us-central1/functions/pruneVersionHistory 
[2026-08-10T02:52:26.312Z] <<< [apiv2][status] POST https://cloudfunctions.googleapis.com/v1/projects/refreshing-website/locations/us-central1/functions 409
[2026-08-10T02:52:26.312Z] <<< [apiv2][body] POST https://cloudfunctions.googleapis.com/v1/projects/refreshing-website/locations/us-central1/functions {"error":{"code":409,"message":"Failed to create 1st Gen function projects/refreshing-website/locations/us-central1/functions/auditSessionsWrite: Function auditSessionsWrite in region us-central1 in project refreshing-website already exists","status":"ALREADY_EXISTS"}}
!  functions: failed to create function projects/refreshing-website/locations/us-central1/functions/auditSessionsWrite 
[2026-08-10T02:52:26.313Z] <<< [apiv2][status] POST https://cloudfunctions.googleapis.com/v1/projects/refreshing-website/locations/us-central1/functions 409
[2026-08-10T02:52:26.314Z] <<< [apiv2][body] POST https://cloudfunctions.googleapis.com/v1/projects/refreshing-website/locations/us-central1/functions {"error":{"code":409,"message":"Failed to create 1st Gen function projects/refreshing-website/locations/us-central1/functions/auditMinistersWrite: Function auditMinistersWrite in region us-central1 in project refreshing-website already exists","status":"ALREADY_EXISTS"}}
!  functions: failed to create function projects/refreshing-website/locations/us-central1/functions/auditMinistersWrite 
[2026-08-10T02:52:26.317Z] <<< [apiv2][status] POST https://cloudfunctions.googleapis.com/v1/projects/refreshing-website/locations/us-central1/functions 409
[2026-08-10T02:52:26.317Z] <<< [apiv2][body] POST https://cloudfunctions.googleapis.com/v1/projects/refreshing-website/locations/us-central1/functions {"error":{"code":409,"message":"Failed to create 1st Gen function projects/refreshing-website/locations/us-central1/functions/syncCheckinView: Function syncCheckinView in region us-central1 in project refreshing-website already exists","status":"ALREADY_EXISTS"}}
!  functions: failed to create function projects/refreshing-website/locations/us-central1/functions/syncCheckinView 
[2026-08-10T02:52:26.329Z] <<< [apiv2][status] POST https://cloudfunctions.googleapis.com/v1/projects/refreshing-website/locations/us-central1/functions 409
[2026-08-10T02:52:26.329Z] <<< [apiv2][body] POST https://cloudfunctions.googleapis.com/v1/projects/refreshing-website/locations/us-central1/functions {"error":{"code":409,"message":"Failed to create 1st Gen function projects/refreshing-website/locations/us-central1/functions/revokeUserAccess: Function revokeUserAccess in region us-central1 in project refreshing-website already exists","status":"ALREADY_EXISTS"}}
!  functions: failed to create function projects/refreshing-website/locations/us-central1/functions/revokeUserAccess 
[2026-08-10T02:52:26.336Z] <<< [apiv2][status] POST https://cloudfunctions.googleapis.com/v1/projects/refreshing-website/locations/us-central1/functions 409
[2026-08-10T02:52:26.336Z] <<< [apiv2][body] POST https://cloudfunctions.googleapis.com/v1/projects/refreshing-website/locations/us-central1/functions {"error":{"code":409,"message":"Failed to create 1st Gen function projects/refreshing-website/locations/us-central1/functions/provisionAdminAccount: Function provisionAdminAccount in region us-central1 in project refreshing-website already exists","status":"ALREADY_EXISTS"}}
!  functions: failed to create function projects/refreshing-website/locations/us-central1/functions/provisionAdminAccount 
[2026-08-10T02:52:26.337Z] <<< [apiv2][status] POST https://cloudfunctions.googleapis.com/v1/projects/refreshing-website/locations/us-central1/functions 409
[2026-08-10T02:52:26.337Z] <<< [apiv2][body] POST https://cloudfunctions.googleapis.com/v1/projects/refreshing-website/locations/us-central1/functions {"error":{"code":409,"message":"Failed to create 1st Gen function projects/refreshing-website/locations/us-central1/functions/setUserRole: Function setUserRole in region us-central1 in project refreshing-website already exists","status":"ALREADY_EXISTS"}}
!  functions: failed to create function projects/refreshing-website/locations/us-central1/functions/setUserRole 
[2026-08-10T02:52:26.339Z] <<< [apiv2][status] POST https://cloudfunctions.googleapis.com/v1/projects/refreshing-website/locations/us-central1/functions 409
[2026-08-10T02:52:26.339Z] <<< [apiv2][body] POST https://cloudfunctions.googleapis.com/v1/projects/refreshing-website/locations/us-central1/functions {"error":{"code":409,"message":"Failed to create 1st Gen function projects/refreshing-website/locations/us-central1/functions/purgeTrash: Function purgeTrash in region us-central1 in project refreshing-website already exists","status":"ALREADY_EXISTS"}}
!  functions: failed to create function projects/refreshing-website/locations/us-central1/functions/purgeTrash 
[2026-08-10T02:52:26.340Z] <<< [apiv2][status] POST https://cloudfunctions.googleapis.com/v1/projects/refreshing-website/locations/us-central1/functions 409
[2026-08-10T02:52:26.340Z] <<< [apiv2][body] POST https://cloudfunctions.googleapis.com/v1/projects/refreshing-website/locations/us-central1/functions {"error":{"code":409,"message":"Failed to create 1st Gen function projects/refreshing-website/locations/us-central1/functions/markCheckedIn: Function markCheckedIn in region us-central1 in project refreshing-website already exists","status":"ALREADY_EXISTS"}}
!  functions: failed to create function projects/refreshing-website/locations/us-central1/functions/markCheckedIn 
[2026-08-10T02:52:26.352Z] <<< [apiv2][status] POST https://cloudfunctions.googleapis.com/v1/projects/refreshing-website/locations/us-central1/functions 409
[2026-08-10T02:52:26.352Z] <<< [apiv2][body] POST https://cloudfunctions.googleapis.com/v1/projects/refreshing-website/locations/us-central1/functions {"error":{"code":409,"message":"Failed to create 1st Gen function projects/refreshing-website/locations/us-central1/functions/auditAttendeesWrite: Function auditAttendeesWrite in region us-central1 in project refreshing-website already exists","status":"ALREADY_EXISTS"}}
!  functions: failed to create function projects/refreshing-website/locations/us-central1/functions/auditAttendeesWrite 
[2026-08-10T02:52:26.369Z] <<< [apiv2][status] POST https://cloudfunctions.googleapis.com/v1/projects/refreshing-website/locations/us-central1/functions 409
[2026-08-10T02:52:26.370Z] <<< [apiv2][body] POST https://cloudfunctions.googleapis.com/v1/projects/refreshing-website/locations/us-central1/functions {"error":{"code":409,"message":"Failed to create 1st Gen function projects/refreshing-website/locations/us-central1/functions/undoCheckIn: Function undoCheckIn in region us-central1 in project refreshing-website already exists","status":"ALREADY_EXISTS"}}
!  functions: failed to create function projects/refreshing-website/locations/us-central1/functions/undoCheckIn 
[2026-08-10T02:54:06.314Z] [queue] Retrying task index 10
[2026-08-10T02:54:06.315Z] Checked if tokens are valid: true, expires at: 1786331729344
[2026-08-10T02:54:06.315Z] Checked if tokens are valid: true, expires at: 1786331729344
[2026-08-10T02:54:06.316Z] >>> [apiv2][query] POST https://cloudfunctions.googleapis.com/v1/projects/refreshing-website/locations/us-central1/functions [none]
[2026-08-10T02:54:06.316Z] >>> [apiv2][body] POST https://cloudfunctions.googleapis.com/v1/projects/refreshing-website/locations/us-central1/functions {"name":"projects/refreshing-website/locations/us-central1/functions/pruneVersionHistory","sourceUploadUrl":"https://storage.googleapis.com/uploads-836972235469.us-central1.cloudfunctions.appspot.com/02c1e8fa-c1af-4e22-a011-38b11d0d0528.zip?GoogleAccessId=service-832093857842@gcf-admin-robot.iam.gserviceaccount.com&Expires=1786331467&Signature=VvDa9HDI3UGM%2FHi4yzU0DUDtxVA0ODbyjK8rjmhZpl77FapwR07yYG27cQvoJq%2FbMXoMdUggMWprpHUxcf63d7X8h7jiO6%2BSK2ngf0ma1u6LkFIZoa%2B%2BhfP4Unu%2BIQLcRs8jHKSJ2C8sXkOilNPe79mOMk3j7FUY9rXyKnX5%2FfOmcW%2F4hkPOqwpVLpIYBugYydoJERfEWFy9K%2BiV0LWOSGO352HW7CqGsJeH94c7yxILlbtxT0CeuMlbuDICtHh01cH2GPxtt0OyBMx4ZN9EzDxFrzQPR7z9zuLdS36mHKN6JhFDX6Nvc%2FRxcDM2DV5SHCcPUiaAa7qZ6QPoNWrVjQ%3D%3D","entryPoint":"pruneVersionHistory","runtime":"nodejs20","dockerRegistry":"ARTIFACT_REGISTRY","labels":{"deployment-tool":"cli-firebase","deployment-scheduled":"true","firebase-functions-hash":"74436fef8c2ebebe3f9c654a6faa2958a1c805fc"},"eventTrigger":{"eventType":"google.pubsub.topic.publish","resource":"projects/refreshing-website/topics/firebase-schedule-pruneVersionHistory-us-central1"},"minInstances":null,"maxInstances":null,"ingressSettings":null,"environmentVariables":{"FIREBASE_CONFIG":"{\"projectId\":\"refreshing-website\",\"storageBucket\":\"refreshing-website.firebasestorage.app\"}","GCLOUD_PROJECT":"refreshing-website","EVENTARC_CLOUD_EVENT_SOURCE":"projects/refreshing-website/locations/us-central1/functions/pruneVersionHistory"},"serviceAccountEmail":null,"availableMemoryMb":null,"timeout":null,"vpcConnector":null,"vpcConnectorEgressSettings":null,"sourceToken":"f57d6fd0-2c70-4ab7-b944-19aed713bef8","buildEnvironmentVariables":{"GOOGLE_NODE_RUN_SCRIPTS":""}}
[2026-08-10T02:54:06.322Z] [queue] Retrying task index 7
[2026-08-10T02:54:06.322Z] Checked if tokens are valid: true, expires at: 1786331729344
[2026-08-10T02:54:06.322Z] Checked if tokens are valid: true, expires at: 1786331729344
[2026-08-10T02:54:06.323Z] >>> [apiv2][query] POST https://cloudfunctions.googleapis.com/v1/projects/refreshing-website/locations/us-central1/functions [none]
[2026-08-10T02:54:06.323Z] >>> [apiv2][body] POST https://cloudfunctions.googleapis.com/v1/projects/refreshing-website/locations/us-central1/functions {"name":"projects/refreshing-website/locations/us-central1/functions/auditSessionsWrite","sourceUploadUrl":"https://storage.googleapis.com/uploads-836972235469.us-central1.cloudfunctions.appspot.com/02c1e8fa-c1af-4e22-a011-38b11d0d0528.zip?GoogleAccessId=service-832093857842@gcf-admin-robot.iam.gserviceaccount.com&Expires=1786331467&Signature=VvDa9HDI3UGM%2FHi4yzU0DUDtxVA0ODbyjK8rjmhZpl77FapwR07yYG27cQvoJq%2FbMXoMdUggMWprpHUxcf63d7X8h7jiO6%2BSK2ngf0ma1u6LkFIZoa%2B%2BhfP4Unu%2BIQLcRs8jHKSJ2C8sXkOilNPe79mOMk3j7FUY9rXyKnX5%2FfOmcW%2F4hkPOqwpVLpIYBugYydoJERfEWFy9K%2BiV0LWOSGO352HW7CqGsJeH94c7yxILlbtxT0CeuMlbuDICtHh01cH2GPxtt0OyBMx4ZN9EzDxFrzQPR7z9zuLdS36mHKN6JhFDX6Nvc%2FRxcDM2DV5SHCcPUiaAa7qZ6QPoNWrVjQ%3D%3D","entryPoint":"auditSessionsWrite","runtime":"nodejs20","dockerRegistry":"ARTIFACT_REGISTRY","labels":{"deployment-tool":"cli-firebase","firebase-functions-hash":"74436fef8c2ebebe3f9c654a6faa2958a1c805fc"},"eventTrigger":{"eventType":"providers/cloud.firestore/eventTypes/document.write","resource":"projects/refreshing-website/databases/(default)/documents/events/{eventId}/sessions/{sessionId}"},"minInstances":null,"maxInstances":null,"ingressSettings":null,"environmentVariables":{"FIREBASE_CONFIG":"{\"projectId\":\"refreshing-website\",\"storageBucket\":\"refreshing-website.firebasestorage.app\"}","GCLOUD_PROJECT":"refreshing-website","EVENTARC_CLOUD_EVENT_SOURCE":"projects/refreshing-website/locations/us-central1/functions/auditSessionsWrite"},"serviceAccountEmail":null,"availableMemoryMb":null,"timeout":null,"vpcConnector":null,"vpcConnectorEgressSettings":null,"sourceToken":"f57d6fd0-2c70-4ab7-b944-19aed713bef8","buildEnvironmentVariables":{"GOOGLE_NODE_RUN_SCRIPTS":""}}
[2026-08-10T02:54:06.329Z] [queue] Retrying task index 6
[2026-08-10T02:54:06.330Z] Checked if tokens are valid: true, expires at: 1786331729344
[2026-08-10T02:54:06.330Z] Checked if tokens are valid: true, expires at: 1786331729344
[2026-08-10T02:54:06.330Z] >>> [apiv2][query] POST https://cloudfunctions.googleapis.com/v1/projects/refreshing-website/locations/us-central1/functions [none]
[2026-08-10T02:54:06.331Z] >>> [apiv2][body] POST https://cloudfunctions.googleapis.com/v1/projects/refreshing-website/locations/us-central1/functions {"name":"projects/refreshing-website/locations/us-central1/functions/auditMinistersWrite","sourceUploadUrl":"https://storage.googleapis.com/uploads-836972235469.us-central1.cloudfunctions.appspot.com/02c1e8fa-c1af-4e22-a011-38b11d0d0528.zip?GoogleAccessId=service-832093857842@gcf-admin-robot.iam.gserviceaccount.com&Expires=1786331467&Signature=VvDa9HDI3UGM%2FHi4yzU0DUDtxVA0ODbyjK8rjmhZpl77FapwR07yYG27cQvoJq%2FbMXoMdUggMWprpHUxcf63d7X8h7jiO6%2BSK2ngf0ma1u6LkFIZoa%2B%2BhfP4Unu%2BIQLcRs8jHKSJ2C8sXkOilNPe79mOMk3j7FUY9rXyKnX5%2FfOmcW%2F4hkPOqwpVLpIYBugYydoJERfEWFy9K%2BiV0LWOSGO352HW7CqGsJeH94c7yxILlbtxT0CeuMlbuDICtHh01cH2GPxtt0OyBMx4ZN9EzDxFrzQPR7z9zuLdS36mHKN6JhFDX6Nvc%2FRxcDM2DV5SHCcPUiaAa7qZ6QPoNWrVjQ%3D%3D","entryPoint":"auditMinistersWrite","runtime":"nodejs20","dockerRegistry":"ARTIFACT_REGISTRY","labels":{"deployment-tool":"cli-firebase","firebase-functions-hash":"74436fef8c2ebebe3f9c654a6faa2958a1c805fc"},"eventTrigger":{"eventType":"providers/cloud.firestore/eventTypes/document.write","resource":"projects/refreshing-website/databases/(default)/documents/events/{eventId}/ministers/{ministerId}"},"minInstances":null,"maxInstances":null,"ingressSettings":null,"environmentVariables":{"FIREBASE_CONFIG":"{\"projectId\":\"refreshing-website\",\"storageBucket\":\"refreshing-website.firebasestorage.app\"}","GCLOUD_PROJECT":"refreshing-website","EVENTARC_CLOUD_EVENT_SOURCE":"projects/refreshing-website/locations/us-central1/functions/auditMinistersWrite"},"serviceAccountEmail":null,"availableMemoryMb":null,"timeout":null,"vpcConnector":null,"vpcConnectorEgressSettings":null,"sourceToken":"f57d6fd0-2c70-4ab7-b944-19aed713bef8","buildEnvironmentVariables":{"GOOGLE_NODE_RUN_SCRIPTS":""}}
[2026-08-10T02:54:06.340Z] [queue] Retrying task index 5
[2026-08-10T02:54:06.340Z] Checked if tokens are valid: true, expires at: 1786331729344
[2026-08-10T02:54:06.340Z] Checked if tokens are valid: true, expires at: 1786331729344
[2026-08-10T02:54:06.341Z] >>> [apiv2][query] POST https://cloudfunctions.googleapis.com/v1/projects/refreshing-website/locations/us-central1/functions [none]
[2026-08-10T02:54:06.341Z] >>> [apiv2][body] POST https://cloudfunctions.googleapis.com/v1/projects/refreshing-website/locations/us-central1/functions {"name":"projects/refreshing-website/locations/us-central1/functions/syncCheckinView","sourceUploadUrl":"https://storage.googleapis.com/uploads-836972235469.us-central1.cloudfunctions.appspot.com/02c1e8fa-c1af-4e22-a011-38b11d0d0528.zip?GoogleAccessId=service-832093857842@gcf-admin-robot.iam.gserviceaccount.com&Expires=1786331467&Signature=VvDa9HDI3UGM%2FHi4yzU0DUDtxVA0ODbyjK8rjmhZpl77FapwR07yYG27cQvoJq%2FbMXoMdUggMWprpHUxcf63d7X8h7jiO6%2BSK2ngf0ma1u6LkFIZoa%2B%2BhfP4Unu%2BIQLcRs8jHKSJ2C8sXkOilNPe79mOMk3j7FUY9rXyKnX5%2FfOmcW%2F4hkPOqwpVLpIYBugYydoJERfEWFy9K%2BiV0LWOSGO352HW7CqGsJeH94c7yxILlbtxT0CeuMlbuDICtHh01cH2GPxtt0OyBMx4ZN9EzDxFrzQPR7z9zuLdS36mHKN6JhFDX6Nvc%2FRxcDM2DV5SHCcPUiaAa7qZ6QPoNWrVjQ%3D%3D","entryPoint":"syncCheckinView","runtime":"nodejs20","dockerRegistry":"ARTIFACT_REGISTRY","labels":{"deployment-tool":"cli-firebase","firebase-functions-hash":"74436fef8c2ebebe3f9c654a6faa2958a1c805fc"},"eventTrigger":{"eventType":"providers/cloud.firestore/eventTypes/document.write","resource":"projects/refreshing-website/databases/(default)/documents/events/{eventId}/attendees/{attendeeId}"},"minInstances":null,"maxInstances":null,"ingressSettings":null,"environmentVariables":{"FIREBASE_CONFIG":"{\"projectId\":\"refreshing-website\",\"storageBucket\":\"refreshing-website.firebasestorage.app\"}","GCLOUD_PROJECT":"refreshing-website","EVENTARC_CLOUD_EVENT_SOURCE":"projects/refreshing-website/locations/us-central1/functions/syncCheckinView"},"serviceAccountEmail":null,"availableMemoryMb":null,"timeout":null,"vpcConnector":null,"vpcConnectorEgressSettings":null,"sourceToken":"f57d6fd0-2c70-4ab7-b944-19aed713bef8","buildEnvironmentVariables":{"GOOGLE_NODE_RUN_SCRIPTS":""}}
[2026-08-10T02:54:06.346Z] [queue] Retrying task index 2
[2026-08-10T02:54:06.347Z] Checked if tokens are valid: true, expires at: 1786331729344
[2026-08-10T02:54:06.347Z] Checked if tokens are valid: true, expires at: 1786331729344
[2026-08-10T02:54:06.347Z] >>> [apiv2][query] POST https://cloudfunctions.googleapis.com/v1/projects/refreshing-website/locations/us-central1/functions [none]
[2026-08-10T02:54:06.348Z] >>> [apiv2][body] POST https://cloudfunctions.googleapis.com/v1/projects/refreshing-website/locations/us-central1/functions {"name":"projects/refreshing-website/locations/us-central1/functions/revokeUserAccess","sourceUploadUrl":"https://storage.googleapis.com/uploads-836972235469.us-central1.cloudfunctions.appspot.com/02c1e8fa-c1af-4e22-a011-38b11d0d0528.zip?GoogleAccessId=service-832093857842@gcf-admin-robot.iam.gserviceaccount.com&Expires=1786331467&Signature=VvDa9HDI3UGM%2FHi4yzU0DUDtxVA0ODbyjK8rjmhZpl77FapwR07yYG27cQvoJq%2FbMXoMdUggMWprpHUxcf63d7X8h7jiO6%2BSK2ngf0ma1u6LkFIZoa%2B%2BhfP4Unu%2BIQLcRs8jHKSJ2C8sXkOilNPe79mOMk3j7FUY9rXyKnX5%2FfOmcW%2F4hkPOqwpVLpIYBugYydoJERfEWFy9K%2BiV0LWOSGO352HW7CqGsJeH94c7yxILlbtxT0CeuMlbuDICtHh01cH2GPxtt0OyBMx4ZN9EzDxFrzQPR7z9zuLdS36mHKN6JhFDX6Nvc%2FRxcDM2DV5SHCcPUiaAa7qZ6QPoNWrVjQ%3D%3D","entryPoint":"revokeUserAccess","runtime":"nodejs20","dockerRegistry":"ARTIFACT_REGISTRY","labels":{"deployment-tool":"cli-firebase","deployment-callable":"true","firebase-functions-hash":"74436fef8c2ebebe3f9c654a6faa2958a1c805fc"},"httpsTrigger":{"securityLevel":"SECURE_ALWAYS"},"minInstances":null,"maxInstances":null,"ingressSettings":null,"environmentVariables":{"FIREBASE_CONFIG":"{\"projectId\":\"refreshing-website\",\"storageBucket\":\"refreshing-website.firebasestorage.app\"}","GCLOUD_PROJECT":"refreshing-website","EVENTARC_CLOUD_EVENT_SOURCE":"projects/refreshing-website/locations/us-central1/functions/revokeUserAccess"},"serviceAccountEmail":null,"availableMemoryMb":null,"timeout":null,"vpcConnector":null,"vpcConnectorEgressSettings":null,"sourceToken":"f57d6fd0-2c70-4ab7-b944-19aed713bef8","buildEnvironmentVariables":{"GOOGLE_NODE_RUN_SCRIPTS":""}}
[2026-08-10T02:54:06.355Z] [queue] Retrying task index 11
[2026-08-10T02:54:06.355Z] Checked if tokens are valid: true, expires at: 1786331729344
[2026-08-10T02:54:06.356Z] Checked if tokens are valid: true, expires at: 1786331729344
[2026-08-10T02:54:06.356Z] >>> [apiv2][query] POST https://cloudfunctions.googleapis.com/v1/projects/refreshing-website/locations/us-central1/functions [none]
[2026-08-10T02:54:06.356Z] >>> [apiv2][body] POST https://cloudfunctions.googleapis.com/v1/projects/refreshing-website/locations/us-central1/functions {"name":"projects/refreshing-website/locations/us-central1/functions/provisionAdminAccount","sourceUploadUrl":"https://storage.googleapis.com/uploads-836972235469.us-central1.cloudfunctions.appspot.com/02c1e8fa-c1af-4e22-a011-38b11d0d0528.zip?GoogleAccessId=service-832093857842@gcf-admin-robot.iam.gserviceaccount.com&Expires=1786331467&Signature=VvDa9HDI3UGM%2FHi4yzU0DUDtxVA0ODbyjK8rjmhZpl77FapwR07yYG27cQvoJq%2FbMXoMdUggMWprpHUxcf63d7X8h7jiO6%2BSK2ngf0ma1u6LkFIZoa%2B%2BhfP4Unu%2BIQLcRs8jHKSJ2C8sXkOilNPe79mOMk3j7FUY9rXyKnX5%2FfOmcW%2F4hkPOqwpVLpIYBugYydoJERfEWFy9K%2BiV0LWOSGO352HW7CqGsJeH94c7yxILlbtxT0CeuMlbuDICtHh01cH2GPxtt0OyBMx4ZN9EzDxFrzQPR7z9zuLdS36mHKN6JhFDX6Nvc%2FRxcDM2DV5SHCcPUiaAa7qZ6QPoNWrVjQ%3D%3D","entryPoint":"provisionAdminAccount","runtime":"nodejs20","dockerRegistry":"ARTIFACT_REGISTRY","labels":{"deployment-tool":"cli-firebase","deployment-callable":"true","firebase-functions-hash":"74436fef8c2ebebe3f9c654a6faa2958a1c805fc"},"httpsTrigger":{"securityLevel":"SECURE_ALWAYS"},"minInstances":null,"maxInstances":null,"ingressSettings":null,"environmentVariables":{"FIREBASE_CONFIG":"{\"projectId\":\"refreshing-website\",\"storageBucket\":\"refreshing-website.firebasestorage.app\"}","GCLOUD_PROJECT":"refreshing-website","EVENTARC_CLOUD_EVENT_SOURCE":"projects/refreshing-website/locations/us-central1/functions/provisionAdminAccount"},"serviceAccountEmail":null,"availableMemoryMb":null,"timeout":null,"vpcConnector":null,"vpcConnectorEgressSettings":null,"sourceToken":"f57d6fd0-2c70-4ab7-b944-19aed713bef8","buildEnvironmentVariables":{"GOOGLE_NODE_RUN_SCRIPTS":""}}
[2026-08-10T02:54:06.358Z] [queue] Retrying task index 1
[2026-08-10T02:54:06.359Z] Checked if tokens are valid: true, expires at: 1786331729344
[2026-08-10T02:54:06.359Z] Checked if tokens are valid: true, expires at: 1786331729344
[2026-08-10T02:54:06.359Z] >>> [apiv2][query] POST https://cloudfunctions.googleapis.com/v1/projects/refreshing-website/locations/us-central1/functions [none]
[2026-08-10T02:54:06.359Z] >>> [apiv2][body] POST https://cloudfunctions.googleapis.com/v1/projects/refreshing-website/locations/us-central1/functions {"name":"projects/refreshing-website/locations/us-central1/functions/setUserRole","sourceUploadUrl":"https://storage.googleapis.com/uploads-836972235469.us-central1.cloudfunctions.appspot.com/02c1e8fa-c1af-4e22-a011-38b11d0d0528.zip?GoogleAccessId=service-832093857842@gcf-admin-robot.iam.gserviceaccount.com&Expires=1786331467&Signature=VvDa9HDI3UGM%2FHi4yzU0DUDtxVA0ODbyjK8rjmhZpl77FapwR07yYG27cQvoJq%2FbMXoMdUggMWprpHUxcf63d7X8h7jiO6%2BSK2ngf0ma1u6LkFIZoa%2B%2BhfP4Unu%2BIQLcRs8jHKSJ2C8sXkOilNPe79mOMk3j7FUY9rXyKnX5%2FfOmcW%2F4hkPOqwpVLpIYBugYydoJERfEWFy9K%2BiV0LWOSGO352HW7CqGsJeH94c7yxILlbtxT0CeuMlbuDICtHh01cH2GPxtt0OyBMx4ZN9EzDxFrzQPR7z9zuLdS36mHKN6JhFDX6Nvc%2FRxcDM2DV5SHCcPUiaAa7qZ6QPoNWrVjQ%3D%3D","entryPoint":"setUserRole","runtime":"nodejs20","dockerRegistry":"ARTIFACT_REGISTRY","labels":{"deployment-tool":"cli-firebase","deployment-callable":"true","firebase-functions-hash":"74436fef8c2ebebe3f9c654a6faa2958a1c805fc"},"httpsTrigger":{"securityLevel":"SECURE_ALWAYS"},"minInstances":null,"maxInstances":null,"ingressSettings":null,"environmentVariables":{"FIREBASE_CONFIG":"{\"projectId\":\"refreshing-website\",\"storageBucket\":\"refreshing-website.firebasestorage.app\"}","GCLOUD_PROJECT":"refreshing-website","EVENTARC_CLOUD_EVENT_SOURCE":"projects/refreshing-website/locations/us-central1/functions/setUserRole"},"serviceAccountEmail":null,"availableMemoryMb":null,"timeout":null,"vpcConnector":null,"vpcConnectorEgressSettings":null,"sourceToken":"f57d6fd0-2c70-4ab7-b944-19aed713bef8","buildEnvironmentVariables":{"GOOGLE_NODE_RUN_SCRIPTS":""}}
[2026-08-10T02:54:06.361Z] [queue] Retrying task index 9
[2026-08-10T02:54:06.362Z] Checked if tokens are valid: true, expires at: 1786331729344
[2026-08-10T02:54:06.362Z] Checked if tokens are valid: true, expires at: 1786331729344
[2026-08-10T02:54:06.362Z] >>> [apiv2][query] POST https://cloudfunctions.googleapis.com/v1/projects/refreshing-website/locations/us-central1/functions [none]
[2026-08-10T02:54:06.362Z] >>> [apiv2][body] POST https://cloudfunctions.googleapis.com/v1/projects/refreshing-website/locations/us-central1/functions {"name":"projects/refreshing-website/locations/us-central1/functions/purgeTrash","sourceUploadUrl":"https://storage.googleapis.com/uploads-836972235469.us-central1.cloudfunctions.appspot.com/02c1e8fa-c1af-4e22-a011-38b11d0d0528.zip?GoogleAccessId=service-832093857842@gcf-admin-robot.iam.gserviceaccount.com&Expires=1786331467&Signature=VvDa9HDI3UGM%2FHi4yzU0DUDtxVA0ODbyjK8rjmhZpl77FapwR07yYG27cQvoJq%2FbMXoMdUggMWprpHUxcf63d7X8h7jiO6%2BSK2ngf0ma1u6LkFIZoa%2B%2BhfP4Unu%2BIQLcRs8jHKSJ2C8sXkOilNPe79mOMk3j7FUY9rXyKnX5%2FfOmcW%2F4hkPOqwpVLpIYBugYydoJERfEWFy9K%2BiV0LWOSGO352HW7CqGsJeH94c7yxILlbtxT0CeuMlbuDICtHh01cH2GPxtt0OyBMx4ZN9EzDxFrzQPR7z9zuLdS36mHKN6JhFDX6Nvc%2FRxcDM2DV5SHCcPUiaAa7qZ6QPoNWrVjQ%3D%3D","entryPoint":"purgeTrash","runtime":"nodejs20","dockerRegistry":"ARTIFACT_REGISTRY","labels":{"deployment-tool":"cli-firebase","deployment-scheduled":"true","firebase-functions-hash":"74436fef8c2ebebe3f9c654a6faa2958a1c805fc"},"eventTrigger":{"eventType":"google.pubsub.topic.publish","resource":"projects/refreshing-website/topics/firebase-schedule-purgeTrash-us-central1"},"minInstances":null,"maxInstances":null,"ingressSettings":null,"environmentVariables":{"FIREBASE_CONFIG":"{\"projectId\":\"refreshing-website\",\"storageBucket\":\"refreshing-website.firebasestorage.app\"}","GCLOUD_PROJECT":"refreshing-website","EVENTARC_CLOUD_EVENT_SOURCE":"projects/refreshing-website/locations/us-central1/functions/purgeTrash"},"serviceAccountEmail":null,"availableMemoryMb":null,"timeout":null,"vpcConnector":null,"vpcConnectorEgressSettings":null,"sourceToken":"f57d6fd0-2c70-4ab7-b944-19aed713bef8","buildEnvironmentVariables":{"GOOGLE_NODE_RUN_SCRIPTS":""}}
[2026-08-10T02:54:06.402Z] [queue] Retrying task index 3
[2026-08-10T02:54:06.403Z] Checked if tokens are valid: true, expires at: 1786331729344
[2026-08-10T02:54:06.403Z] Checked if tokens are valid: true, expires at: 1786331729344
[2026-08-10T02:54:06.403Z] >>> [apiv2][query] POST https://cloudfunctions.googleapis.com/v1/projects/refreshing-website/locations/us-central1/functions [none]
[2026-08-10T02:54:06.403Z] >>> [apiv2][body] POST https://cloudfunctions.googleapis.com/v1/projects/refreshing-website/locations/us-central1/functions {"name":"projects/refreshing-website/locations/us-central1/functions/markCheckedIn","sourceUploadUrl":"https://storage.googleapis.com/uploads-836972235469.us-central1.cloudfunctions.appspot.com/02c1e8fa-c1af-4e22-a011-38b11d0d0528.zip?GoogleAccessId=service-832093857842@gcf-admin-robot.iam.gserviceaccount.com&Expires=1786331467&Signature=VvDa9HDI3UGM%2FHi4yzU0DUDtxVA0ODbyjK8rjmhZpl77FapwR07yYG27cQvoJq%2FbMXoMdUggMWprpHUxcf63d7X8h7jiO6%2BSK2ngf0ma1u6LkFIZoa%2B%2BhfP4Unu%2BIQLcRs8jHKSJ2C8sXkOilNPe79mOMk3j7FUY9rXyKnX5%2FfOmcW%2F4hkPOqwpVLpIYBugYydoJERfEWFy9K%2BiV0LWOSGO352HW7CqGsJeH94c7yxILlbtxT0CeuMlbuDICtHh01cH2GPxtt0OyBMx4ZN9EzDxFrzQPR7z9zuLdS36mHKN6JhFDX6Nvc%2FRxcDM2DV5SHCcPUiaAa7qZ6QPoNWrVjQ%3D%3D","entryPoint":"markCheckedIn","runtime":"nodejs20","dockerRegistry":"ARTIFACT_REGISTRY","labels":{"deployment-tool":"cli-firebase","deployment-callable":"true","firebase-functions-hash":"74436fef8c2ebebe3f9c654a6faa2958a1c805fc"},"httpsTrigger":{"securityLevel":"SECURE_ALWAYS"},"minInstances":null,"maxInstances":null,"ingressSettings":null,"environmentVariables":{"FIREBASE_CONFIG":"{\"projectId\":\"refreshing-website\",\"storageBucket\":\"refreshing-website.firebasestorage.app\"}","GCLOUD_PROJECT":"refreshing-website","EVENTARC_CLOUD_EVENT_SOURCE":"projects/refreshing-website/locations/us-central1/functions/markCheckedIn"},"serviceAccountEmail":null,"availableMemoryMb":null,"timeout":null,"vpcConnector":null,"vpcConnectorEgressSettings":null,"sourceToken":"f57d6fd0-2c70-4ab7-b944-19aed713bef8","buildEnvironmentVariables":{"GOOGLE_NODE_RUN_SCRIPTS":""}}
[2026-08-10T02:54:06.407Z] [queue] Retrying task index 8
[2026-08-10T02:54:06.407Z] Checked if tokens are valid: true, expires at: 1786331729344
[2026-08-10T02:54:06.407Z] Checked if tokens are valid: true, expires at: 1786331729344
[2026-08-10T02:54:06.407Z] >>> [apiv2][query] POST https://cloudfunctions.googleapis.com/v1/projects/refreshing-website/locations/us-central1/functions [none]
[2026-08-10T02:54:06.407Z] >>> [apiv2][body] POST https://cloudfunctions.googleapis.com/v1/projects/refreshing-website/locations/us-central1/functions {"name":"projects/refreshing-website/locations/us-central1/functions/auditAttendeesWrite","sourceUploadUrl":"https://storage.googleapis.com/uploads-836972235469.us-central1.cloudfunctions.appspot.com/02c1e8fa-c1af-4e22-a011-38b11d0d0528.zip?GoogleAccessId=service-832093857842@gcf-admin-robot.iam.gserviceaccount.com&Expires=1786331467&Signature=VvDa9HDI3UGM%2FHi4yzU0DUDtxVA0ODbyjK8rjmhZpl77FapwR07yYG27cQvoJq%2FbMXoMdUggMWprpHUxcf63d7X8h7jiO6%2BSK2ngf0ma1u6LkFIZoa%2B%2BhfP4Unu%2BIQLcRs8jHKSJ2C8sXkOilNPe79mOMk3j7FUY9rXyKnX5%2FfOmcW%2F4hkPOqwpVLpIYBugYydoJERfEWFy9K%2BiV0LWOSGO352HW7CqGsJeH94c7yxILlbtxT0CeuMlbuDICtHh01cH2GPxtt0OyBMx4ZN9EzDxFrzQPR7z9zuLdS36mHKN6JhFDX6Nvc%2FRxcDM2DV5SHCcPUiaAa7qZ6QPoNWrVjQ%3D%3D","entryPoint":"auditAttendeesWrite","runtime":"nodejs20","dockerRegistry":"ARTIFACT_REGISTRY","labels":{"deployment-tool":"cli-firebase","firebase-functions-hash":"74436fef8c2ebebe3f9c654a6faa2958a1c805fc"},"eventTrigger":{"eventType":"providers/cloud.firestore/eventTypes/document.write","resource":"projects/refreshing-website/databases/(default)/documents/events/{eventId}/attendees/{attendeeId}"},"minInstances":null,"maxInstances":null,"ingressSettings":null,"environmentVariables":{"FIREBASE_CONFIG":"{\"projectId\":\"refreshing-website\",\"storageBucket\":\"refreshing-website.firebasestorage.app\"}","GCLOUD_PROJECT":"refreshing-website","EVENTARC_CLOUD_EVENT_SOURCE":"projects/refreshing-website/locations/us-central1/functions/auditAttendeesWrite"},"serviceAccountEmail":null,"availableMemoryMb":null,"timeout":null,"vpcConnector":null,"vpcConnectorEgressSettings":null,"sourceToken":"f57d6fd0-2c70-4ab7-b944-19aed713bef8","buildEnvironmentVariables":{"GOOGLE_NODE_RUN_SCRIPTS":""}}
[2026-08-10T02:54:06.411Z] [queue] Retrying task index 4
[2026-08-10T02:54:06.412Z] Checked if tokens are valid: true, expires at: 1786331729344
[2026-08-10T02:54:06.412Z] Checked if tokens are valid: true, expires at: 1786331729344
[2026-08-10T02:54:06.412Z] >>> [apiv2][query] POST https://cloudfunctions.googleapis.com/v1/projects/refreshing-website/locations/us-central1/functions [none]
[2026-08-10T02:54:06.412Z] >>> [apiv2][body] POST https://cloudfunctions.googleapis.com/v1/projects/refreshing-website/locations/us-central1/functions {"name":"projects/refreshing-website/locations/us-central1/functions/undoCheckIn","sourceUploadUrl":"https://storage.googleapis.com/uploads-836972235469.us-central1.cloudfunctions.appspot.com/02c1e8fa-c1af-4e22-a011-38b11d0d0528.zip?GoogleAccessId=service-832093857842@gcf-admin-robot.iam.gserviceaccount.com&Expires=1786331467&Signature=VvDa9HDI3UGM%2FHi4yzU0DUDtxVA0ODbyjK8rjmhZpl77FapwR07yYG27cQvoJq%2FbMXoMdUggMWprpHUxcf63d7X8h7jiO6%2BSK2ngf0ma1u6LkFIZoa%2B%2BhfP4Unu%2BIQLcRs8jHKSJ2C8sXkOilNPe79mOMk3j7FUY9rXyKnX5%2FfOmcW%2F4hkPOqwpVLpIYBugYydoJERfEWFy9K%2BiV0LWOSGO352HW7CqGsJeH94c7yxILlbtxT0CeuMlbuDICtHh01cH2GPxtt0OyBMx4ZN9EzDxFrzQPR7z9zuLdS36mHKN6JhFDX6Nvc%2FRxcDM2DV5SHCcPUiaAa7qZ6QPoNWrVjQ%3D%3D","entryPoint":"undoCheckIn","runtime":"nodejs20","dockerRegistry":"ARTIFACT_REGISTRY","labels":{"deployment-tool":"cli-firebase","deployment-callable":"true","firebase-functions-hash":"74436fef8c2ebebe3f9c654a6faa2958a1c805fc"},"httpsTrigger":{"securityLevel":"SECURE_ALWAYS"},"minInstances":null,"maxInstances":null,"ingressSettings":null,"environmentVariables":{"FIREBASE_CONFIG":"{\"projectId\":\"refreshing-website\",\"storageBucket\":\"refreshing-website.firebasestorage.app\"}","GCLOUD_PROJECT":"refreshing-website","EVENTARC_CLOUD_EVENT_SOURCE":"projects/refreshing-website/locations/us-central1/functions/undoCheckIn"},"serviceAccountEmail":null,"availableMemoryMb":null,"timeout":null,"vpcConnector":null,"vpcConnectorEgressSettings":null,"sourceToken":"f57d6fd0-2c70-4ab7-b944-19aed713bef8","buildEnvironmentVariables":{"GOOGLE_NODE_RUN_SCRIPTS":""}}
[2026-08-10T02:54:06.934Z] <<< [apiv2][status] POST https://cloudfunctions.googleapis.com/v1/projects/refreshing-website/locations/us-central1/functions 409
[2026-08-10T02:54:06.934Z] <<< [apiv2][body] POST https://cloudfunctions.googleapis.com/v1/projects/refreshing-website/locations/us-central1/functions {"error":{"code":409,"message":"Failed to create 1st Gen function projects/refreshing-website/locations/us-central1/functions/purgeTrash: Function purgeTrash in region us-central1 in project refreshing-website already exists","status":"ALREADY_EXISTS"}}
!  functions: failed to create function projects/refreshing-website/locations/us-central1/functions/purgeTrash 
[2026-08-10T02:54:06.952Z] <<< [apiv2][status] POST https://cloudfunctions.googleapis.com/v1/projects/refreshing-website/locations/us-central1/functions 409
[2026-08-10T02:54:06.953Z] <<< [apiv2][body] POST https://cloudfunctions.googleapis.com/v1/projects/refreshing-website/locations/us-central1/functions {"error":{"code":409,"message":"Failed to create 1st Gen function projects/refreshing-website/locations/us-central1/functions/auditSessionsWrite: Function auditSessionsWrite in region us-central1 in project refreshing-website already exists","status":"ALREADY_EXISTS"}}
!  functions: failed to create function projects/refreshing-website/locations/us-central1/functions/auditSessionsWrite 
[2026-08-10T02:54:06.955Z] <<< [apiv2][status] POST https://cloudfunctions.googleapis.com/v1/projects/refreshing-website/locations/us-central1/functions 409
[2026-08-10T02:54:06.955Z] <<< [apiv2][body] POST https://cloudfunctions.googleapis.com/v1/projects/refreshing-website/locations/us-central1/functions {"error":{"code":409,"message":"Failed to create 1st Gen function projects/refreshing-website/locations/us-central1/functions/revokeUserAccess: Function revokeUserAccess in region us-central1 in project refreshing-website already exists","status":"ALREADY_EXISTS"}}
!  functions: failed to create function projects/refreshing-website/locations/us-central1/functions/revokeUserAccess 
[2026-08-10T02:54:06.959Z] <<< [apiv2][status] POST https://cloudfunctions.googleapis.com/v1/projects/refreshing-website/locations/us-central1/functions 409
[2026-08-10T02:54:06.959Z] <<< [apiv2][body] POST https://cloudfunctions.googleapis.com/v1/projects/refreshing-website/locations/us-central1/functions {"error":{"code":409,"message":"Failed to create 1st Gen function projects/refreshing-website/locations/us-central1/functions/undoCheckIn: Function undoCheckIn in region us-central1 in project refreshing-website already exists","status":"ALREADY_EXISTS"}}
!  functions: failed to create function projects/refreshing-website/locations/us-central1/functions/undoCheckIn 
[2026-08-10T02:54:06.976Z] <<< [apiv2][status] POST https://cloudfunctions.googleapis.com/v1/projects/refreshing-website/locations/us-central1/functions 409
[2026-08-10T02:54:06.976Z] <<< [apiv2][body] POST https://cloudfunctions.googleapis.com/v1/projects/refreshing-website/locations/us-central1/functions {"error":{"code":409,"message":"Failed to create 1st Gen function projects/refreshing-website/locations/us-central1/functions/provisionAdminAccount: Function provisionAdminAccount in region us-central1 in project refreshing-website already exists","status":"ALREADY_EXISTS"}}
!  functions: failed to create function projects/refreshing-website/locations/us-central1/functions/provisionAdminAccount 
[2026-08-10T02:54:06.977Z] <<< [apiv2][status] POST https://cloudfunctions.googleapis.com/v1/projects/refreshing-website/locations/us-central1/functions 409
[2026-08-10T02:54:06.977Z] <<< [apiv2][body] POST https://cloudfunctions.googleapis.com/v1/projects/refreshing-website/locations/us-central1/functions {"error":{"code":409,"message":"Failed to create 1st Gen function projects/refreshing-website/locations/us-central1/functions/setUserRole: Function setUserRole in region us-central1 in project refreshing-website already exists","status":"ALREADY_EXISTS"}}
!  functions: failed to create function projects/refreshing-website/locations/us-central1/functions/setUserRole 
[2026-08-10T02:54:06.978Z] <<< [apiv2][status] POST https://cloudfunctions.googleapis.com/v1/projects/refreshing-website/locations/us-central1/functions 409
[2026-08-10T02:54:06.979Z] <<< [apiv2][body] POST https://cloudfunctions.googleapis.com/v1/projects/refreshing-website/locations/us-central1/functions {"error":{"code":409,"message":"Failed to create 1st Gen function projects/refreshing-website/locations/us-central1/functions/auditMinistersWrite: Function auditMinistersWrite in region us-central1 in project refreshing-website already exists","status":"ALREADY_EXISTS"}}
!  functions: failed to create function projects/refreshing-website/locations/us-central1/functions/auditMinistersWrite 
[2026-08-10T02:54:06.980Z] <<< [apiv2][status] POST https://cloudfunctions.googleapis.com/v1/projects/refreshing-website/locations/us-central1/functions 409
[2026-08-10T02:54:06.980Z] <<< [apiv2][body] POST https://cloudfunctions.googleapis.com/v1/projects/refreshing-website/locations/us-central1/functions {"error":{"code":409,"message":"Failed to create 1st Gen function projects/refreshing-website/locations/us-central1/functions/syncCheckinView: Function syncCheckinView in region us-central1 in project refreshing-website already exists","status":"ALREADY_EXISTS"}}
!  functions: failed to create function projects/refreshing-website/locations/us-central1/functions/syncCheckinView 
[2026-08-10T02:54:06.990Z] <<< [apiv2][status] POST https://cloudfunctions.googleapis.com/v1/projects/refreshing-website/locations/us-central1/functions 409
[2026-08-10T02:54:06.990Z] <<< [apiv2][body] POST https://cloudfunctions.googleapis.com/v1/projects/refreshing-website/locations/us-central1/functions {"error":{"code":409,"message":"Failed to create 1st Gen function projects/refreshing-website/locations/us-central1/functions/markCheckedIn: Function markCheckedIn in region us-central1 in project refreshing-website already exists","status":"ALREADY_EXISTS"}}
!  functions: failed to create function projects/refreshing-website/locations/us-central1/functions/markCheckedIn 
[2026-08-10T02:54:06.992Z] <<< [apiv2][status] POST https://cloudfunctions.googleapis.com/v1/projects/refreshing-website/locations/us-central1/functions 409
[2026-08-10T02:54:06.993Z] <<< [apiv2][body] POST https://cloudfunctions.googleapis.com/v1/projects/refreshing-website/locations/us-central1/functions {"error":{"code":409,"message":"Failed to create 1st Gen function projects/refreshing-website/locations/us-central1/functions/auditAttendeesWrite: Function auditAttendeesWrite in region us-central1 in project refreshing-website already exists","status":"ALREADY_EXISTS"}}
!  functions: failed to create function projects/refreshing-website/locations/us-central1/functions/auditAttendeesWrite 
[2026-08-10T02:54:06.995Z] <<< [apiv2][status] POST https://cloudfunctions.googleapis.com/v1/projects/refreshing-website/locations/us-central1/functions 409
[2026-08-10T02:54:06.995Z] <<< [apiv2][body] POST https://cloudfunctions.googleapis.com/v1/projects/refreshing-website/locations/us-central1/functions {"error":{"code":409,"message":"Failed to create 1st Gen function projects/refreshing-website/locations/us-central1/functions/pruneVersionHistory: Function pruneVersionHistory in region us-central1 in project refreshing-website already exists","status":"ALREADY_EXISTS"}}
!  functions: failed to create function projects/refreshing-website/locations/us-central1/functions/pruneVersionHistory 
[2026-08-10T02:55:46.937Z] [queue] Retrying task index 9
[2026-08-10T02:55:46.938Z] Checked if tokens are valid: true, expires at: 1786331729344
[2026-08-10T02:55:46.938Z] Checked if tokens are valid: true, expires at: 1786331729344
[2026-08-10T02:55:46.938Z] >>> [apiv2][query] POST https://cloudfunctions.googleapis.com/v1/projects/refreshing-website/locations/us-central1/functions [none]
[2026-08-10T02:55:46.939Z] >>> [apiv2][body] POST https://cloudfunctions.googleapis.com/v1/projects/refreshing-website/locations/us-central1/functions {"name":"projects/refreshing-website/locations/us-central1/functions/purgeTrash","sourceUploadUrl":"https://storage.googleapis.com/uploads-836972235469.us-central1.cloudfunctions.appspot.com/02c1e8fa-c1af-4e22-a011-38b11d0d0528.zip?GoogleAccessId=service-832093857842@gcf-admin-robot.iam.gserviceaccount.com&Expires=1786331467&Signature=VvDa9HDI3UGM%2FHi4yzU0DUDtxVA0ODbyjK8rjmhZpl77FapwR07yYG27cQvoJq%2FbMXoMdUggMWprpHUxcf63d7X8h7jiO6%2BSK2ngf0ma1u6LkFIZoa%2B%2BhfP4Unu%2BIQLcRs8jHKSJ2C8sXkOilNPe79mOMk3j7FUY9rXyKnX5%2FfOmcW%2F4hkPOqwpVLpIYBugYydoJERfEWFy9K%2BiV0LWOSGO352HW7CqGsJeH94c7yxILlbtxT0CeuMlbuDICtHh01cH2GPxtt0OyBMx4ZN9EzDxFrzQPR7z9zuLdS36mHKN6JhFDX6Nvc%2FRxcDM2DV5SHCcPUiaAa7qZ6QPoNWrVjQ%3D%3D","entryPoint":"purgeTrash","runtime":"nodejs20","dockerRegistry":"ARTIFACT_REGISTRY","labels":{"deployment-tool":"cli-firebase","deployment-scheduled":"true","firebase-functions-hash":"74436fef8c2ebebe3f9c654a6faa2958a1c805fc"},"eventTrigger":{"eventType":"google.pubsub.topic.publish","resource":"projects/refreshing-website/topics/firebase-schedule-purgeTrash-us-central1"},"minInstances":null,"maxInstances":null,"ingressSettings":null,"environmentVariables":{"FIREBASE_CONFIG":"{\"projectId\":\"refreshing-website\",\"storageBucket\":\"refreshing-website.firebasestorage.app\"}","GCLOUD_PROJECT":"refreshing-website","EVENTARC_CLOUD_EVENT_SOURCE":"projects/refreshing-website/locations/us-central1/functions/purgeTrash"},"serviceAccountEmail":null,"availableMemoryMb":null,"timeout":null,"vpcConnector":null,"vpcConnectorEgressSettings":null,"sourceToken":"f57d6fd0-2c70-4ab7-b944-19aed713bef8","buildEnvironmentVariables":{"GOOGLE_NODE_RUN_SCRIPTS":""}}
[2026-08-10T02:55:46.954Z] [queue] Retrying task index 7
[2026-08-10T02:55:46.955Z] Checked if tokens are valid: true, expires at: 1786331729344
[2026-08-10T02:55:46.956Z] Checked if tokens are valid: true, expires at: 1786331729344
[2026-08-10T02:55:46.956Z] >>> [apiv2][query] POST https://cloudfunctions.googleapis.com/v1/projects/refreshing-website/locations/us-central1/functions [none]
[2026-08-10T02:55:46.957Z] >>> [apiv2][body] POST https://cloudfunctions.googleapis.com/v1/projects/refreshing-website/locations/us-central1/functions {"name":"projects/refreshing-website/locations/us-central1/functions/auditSessionsWrite","sourceUploadUrl":"https://storage.googleapis.com/uploads-836972235469.us-central1.cloudfunctions.appspot.com/02c1e8fa-c1af-4e22-a011-38b11d0d0528.zip?GoogleAccessId=service-832093857842@gcf-admin-robot.iam.gserviceaccount.com&Expires=1786331467&Signature=VvDa9HDI3UGM%2FHi4yzU0DUDtxVA0ODbyjK8rjmhZpl77FapwR07yYG27cQvoJq%2FbMXoMdUggMWprpHUxcf63d7X8h7jiO6%2BSK2ngf0ma1u6LkFIZoa%2B%2BhfP4Unu%2BIQLcRs8jHKSJ2C8sXkOilNPe79mOMk3j7FUY9rXyKnX5%2FfOmcW%2F4hkPOqwpVLpIYBugYydoJERfEWFy9K%2BiV0LWOSGO352HW7CqGsJeH94c7yxILlbtxT0CeuMlbuDICtHh01cH2GPxtt0OyBMx4ZN9EzDxFrzQPR7z9zuLdS36mHKN6JhFDX6Nvc%2FRxcDM2DV5SHCcPUiaAa7qZ6QPoNWrVjQ%3D%3D","entryPoint":"auditSessionsWrite","runtime":"nodejs20","dockerRegistry":"ARTIFACT_REGISTRY","labels":{"deployment-tool":"cli-firebase","firebase-functions-hash":"74436fef8c2ebebe3f9c654a6faa2958a1c805fc"},"eventTrigger":{"eventType":"providers/cloud.firestore/eventTypes/document.write","resource":"projects/refreshing-website/databases/(default)/documents/events/{eventId}/sessions/{sessionId}"},"minInstances":null,"maxInstances":null,"ingressSettings":null,"environmentVariables":{"FIREBASE_CONFIG":"{\"projectId\":\"refreshing-website\",\"storageBucket\":\"refreshing-website.firebasestorage.app\"}","GCLOUD_PROJECT":"refreshing-website","EVENTARC_CLOUD_EVENT_SOURCE":"projects/refreshing-website/locations/us-central1/functions/auditSessionsWrite"},"serviceAccountEmail":null,"availableMemoryMb":null,"timeout":null,"vpcConnector":null,"vpcConnectorEgressSettings":null,"sourceToken":"f57d6fd0-2c70-4ab7-b944-19aed713bef8","buildEnvironmentVariables":{"GOOGLE_NODE_RUN_SCRIPTS":""}}
[2026-08-10T02:55:46.967Z] [queue] Retrying task index 2
[2026-08-10T02:55:46.967Z] Checked if tokens are valid: true, expires at: 1786331729344
[2026-08-10T02:55:46.967Z] Checked if tokens are valid: true, expires at: 1786331729344
[2026-08-10T02:55:46.967Z] >>> [apiv2][query] POST https://cloudfunctions.googleapis.com/v1/projects/refreshing-website/locations/us-central1/functions [none]
[2026-08-10T02:55:46.967Z] >>> [apiv2][body] POST https://cloudfunctions.googleapis.com/v1/projects/refreshing-website/locations/us-central1/functions {"name":"projects/refreshing-website/locations/us-central1/functions/revokeUserAccess","sourceUploadUrl":"https://storage.googleapis.com/uploads-836972235469.us-central1.cloudfunctions.appspot.com/02c1e8fa-c1af-4e22-a011-38b11d0d0528.zip?GoogleAccessId=service-832093857842@gcf-admin-robot.iam.gserviceaccount.com&Expires=1786331467&Signature=VvDa9HDI3UGM%2FHi4yzU0DUDtxVA0ODbyjK8rjmhZpl77FapwR07yYG27cQvoJq%2FbMXoMdUggMWprpHUxcf63d7X8h7jiO6%2BSK2ngf0ma1u6LkFIZoa%2B%2BhfP4Unu%2BIQLcRs8jHKSJ2C8sXkOilNPe79mOMk3j7FUY9rXyKnX5%2FfOmcW%2F4hkPOqwpVLpIYBugYydoJERfEWFy9K%2BiV0LWOSGO352HW7CqGsJeH94c7yxILlbtxT0CeuMlbuDICtHh01cH2GPxtt0OyBMx4ZN9EzDxFrzQPR7z9zuLdS36mHKN6JhFDX6Nvc%2FRxcDM2DV5SHCcPUiaAa7qZ6QPoNWrVjQ%3D%3D","entryPoint":"revokeUserAccess","runtime":"nodejs20","dockerRegistry":"ARTIFACT_REGISTRY","labels":{"deployment-tool":"cli-firebase","deployment-callable":"true","firebase-functions-hash":"74436fef8c2ebebe3f9c654a6faa2958a1c805fc"},"httpsTrigger":{"securityLevel":"SECURE_ALWAYS"},"minInstances":null,"maxInstances":null,"ingressSettings":null,"environmentVariables":{"FIREBASE_CONFIG":"{\"projectId\":\"refreshing-website\",\"storageBucket\":\"refreshing-website.firebasestorage.app\"}","GCLOUD_PROJECT":"refreshing-website","EVENTARC_CLOUD_EVENT_SOURCE":"projects/refreshing-website/locations/us-central1/functions/revokeUserAccess"},"serviceAccountEmail":null,"availableMemoryMb":null,"timeout":null,"vpcConnector":null,"vpcConnectorEgressSettings":null,"sourceToken":"f57d6fd0-2c70-4ab7-b944-19aed713bef8","buildEnvironmentVariables":{"GOOGLE_NODE_RUN_SCRIPTS":""}}
[2026-08-10T02:55:46.971Z] [queue] Retrying task index 4
[2026-08-10T02:55:46.971Z] Checked if tokens are valid: true, expires at: 1786331729344
[2026-08-10T02:55:46.971Z] Checked if tokens are valid: true, expires at: 1786331729344
[2026-08-10T02:55:46.972Z] >>> [apiv2][query] POST https://cloudfunctions.googleapis.com/v1/projects/refreshing-website/locations/us-central1/functions [none]
[2026-08-10T02:55:46.972Z] >>> [apiv2][body] POST https://cloudfunctions.googleapis.com/v1/projects/refreshing-website/locations/us-central1/functions {"name":"projects/refreshing-website/locations/us-central1/functions/undoCheckIn","sourceUploadUrl":"https://storage.googleapis.com/uploads-836972235469.us-central1.cloudfunctions.appspot.com/02c1e8fa-c1af-4e22-a011-38b11d0d0528.zip?GoogleAccessId=service-832093857842@gcf-admin-robot.iam.gserviceaccount.com&Expires=1786331467&Signature=VvDa9HDI3UGM%2FHi4yzU0DUDtxVA0ODbyjK8rjmhZpl77FapwR07yYG27cQvoJq%2FbMXoMdUggMWprpHUxcf63d7X8h7jiO6%2BSK2ngf0ma1u6LkFIZoa%2B%2BhfP4Unu%2BIQLcRs8jHKSJ2C8sXkOilNPe79mOMk3j7FUY9rXyKnX5%2FfOmcW%2F4hkPOqwpVLpIYBugYydoJERfEWFy9K%2BiV0LWOSGO352HW7CqGsJeH94c7yxILlbtxT0CeuMlbuDICtHh01cH2GPxtt0OyBMx4ZN9EzDxFrzQPR7z9zuLdS36mHKN6JhFDX6Nvc%2FRxcDM2DV5SHCcPUiaAa7qZ6QPoNWrVjQ%3D%3D","entryPoint":"undoCheckIn","runtime":"nodejs20","dockerRegistry":"ARTIFACT_REGISTRY","labels":{"deployment-tool":"cli-firebase","deployment-callable":"true","firebase-functions-hash":"74436fef8c2ebebe3f9c654a6faa2958a1c805fc"},"httpsTrigger":{"securityLevel":"SECURE_ALWAYS"},"minInstances":null,"maxInstances":null,"ingressSettings":null,"environmentVariables":{"FIREBASE_CONFIG":"{\"projectId\":\"refreshing-website\",\"storageBucket\":\"refreshing-website.firebasestorage.app\"}","GCLOUD_PROJECT":"refreshing-website","EVENTARC_CLOUD_EVENT_SOURCE":"projects/refreshing-website/locations/us-central1/functions/undoCheckIn"},"serviceAccountEmail":null,"availableMemoryMb":null,"timeout":null,"vpcConnector":null,"vpcConnectorEgressSettings":null,"sourceToken":"f57d6fd0-2c70-4ab7-b944-19aed713bef8","buildEnvironmentVariables":{"GOOGLE_NODE_RUN_SCRIPTS":""}}
[2026-08-10T02:55:46.984Z] [queue] Retrying task index 11
[2026-08-10T02:55:46.984Z] Checked if tokens are valid: true, expires at: 1786331729344
[2026-08-10T02:55:46.984Z] Checked if tokens are valid: true, expires at: 1786331729344
[2026-08-10T02:55:46.984Z] >>> [apiv2][query] POST https://cloudfunctions.googleapis.com/v1/projects/refreshing-website/locations/us-central1/functions [none]
[2026-08-10T02:55:46.984Z] >>> [apiv2][body] POST https://cloudfunctions.googleapis.com/v1/projects/refreshing-website/locations/us-central1/functions {"name":"projects/refreshing-website/locations/us-central1/functions/provisionAdminAccount","sourceUploadUrl":"https://storage.googleapis.com/uploads-836972235469.us-central1.cloudfunctions.appspot.com/02c1e8fa-c1af-4e22-a011-38b11d0d0528.zip?GoogleAccessId=service-832093857842@gcf-admin-robot.iam.gserviceaccount.com&Expires=1786331467&Signature=VvDa9HDI3UGM%2FHi4yzU0DUDtxVA0ODbyjK8rjmhZpl77FapwR07yYG27cQvoJq%2FbMXoMdUggMWprpHUxcf63d7X8h7jiO6%2BSK2ngf0ma1u6LkFIZoa%2B%2BhfP4Unu%2BIQLcRs8jHKSJ2C8sXkOilNPe79mOMk3j7FUY9rXyKnX5%2FfOmcW%2F4hkPOqwpVLpIYBugYydoJERfEWFy9K%2BiV0LWOSGO352HW7CqGsJeH94c7yxILlbtxT0CeuMlbuDICtHh01cH2GPxtt0OyBMx4ZN9EzDxFrzQPR7z9zuLdS36mHKN6JhFDX6Nvc%2FRxcDM2DV5SHCcPUiaAa7qZ6QPoNWrVjQ%3D%3D","entryPoint":"provisionAdminAccount","runtime":"nodejs20","dockerRegistry":"ARTIFACT_REGISTRY","labels":{"deployment-tool":"cli-firebase","deployment-callable":"true","firebase-functions-hash":"74436fef8c2ebebe3f9c654a6faa2958a1c805fc"},"httpsTrigger":{"securityLevel":"SECURE_ALWAYS"},"minInstances":null,"maxInstances":null,"ingressSettings":null,"environmentVariables":{"FIREBASE_CONFIG":"{\"projectId\":\"refreshing-website\",\"storageBucket\":\"refreshing-website.firebasestorage.app\"}","GCLOUD_PROJECT":"refreshing-website","EVENTARC_CLOUD_EVENT_SOURCE":"projects/refreshing-website/locations/us-central1/functions/provisionAdminAccount"},"serviceAccountEmail":null,"availableMemoryMb":null,"timeout":null,"vpcConnector":null,"vpcConnectorEgressSettings":null,"sourceToken":"f57d6fd0-2c70-4ab7-b944-19aed713bef8","buildEnvironmentVariables":{"GOOGLE_NODE_RUN_SCRIPTS":""}}
[2026-08-10T02:55:46.989Z] [queue] Retrying task index 1
[2026-08-10T02:55:46.989Z] Checked if tokens are valid: true, expires at: 1786331729344
[2026-08-10T02:55:46.989Z] Checked if tokens are valid: true, expires at: 1786331729344
[2026-08-10T02:55:46.989Z] >>> [apiv2][query] POST https://cloudfunctions.googleapis.com/v1/projects/refreshing-website/locations/us-central1/functions [none]
[2026-08-10T02:55:46.989Z] >>> [apiv2][body] POST https://cloudfunctions.googleapis.com/v1/projects/refreshing-website/locations/us-central1/functions {"name":"projects/refreshing-website/locations/us-central1/functions/setUserRole","sourceUploadUrl":"https://storage.googleapis.com/uploads-836972235469.us-central1.cloudfunctions.appspot.com/02c1e8fa-c1af-4e22-a011-38b11d0d0528.zip?GoogleAccessId=service-832093857842@gcf-admin-robot.iam.gserviceaccount.com&Expires=1786331467&Signature=VvDa9HDI3UGM%2FHi4yzU0DUDtxVA0ODbyjK8rjmhZpl77FapwR07yYG27cQvoJq%2FbMXoMdUggMWprpHUxcf63d7X8h7jiO6%2BSK2ngf0ma1u6LkFIZoa%2B%2BhfP4Unu%2BIQLcRs8jHKSJ2C8sXkOilNPe79mOMk3j7FUY9rXyKnX5%2FfOmcW%2F4hkPOqwpVLpIYBugYydoJERfEWFy9K%2BiV0LWOSGO352HW7CqGsJeH94c7yxILlbtxT0CeuMlbuDICtHh01cH2GPxtt0OyBMx4ZN9EzDxFrzQPR7z9zuLdS36mHKN6JhFDX6Nvc%2FRxcDM2DV5SHCcPUiaAa7qZ6QPoNWrVjQ%3D%3D","entryPoint":"setUserRole","runtime":"nodejs20","dockerRegistry":"ARTIFACT_REGISTRY","labels":{"deployment-tool":"cli-firebase","deployment-callable":"true","firebase-functions-hash":"74436fef8c2ebebe3f9c654a6faa2958a1c805fc"},"httpsTrigger":{"securityLevel":"SECURE_ALWAYS"},"minInstances":null,"maxInstances":null,"ingressSettings":null,"environmentVariables":{"FIREBASE_CONFIG":"{\"projectId\":\"refreshing-website\",\"storageBucket\":\"refreshing-website.firebasestorage.app\"}","GCLOUD_PROJECT":"refreshing-website","EVENTARC_CLOUD_EVENT_SOURCE":"projects/refreshing-website/locations/us-central1/functions/setUserRole"},"serviceAccountEmail":null,"availableMemoryMb":null,"timeout":null,"vpcConnector":null,"vpcConnectorEgressSettings":null,"sourceToken":"f57d6fd0-2c70-4ab7-b944-19aed713bef8","buildEnvironmentVariables":{"GOOGLE_NODE_RUN_SCRIPTS":""}}
[2026-08-10T02:55:46.992Z] [queue] Retrying task index 6
[2026-08-10T02:55:46.992Z] Checked if tokens are valid: true, expires at: 1786331729344
[2026-08-10T02:55:46.992Z] Checked if tokens are valid: true, expires at: 1786331729344
[2026-08-10T02:55:46.992Z] >>> [apiv2][query] POST https://cloudfunctions.googleapis.com/v1/projects/refreshing-website/locations/us-central1/functions [none]
[2026-08-10T02:55:46.993Z] >>> [apiv2][body] POST https://cloudfunctions.googleapis.com/v1/projects/refreshing-website/locations/us-central1/functions {"name":"projects/refreshing-website/locations/us-central1/functions/auditMinistersWrite","sourceUploadUrl":"https://storage.googleapis.com/uploads-836972235469.us-central1.cloudfunctions.appspot.com/02c1e8fa-c1af-4e22-a011-38b11d0d0528.zip?GoogleAccessId=service-832093857842@gcf-admin-robot.iam.gserviceaccount.com&Expires=1786331467&Signature=VvDa9HDI3UGM%2FHi4yzU0DUDtxVA0ODbyjK8rjmhZpl77FapwR07yYG27cQvoJq%2FbMXoMdUggMWprpHUxcf63d7X8h7jiO6%2BSK2ngf0ma1u6LkFIZoa%2B%2BhfP4Unu%2BIQLcRs8jHKSJ2C8sXkOilNPe79mOMk3j7FUY9rXyKnX5%2FfOmcW%2F4hkPOqwpVLpIYBugYydoJERfEWFy9K%2BiV0LWOSGO352HW7CqGsJeH94c7yxILlbtxT0CeuMlbuDICtHh01cH2GPxtt0OyBMx4ZN9EzDxFrzQPR7z9zuLdS36mHKN6JhFDX6Nvc%2FRxcDM2DV5SHCcPUiaAa7qZ6QPoNWrVjQ%3D%3D","entryPoint":"auditMinistersWrite","runtime":"nodejs20","dockerRegistry":"ARTIFACT_REGISTRY","labels":{"deployment-tool":"cli-firebase","firebase-functions-hash":"74436fef8c2ebebe3f9c654a6faa2958a1c805fc"},"eventTrigger":{"eventType":"providers/cloud.firestore/eventTypes/document.write","resource":"projects/refreshing-website/databases/(default)/documents/events/{eventId}/ministers/{ministerId}"},"minInstances":null,"maxInstances":null,"ingressSettings":null,"environmentVariables":{"FIREBASE_CONFIG":"{\"projectId\":\"refreshing-website\",\"storageBucket\":\"refreshing-website.firebasestorage.app\"}","GCLOUD_PROJECT":"refreshing-website","EVENTARC_CLOUD_EVENT_SOURCE":"projects/refreshing-website/locations/us-central1/functions/auditMinistersWrite"},"serviceAccountEmail":null,"availableMemoryMb":null,"timeout":null,"vpcConnector":null,"vpcConnectorEgressSettings":null,"sourceToken":"f57d6fd0-2c70-4ab7-b944-19aed713bef8","buildEnvironmentVariables":{"GOOGLE_NODE_RUN_SCRIPTS":""}}
[2026-08-10T02:55:46.995Z] [queue] Retrying task index 5
[2026-08-10T02:55:46.995Z] Checked if tokens are valid: true, expires at: 1786331729344
[2026-08-10T02:55:46.995Z] Checked if tokens are valid: true, expires at: 1786331729344
[2026-08-10T02:55:46.995Z] >>> [apiv2][query] POST https://cloudfunctions.googleapis.com/v1/projects/refreshing-website/locations/us-central1/functions [none]
[2026-08-10T02:55:46.995Z] >>> [apiv2][body] POST https://cloudfunctions.googleapis.com/v1/projects/refreshing-website/locations/us-central1/functions {"name":"projects/refreshing-website/locations/us-central1/functions/syncCheckinView","sourceUploadUrl":"https://storage.googleapis.com/uploads-836972235469.us-central1.cloudfunctions.appspot.com/02c1e8fa-c1af-4e22-a011-38b11d0d0528.zip?GoogleAccessId=service-832093857842@gcf-admin-robot.iam.gserviceaccount.com&Expires=1786331467&Signature=VvDa9HDI3UGM%2FHi4yzU0DUDtxVA0ODbyjK8rjmhZpl77FapwR07yYG27cQvoJq%2FbMXoMdUggMWprpHUxcf63d7X8h7jiO6%2BSK2ngf0ma1u6LkFIZoa%2B%2BhfP4Unu%2BIQLcRs8jHKSJ2C8sXkOilNPe79mOMk3j7FUY9rXyKnX5%2FfOmcW%2F4hkPOqwpVLpIYBugYydoJERfEWFy9K%2BiV0LWOSGO352HW7CqGsJeH94c7yxILlbtxT0CeuMlbuDICtHh01cH2GPxtt0OyBMx4ZN9EzDxFrzQPR7z9zuLdS36mHKN6JhFDX6Nvc%2FRxcDM2DV5SHCcPUiaAa7qZ6QPoNWrVjQ%3D%3D","entryPoint":"syncCheckinView","runtime":"nodejs20","dockerRegistry":"ARTIFACT_REGISTRY","labels":{"deployment-tool":"cli-firebase","firebase-functions-hash":"74436fef8c2ebebe3f9c654a6faa2958a1c805fc"},"eventTrigger":{"eventType":"providers/cloud.firestore/eventTypes/document.write","resource":"projects/refreshing-website/databases/(default)/documents/events/{eventId}/attendees/{attendeeId}"},"minInstances":null,"maxInstances":null,"ingressSettings":null,"environmentVariables":{"FIREBASE_CONFIG":"{\"projectId\":\"refreshing-website\",\"storageBucket\":\"refreshing-website.firebasestorage.app\"}","GCLOUD_PROJECT":"refreshing-website","EVENTARC_CLOUD_EVENT_SOURCE":"projects/refreshing-website/locations/us-central1/functions/syncCheckinView"},"serviceAccountEmail":null,"availableMemoryMb":null,"timeout":null,"vpcConnector":null,"vpcConnectorEgressSettings":null,"sourceToken":"f57d6fd0-2c70-4ab7-b944-19aed713bef8","buildEnvironmentVariables":{"GOOGLE_NODE_RUN_SCRIPTS":""}}
[2026-08-10T02:55:47.027Z] [queue] Retrying task index 3
[2026-08-10T02:55:47.027Z] Checked if tokens are valid: true, expires at: 1786331729344
[2026-08-10T02:55:47.028Z] Checked if tokens are valid: true, expires at: 1786331729344
[2026-08-10T02:55:47.028Z] >>> [apiv2][query] POST https://cloudfunctions.googleapis.com/v1/projects/refreshing-website/locations/us-central1/functions [none]
[2026-08-10T02:55:47.028Z] >>> [apiv2][body] POST https://cloudfunctions.googleapis.com/v1/projects/refreshing-website/locations/us-central1/functions {"name":"projects/refreshing-website/locations/us-central1/functions/markCheckedIn","sourceUploadUrl":"https://storage.googleapis.com/uploads-836972235469.us-central1.cloudfunctions.appspot.com/02c1e8fa-c1af-4e22-a011-38b11d0d0528.zip?GoogleAccessId=service-832093857842@gcf-admin-robot.iam.gserviceaccount.com&Expires=1786331467&Signature=VvDa9HDI3UGM%2FHi4yzU0DUDtxVA0ODbyjK8rjmhZpl77FapwR07yYG27cQvoJq%2FbMXoMdUggMWprpHUxcf63d7X8h7jiO6%2BSK2ngf0ma1u6LkFIZoa%2B%2BhfP4Unu%2BIQLcRs8jHKSJ2C8sXkOilNPe79mOMk3j7FUY9rXyKnX5%2FfOmcW%2F4hkPOqwpVLpIYBugYydoJERfEWFy9K%2BiV0LWOSGO352HW7CqGsJeH94c7yxILlbtxT0CeuMlbuDICtHh01cH2GPxtt0OyBMx4ZN9EzDxFrzQPR7z9zuLdS36mHKN6JhFDX6Nvc%2FRxcDM2DV5SHCcPUiaAa7qZ6QPoNWrVjQ%3D%3D","entryPoint":"markCheckedIn","runtime":"nodejs20","dockerRegistry":"ARTIFACT_REGISTRY","labels":{"deployment-tool":"cli-firebase","deployment-callable":"true","firebase-functions-hash":"74436fef8c2ebebe3f9c654a6faa2958a1c805fc"},"httpsTrigger":{"securityLevel":"SECURE_ALWAYS"},"minInstances":null,"maxInstances":null,"ingressSettings":null,"environmentVariables":{"FIREBASE_CONFIG":"{\"projectId\":\"refreshing-website\",\"storageBucket\":\"refreshing-website.firebasestorage.app\"}","GCLOUD_PROJECT":"refreshing-website","EVENTARC_CLOUD_EVENT_SOURCE":"projects/refreshing-website/locations/us-central1/functions/markCheckedIn"},"serviceAccountEmail":null,"availableMemoryMb":null,"timeout":null,"vpcConnector":null,"vpcConnectorEgressSettings":null,"sourceToken":"f57d6fd0-2c70-4ab7-b944-19aed713bef8","buildEnvironmentVariables":{"GOOGLE_NODE_RUN_SCRIPTS":""}}
[2026-08-10T02:55:47.030Z] [queue] Retrying task index 8
[2026-08-10T02:55:47.031Z] Checked if tokens are valid: true, expires at: 1786331729344
[2026-08-10T02:55:47.031Z] Checked if tokens are valid: true, expires at: 1786331729344
[2026-08-10T02:55:47.031Z] >>> [apiv2][query] POST https://cloudfunctions.googleapis.com/v1/projects/refreshing-website/locations/us-central1/functions [none]
[2026-08-10T02:55:47.031Z] >>> [apiv2][body] POST https://cloudfunctions.googleapis.com/v1/projects/refreshing-website/locations/us-central1/functions {"name":"projects/refreshing-website/locations/us-central1/functions/auditAttendeesWrite","sourceUploadUrl":"https://storage.googleapis.com/uploads-836972235469.us-central1.cloudfunctions.appspot.com/02c1e8fa-c1af-4e22-a011-38b11d0d0528.zip?GoogleAccessId=service-832093857842@gcf-admin-robot.iam.gserviceaccount.com&Expires=1786331467&Signature=VvDa9HDI3UGM%2FHi4yzU0DUDtxVA0ODbyjK8rjmhZpl77FapwR07yYG27cQvoJq%2FbMXoMdUggMWprpHUxcf63d7X8h7jiO6%2BSK2ngf0ma1u6LkFIZoa%2B%2BhfP4Unu%2BIQLcRs8jHKSJ2C8sXkOilNPe79mOMk3j7FUY9rXyKnX5%2FfOmcW%2F4hkPOqwpVLpIYBugYydoJERfEWFy9K%2BiV0LWOSGO352HW7CqGsJeH94c7yxILlbtxT0CeuMlbuDICtHh01cH2GPxtt0OyBMx4ZN9EzDxFrzQPR7z9zuLdS36mHKN6JhFDX6Nvc%2FRxcDM2DV5SHCcPUiaAa7qZ6QPoNWrVjQ%3D%3D","entryPoint":"auditAttendeesWrite","runtime":"nodejs20","dockerRegistry":"ARTIFACT_REGISTRY","labels":{"deployment-tool":"cli-firebase","firebase-functions-hash":"74436fef8c2ebebe3f9c654a6faa2958a1c805fc"},"eventTrigger":{"eventType":"providers/cloud.firestore/eventTypes/document.write","resource":"projects/refreshing-website/databases/(default)/documents/events/{eventId}/attendees/{attendeeId}"},"minInstances":null,"maxInstances":null,"ingressSettings":null,"environmentVariables":{"FIREBASE_CONFIG":"{\"projectId\":\"refreshing-website\",\"storageBucket\":\"refreshing-website.firebasestorage.app\"}","GCLOUD_PROJECT":"refreshing-website","EVENTARC_CLOUD_EVENT_SOURCE":"projects/refreshing-website/locations/us-central1/functions/auditAttendeesWrite"},"serviceAccountEmail":null,"availableMemoryMb":null,"timeout":null,"vpcConnector":null,"vpcConnectorEgressSettings":null,"sourceToken":"f57d6fd0-2c70-4ab7-b944-19aed713bef8","buildEnvironmentVariables":{"GOOGLE_NODE_RUN_SCRIPTS":""}}
[2026-08-10T02:55:47.033Z] [queue] Retrying task index 10
[2026-08-10T02:55:47.033Z] Checked if tokens are valid: true, expires at: 1786331729344
[2026-08-10T02:55:47.033Z] Checked if tokens are valid: true, expires at: 1786331729344
[2026-08-10T02:55:47.033Z] >>> [apiv2][query] POST https://cloudfunctions.googleapis.com/v1/projects/refreshing-website/locations/us-central1/functions [none]
[2026-08-10T02:55:47.033Z] >>> [apiv2][body] POST https://cloudfunctions.googleapis.com/v1/projects/refreshing-website/locations/us-central1/functions {"name":"projects/refreshing-website/locations/us-central1/functions/pruneVersionHistory","sourceUploadUrl":"https://storage.googleapis.com/uploads-836972235469.us-central1.cloudfunctions.appspot.com/02c1e8fa-c1af-4e22-a011-38b11d0d0528.zip?GoogleAccessId=service-832093857842@gcf-admin-robot.iam.gserviceaccount.com&Expires=1786331467&Signature=VvDa9HDI3UGM%2FHi4yzU0DUDtxVA0ODbyjK8rjmhZpl77FapwR07yYG27cQvoJq%2FbMXoMdUggMWprpHUxcf63d7X8h7jiO6%2BSK2ngf0ma1u6LkFIZoa%2B%2BhfP4Unu%2BIQLcRs8jHKSJ2C8sXkOilNPe79mOMk3j7FUY9rXyKnX5%2FfOmcW%2F4hkPOqwpVLpIYBugYydoJERfEWFy9K%2BiV0LWOSGO352HW7CqGsJeH94c7yxILlbtxT0CeuMlbuDICtHh01cH2GPxtt0OyBMx4ZN9EzDxFrzQPR7z9zuLdS36mHKN6JhFDX6Nvc%2FRxcDM2DV5SHCcPUiaAa7qZ6QPoNWrVjQ%3D%3D","entryPoint":"pruneVersionHistory","runtime":"nodejs20","dockerRegistry":"ARTIFACT_REGISTRY","labels":{"deployment-tool":"cli-firebase","deployment-scheduled":"true","firebase-functions-hash":"74436fef8c2ebebe3f9c654a6faa2958a1c805fc"},"eventTrigger":{"eventType":"google.pubsub.topic.publish","resource":"projects/refreshing-website/topics/firebase-schedule-pruneVersionHistory-us-central1"},"minInstances":null,"maxInstances":null,"ingressSettings":null,"environmentVariables":{"FIREBASE_CONFIG":"{\"projectId\":\"refreshing-website\",\"storageBucket\":\"refreshing-website.firebasestorage.app\"}","GCLOUD_PROJECT":"refreshing-website","EVENTARC_CLOUD_EVENT_SOURCE":"projects/refreshing-website/locations/us-central1/functions/pruneVersionHistory"},"serviceAccountEmail":null,"availableMemoryMb":null,"timeout":null,"vpcConnector":null,"vpcConnectorEgressSettings":null,"sourceToken":"f57d6fd0-2c70-4ab7-b944-19aed713bef8","buildEnvironmentVariables":{"GOOGLE_NODE_RUN_SCRIPTS":""}}
[2026-08-10T02:55:47.580Z] <<< [apiv2][status] POST https://cloudfunctions.googleapis.com/v1/projects/refreshing-website/locations/us-central1/functions 409
[2026-08-10T02:55:47.580Z] <<< [apiv2][body] POST https://cloudfunctions.googleapis.com/v1/projects/refreshing-website/locations/us-central1/functions {"error":{"code":409,"message":"Failed to create 1st Gen function projects/refreshing-website/locations/us-central1/functions/auditMinistersWrite: Function auditMinistersWrite in region us-central1 in project refreshing-website already exists","status":"ALREADY_EXISTS"}}
!  functions: failed to create function projects/refreshing-website/locations/us-central1/functions/auditMinistersWrite 
[2026-08-10T02:55:47.598Z] <<< [apiv2][status] POST https://cloudfunctions.googleapis.com/v1/projects/refreshing-website/locations/us-central1/functions 409
[2026-08-10T02:55:47.599Z] <<< [apiv2][body] POST https://cloudfunctions.googleapis.com/v1/projects/refreshing-website/locations/us-central1/functions {"error":{"code":409,"message":"Failed to create 1st Gen function projects/refreshing-website/locations/us-central1/functions/purgeTrash: Function purgeTrash in region us-central1 in project refreshing-website already exists","status":"ALREADY_EXISTS"}}
!  functions: failed to create function projects/refreshing-website/locations/us-central1/functions/purgeTrash 
[2026-08-10T02:55:47.600Z] <<< [apiv2][status] POST https://cloudfunctions.googleapis.com/v1/projects/refreshing-website/locations/us-central1/functions 409
[2026-08-10T02:55:47.600Z] <<< [apiv2][body] POST https://cloudfunctions.googleapis.com/v1/projects/refreshing-website/locations/us-central1/functions {"error":{"code":409,"message":"Failed to create 1st Gen function projects/refreshing-website/locations/us-central1/functions/revokeUserAccess: Function revokeUserAccess in region us-central1 in project refreshing-website already exists","status":"ALREADY_EXISTS"}}
!  functions: failed to create function projects/refreshing-website/locations/us-central1/functions/revokeUserAccess 
[2026-08-10T02:55:47.602Z] <<< [apiv2][status] POST https://cloudfunctions.googleapis.com/v1/projects/refreshing-website/locations/us-central1/functions 409
[2026-08-10T02:55:47.602Z] <<< [apiv2][body] POST https://cloudfunctions.googleapis.com/v1/projects/refreshing-website/locations/us-central1/functions {"error":{"code":409,"message":"Failed to create 1st Gen function projects/refreshing-website/locations/us-central1/functions/undoCheckIn: Function undoCheckIn in region us-central1 in project refreshing-website already exists","status":"ALREADY_EXISTS"}}
!  functions: failed to create function projects/refreshing-website/locations/us-central1/functions/undoCheckIn 
[2026-08-10T02:55:47.608Z] <<< [apiv2][status] POST https://cloudfunctions.googleapis.com/v1/projects/refreshing-website/locations/us-central1/functions 409
[2026-08-10T02:55:47.608Z] <<< [apiv2][body] POST https://cloudfunctions.googleapis.com/v1/projects/refreshing-website/locations/us-central1/functions {"error":{"code":409,"message":"Failed to create 1st Gen function projects/refreshing-website/locations/us-central1/functions/setUserRole: Function setUserRole in region us-central1 in project refreshing-website already exists","status":"ALREADY_EXISTS"}}
!  functions: failed to create function projects/refreshing-website/locations/us-central1/functions/setUserRole 
[2026-08-10T02:55:47.610Z] <<< [apiv2][status] POST https://cloudfunctions.googleapis.com/v1/projects/refreshing-website/locations/us-central1/functions 409
[2026-08-10T02:55:47.610Z] <<< [apiv2][body] POST https://cloudfunctions.googleapis.com/v1/projects/refreshing-website/locations/us-central1/functions {"error":{"code":409,"message":"Failed to create 1st Gen function projects/refreshing-website/locations/us-central1/functions/auditSessionsWrite: Function auditSessionsWrite in region us-central1 in project refreshing-website already exists","status":"ALREADY_EXISTS"}}
!  functions: failed to create function projects/refreshing-website/locations/us-central1/functions/auditSessionsWrite 
[2026-08-10T02:55:47.611Z] <<< [apiv2][status] POST https://cloudfunctions.googleapis.com/v1/projects/refreshing-website/locations/us-central1/functions 409
[2026-08-10T02:55:47.612Z] <<< [apiv2][body] POST https://cloudfunctions.googleapis.com/v1/projects/refreshing-website/locations/us-central1/functions {"error":{"code":409,"message":"Failed to create 1st Gen function projects/refreshing-website/locations/us-central1/functions/provisionAdminAccount: Function provisionAdminAccount in region us-central1 in project refreshing-website already exists","status":"ALREADY_EXISTS"}}
!  functions: failed to create function projects/refreshing-website/locations/us-central1/functions/provisionAdminAccount 
[2026-08-10T02:55:47.612Z] <<< [apiv2][status] POST https://cloudfunctions.googleapis.com/v1/projects/refreshing-website/locations/us-central1/functions 409
[2026-08-10T02:55:47.612Z] <<< [apiv2][body] POST https://cloudfunctions.googleapis.com/v1/projects/refreshing-website/locations/us-central1/functions {"error":{"code":409,"message":"Failed to create 1st Gen function projects/refreshing-website/locations/us-central1/functions/markCheckedIn: Function markCheckedIn in region us-central1 in project refreshing-website already exists","status":"ALREADY_EXISTS"}}
!  functions: failed to create function projects/refreshing-website/locations/us-central1/functions/markCheckedIn 
[2026-08-10T02:55:47.632Z] <<< [apiv2][status] POST https://cloudfunctions.googleapis.com/v1/projects/refreshing-website/locations/us-central1/functions 409
[2026-08-10T02:55:47.633Z] <<< [apiv2][body] POST https://cloudfunctions.googleapis.com/v1/projects/refreshing-website/locations/us-central1/functions {"error":{"code":409,"message":"Failed to create 1st Gen function projects/refreshing-website/locations/us-central1/functions/syncCheckinView: Function syncCheckinView in region us-central1 in project refreshing-website already exists","status":"ALREADY_EXISTS"}}
!  functions: failed to create function projects/refreshing-website/locations/us-central1/functions/syncCheckinView 
[2026-08-10T02:55:47.640Z] <<< [apiv2][status] POST https://cloudfunctions.googleapis.com/v1/projects/refreshing-website/locations/us-central1/functions 409
[2026-08-10T02:55:47.640Z] <<< [apiv2][body] POST https://cloudfunctions.googleapis.com/v1/projects/refreshing-website/locations/us-central1/functions {"error":{"code":409,"message":"Failed to create 1st Gen function projects/refreshing-website/locations/us-central1/functions/pruneVersionHistory: Function pruneVersionHistory in region us-central1 in project refreshing-website already exists","status":"ALREADY_EXISTS"}}
!  functions: failed to create function projects/refreshing-website/locations/us-central1/functions/pruneVersionHistory 
[2026-08-10T02:55:47.643Z] <<< [apiv2][status] POST https://cloudfunctions.googleapis.com/v1/projects/refreshing-website/locations/us-central1/functions 409
[2026-08-10T02:55:47.643Z] <<< [apiv2][body] POST https://cloudfunctions.googleapis.com/v1/projects/refreshing-website/locations/us-central1/functions {"error":{"code":409,"message":"Failed to create 1st Gen function projects/refreshing-website/locations/us-central1/functions/auditAttendeesWrite: Function auditAttendeesWrite in region us-central1 in project refreshing-website already exists","status":"ALREADY_EXISTS"}}
!  functions: failed to create function projects/refreshing-website/locations/us-central1/functions/auditAttendeesWrite 
[2026-08-10T02:57:27.584Z] [queue] Retrying task index 6
[2026-08-10T02:57:27.585Z] Checked if tokens are valid: true, expires at: 1786331729344
[2026-08-10T02:57:27.585Z] Checked if tokens are valid: true, expires at: 1786331729344
[2026-08-10T02:57:27.586Z] >>> [apiv2][query] POST https://cloudfunctions.googleapis.com/v1/projects/refreshing-website/locations/us-central1/functions [none]
[2026-08-10T02:57:27.586Z] >>> [apiv2][body] POST https://cloudfunctions.googleapis.com/v1/projects/refreshing-website/locations/us-central1/functions {"name":"projects/refreshing-website/locations/us-central1/functions/auditMinistersWrite","sourceUploadUrl":"https://storage.googleapis.com/uploads-836972235469.us-central1.cloudfunctions.appspot.com/02c1e8fa-c1af-4e22-a011-38b11d0d0528.zip?GoogleAccessId=service-832093857842@gcf-admin-robot.iam.gserviceaccount.com&Expires=1786331467&Signature=VvDa9HDI3UGM%2FHi4yzU0DUDtxVA0ODbyjK8rjmhZpl77FapwR07yYG27cQvoJq%2FbMXoMdUggMWprpHUxcf63d7X8h7jiO6%2BSK2ngf0ma1u6LkFIZoa%2B%2BhfP4Unu%2BIQLcRs8jHKSJ2C8sXkOilNPe79mOMk3j7FUY9rXyKnX5%2FfOmcW%2F4hkPOqwpVLpIYBugYydoJERfEWFy9K%2BiV0LWOSGO352HW7CqGsJeH94c7yxILlbtxT0CeuMlbuDICtHh01cH2GPxtt0OyBMx4ZN9EzDxFrzQPR7z9zuLdS36mHKN6JhFDX6Nvc%2FRxcDM2DV5SHCcPUiaAa7qZ6QPoNWrVjQ%3D%3D","entryPoint":"auditMinistersWrite","runtime":"nodejs20","dockerRegistry":"ARTIFACT_REGISTRY","labels":{"deployment-tool":"cli-firebase","firebase-functions-hash":"74436fef8c2ebebe3f9c654a6faa2958a1c805fc"},"eventTrigger":{"eventType":"providers/cloud.firestore/eventTypes/document.write","resource":"projects/refreshing-website/databases/(default)/documents/events/{eventId}/ministers/{ministerId}"},"minInstances":null,"maxInstances":null,"ingressSettings":null,"environmentVariables":{"FIREBASE_CONFIG":"{\"projectId\":\"refreshing-website\",\"storageBucket\":\"refreshing-website.firebasestorage.app\"}","GCLOUD_PROJECT":"refreshing-website","EVENTARC_CLOUD_EVENT_SOURCE":"projects/refreshing-website/locations/us-central1/functions/auditMinistersWrite"},"serviceAccountEmail":null,"availableMemoryMb":null,"timeout":null,"vpcConnector":null,"vpcConnectorEgressSettings":null,"sourceToken":"f57d6fd0-2c70-4ab7-b944-19aed713bef8","buildEnvironmentVariables":{"GOOGLE_NODE_RUN_SCRIPTS":""}}
[2026-08-10T02:57:27.600Z] [queue] Retrying task index 9
[2026-08-10T02:57:27.601Z] Checked if tokens are valid: true, expires at: 1786331729344
[2026-08-10T02:57:27.601Z] Checked if tokens are valid: true, expires at: 1786331729344
[2026-08-10T02:57:27.601Z] >>> [apiv2][query] POST https://cloudfunctions.googleapis.com/v1/projects/refreshing-website/locations/us-central1/functions [none]
[2026-08-10T02:57:27.601Z] >>> [apiv2][body] POST https://cloudfunctions.googleapis.com/v1/projects/refreshing-website/locations/us-central1/functions {"name":"projects/refreshing-website/locations/us-central1/functions/purgeTrash","sourceUploadUrl":"https://storage.googleapis.com/uploads-836972235469.us-central1.cloudfunctions.appspot.com/02c1e8fa-c1af-4e22-a011-38b11d0d0528.zip?GoogleAccessId=service-832093857842@gcf-admin-robot.iam.gserviceaccount.com&Expires=1786331467&Signature=VvDa9HDI3UGM%2FHi4yzU0DUDtxVA0ODbyjK8rjmhZpl77FapwR07yYG27cQvoJq%2FbMXoMdUggMWprpHUxcf63d7X8h7jiO6%2BSK2ngf0ma1u6LkFIZoa%2B%2BhfP4Unu%2BIQLcRs8jHKSJ2C8sXkOilNPe79mOMk3j7FUY9rXyKnX5%2FfOmcW%2F4hkPOqwpVLpIYBugYydoJERfEWFy9K%2BiV0LWOSGO352HW7CqGsJeH94c7yxILlbtxT0CeuMlbuDICtHh01cH2GPxtt0OyBMx4ZN9EzDxFrzQPR7z9zuLdS36mHKN6JhFDX6Nvc%2FRxcDM2DV5SHCcPUiaAa7qZ6QPoNWrVjQ%3D%3D","entryPoint":"purgeTrash","runtime":"nodejs20","dockerRegistry":"ARTIFACT_REGISTRY","labels":{"deployment-tool":"cli-firebase","deployment-scheduled":"true","firebase-functions-hash":"74436fef8c2ebebe3f9c654a6faa2958a1c805fc"},"eventTrigger":{"eventType":"google.pubsub.topic.publish","resource":"projects/refreshing-website/topics/firebase-schedule-purgeTrash-us-central1"},"minInstances":null,"maxInstances":null,"ingressSettings":null,"environmentVariables":{"FIREBASE_CONFIG":"{\"projectId\":\"refreshing-website\",\"storageBucket\":\"refreshing-website.firebasestorage.app\"}","GCLOUD_PROJECT":"refreshing-website","EVENTARC_CLOUD_EVENT_SOURCE":"projects/refreshing-website/locations/us-central1/functions/purgeTrash"},"serviceAccountEmail":null,"availableMemoryMb":null,"timeout":null,"vpcConnector":null,"vpcConnectorEgressSettings":null,"sourceToken":"f57d6fd0-2c70-4ab7-b944-19aed713bef8","buildEnvironmentVariables":{"GOOGLE_NODE_RUN_SCRIPTS":""}}
[2026-08-10T02:57:27.610Z] [queue] Retrying task index 2
[2026-08-10T02:57:27.611Z] Checked if tokens are valid: true, expires at: 1786331729344
[2026-08-10T02:57:27.611Z] Checked if tokens are valid: true, expires at: 1786331729344
[2026-08-10T02:57:27.611Z] >>> [apiv2][query] POST https://cloudfunctions.googleapis.com/v1/projects/refreshing-website/locations/us-central1/functions [none]
[2026-08-10T02:57:27.611Z] >>> [apiv2][body] POST https://cloudfunctions.googleapis.com/v1/projects/refreshing-website/locations/us-central1/functions {"name":"projects/refreshing-website/locations/us-central1/functions/revokeUserAccess","sourceUploadUrl":"https://storage.googleapis.com/uploads-836972235469.us-central1.cloudfunctions.appspot.com/02c1e8fa-c1af-4e22-a011-38b11d0d0528.zip?GoogleAccessId=service-832093857842@gcf-admin-robot.iam.gserviceaccount.com&Expires=1786331467&Signature=VvDa9HDI3UGM%2FHi4yzU0DUDtxVA0ODbyjK8rjmhZpl77FapwR07yYG27cQvoJq%2FbMXoMdUggMWprpHUxcf63d7X8h7jiO6%2BSK2ngf0ma1u6LkFIZoa%2B%2BhfP4Unu%2BIQLcRs8jHKSJ2C8sXkOilNPe79mOMk3j7FUY9rXyKnX5%2FfOmcW%2F4hkPOqwpVLpIYBugYydoJERfEWFy9K%2BiV0LWOSGO352HW7CqGsJeH94c7yxILlbtxT0CeuMlbuDICtHh01cH2GPxtt0OyBMx4ZN9EzDxFrzQPR7z9zuLdS36mHKN6JhFDX6Nvc%2FRxcDM2DV5SHCcPUiaAa7qZ6QPoNWrVjQ%3D%3D","entryPoint":"revokeUserAccess","runtime":"nodejs20","dockerRegistry":"ARTIFACT_REGISTRY","labels":{"deployment-tool":"cli-firebase","deployment-callable":"true","firebase-functions-hash":"74436fef8c2ebebe3f9c654a6faa2958a1c805fc"},"httpsTrigger":{"securityLevel":"SECURE_ALWAYS"},"minInstances":null,"maxInstances":null,"ingressSettings":null,"environmentVariables":{"FIREBASE_CONFIG":"{\"projectId\":\"refreshing-website\",\"storageBucket\":\"refreshing-website.firebasestorage.app\"}","GCLOUD_PROJECT":"refreshing-website","EVENTARC_CLOUD_EVENT_SOURCE":"projects/refreshing-website/locations/us-central1/functions/revokeUserAccess"},"serviceAccountEmail":null,"availableMemoryMb":null,"timeout":null,"vpcConnector":null,"vpcConnectorEgressSettings":null,"sourceToken":"f57d6fd0-2c70-4ab7-b944-19aed713bef8","buildEnvironmentVariables":{"GOOGLE_NODE_RUN_SCRIPTS":""}}
[2026-08-10T02:57:27.614Z] [queue] Retrying task index 4
[2026-08-10T02:57:27.614Z] Checked if tokens are valid: true, expires at: 1786331729344
[2026-08-10T02:57:27.614Z] Checked if tokens are valid: true, expires at: 1786331729344
[2026-08-10T02:57:27.614Z] >>> [apiv2][query] POST https://cloudfunctions.googleapis.com/v1/projects/refreshing-website/locations/us-central1/functions [none]
[2026-08-10T02:57:27.614Z] >>> [apiv2][body] POST https://cloudfunctions.googleapis.com/v1/projects/refreshing-website/locations/us-central1/functions {"name":"projects/refreshing-website/locations/us-central1/functions/undoCheckIn","sourceUploadUrl":"https://storage.googleapis.com/uploads-836972235469.us-central1.cloudfunctions.appspot.com/02c1e8fa-c1af-4e22-a011-38b11d0d0528.zip?GoogleAccessId=service-832093857842@gcf-admin-robot.iam.gserviceaccount.com&Expires=1786331467&Signature=VvDa9HDI3UGM%2FHi4yzU0DUDtxVA0ODbyjK8rjmhZpl77FapwR07yYG27cQvoJq%2FbMXoMdUggMWprpHUxcf63d7X8h7jiO6%2BSK2ngf0ma1u6LkFIZoa%2B%2BhfP4Unu%2BIQLcRs8jHKSJ2C8sXkOilNPe79mOMk3j7FUY9rXyKnX5%2FfOmcW%2F4hkPOqwpVLpIYBugYydoJERfEWFy9K%2BiV0LWOSGO352HW7CqGsJeH94c7yxILlbtxT0CeuMlbuDICtHh01cH2GPxtt0OyBMx4ZN9EzDxFrzQPR7z9zuLdS36mHKN6JhFDX6Nvc%2FRxcDM2DV5SHCcPUiaAa7qZ6QPoNWrVjQ%3D%3D","entryPoint":"undoCheckIn","runtime":"nodejs20","dockerRegistry":"ARTIFACT_REGISTRY","labels":{"deployment-tool":"cli-firebase","deployment-callable":"true","firebase-functions-hash":"74436fef8c2ebebe3f9c654a6faa2958a1c805fc"},"httpsTrigger":{"securityLevel":"SECURE_ALWAYS"},"minInstances":null,"maxInstances":null,"ingressSettings":null,"environmentVariables":{"FIREBASE_CONFIG":"{\"projectId\":\"refreshing-website\",\"storageBucket\":\"refreshing-website.firebasestorage.app\"}","GCLOUD_PROJECT":"refreshing-website","EVENTARC_CLOUD_EVENT_SOURCE":"projects/refreshing-website/locations/us-central1/functions/undoCheckIn"},"serviceAccountEmail":null,"availableMemoryMb":null,"timeout":null,"vpcConnector":null,"vpcConnectorEgressSettings":null,"sourceToken":"f57d6fd0-2c70-4ab7-b944-19aed713bef8","buildEnvironmentVariables":{"GOOGLE_NODE_RUN_SCRIPTS":""}}
[2026-08-10T02:57:27.617Z] [queue] Retrying task index 1
[2026-08-10T02:57:27.617Z] Checked if tokens are valid: true, expires at: 1786331729344
[2026-08-10T02:57:27.617Z] Checked if tokens are valid: true, expires at: 1786331729344
[2026-08-10T02:57:27.618Z] >>> [apiv2][query] POST https://cloudfunctions.googleapis.com/v1/projects/refreshing-website/locations/us-central1/functions [none]
[2026-08-10T02:57:27.618Z] >>> [apiv2][body] POST https://cloudfunctions.googleapis.com/v1/projects/refreshing-website/locations/us-central1/functions {"name":"projects/refreshing-website/locations/us-central1/functions/setUserRole","sourceUploadUrl":"https://storage.googleapis.com/uploads-836972235469.us-central1.cloudfunctions.appspot.com/02c1e8fa-c1af-4e22-a011-38b11d0d0528.zip?GoogleAccessId=service-832093857842@gcf-admin-robot.iam.gserviceaccount.com&Expires=1786331467&Signature=VvDa9HDI3UGM%2FHi4yzU0DUDtxVA0ODbyjK8rjmhZpl77FapwR07yYG27cQvoJq%2FbMXoMdUggMWprpHUxcf63d7X8h7jiO6%2BSK2ngf0ma1u6LkFIZoa%2B%2BhfP4Unu%2BIQLcRs8jHKSJ2C8sXkOilNPe79mOMk3j7FUY9rXyKnX5%2FfOmcW%2F4hkPOqwpVLpIYBugYydoJERfEWFy9K%2BiV0LWOSGO352HW7CqGsJeH94c7yxILlbtxT0CeuMlbuDICtHh01cH2GPxtt0OyBMx4ZN9EzDxFrzQPR7z9zuLdS36mHKN6JhFDX6Nvc%2FRxcDM2DV5SHCcPUiaAa7qZ6QPoNWrVjQ%3D%3D","entryPoint":"setUserRole","runtime":"nodejs20","dockerRegistry":"ARTIFACT_REGISTRY","labels":{"deployment-tool":"cli-firebase","deployment-callable":"true","firebase-functions-hash":"74436fef8c2ebebe3f9c654a6faa2958a1c805fc"},"httpsTrigger":{"securityLevel":"SECURE_ALWAYS"},"minInstances":null,"maxInstances":null,"ingressSettings":null,"environmentVariables":{"FIREBASE_CONFIG":"{\"projectId\":\"refreshing-website\",\"storageBucket\":\"refreshing-website.firebasestorage.app\"}","GCLOUD_PROJECT":"refreshing-website","EVENTARC_CLOUD_EVENT_SOURCE":"projects/refreshing-website/locations/us-central1/functions/setUserRole"},"serviceAccountEmail":null,"availableMemoryMb":null,"timeout":null,"vpcConnector":null,"vpcConnectorEgressSettings":null,"sourceToken":"f57d6fd0-2c70-4ab7-b944-19aed713bef8","buildEnvironmentVariables":{"GOOGLE_NODE_RUN_SCRIPTS":""}}
[2026-08-10T02:57:27.621Z] [queue] Retrying task index 7
[2026-08-10T02:57:27.623Z] Checked if tokens are valid: true, expires at: 1786331729344
[2026-08-10T02:57:27.623Z] Checked if tokens are valid: true, expires at: 1786331729344
[2026-08-10T02:57:27.624Z] >>> [apiv2][query] POST https://cloudfunctions.googleapis.com/v1/projects/refreshing-website/locations/us-central1/functions [none]
[2026-08-10T02:57:27.624Z] >>> [apiv2][body] POST https://cloudfunctions.googleapis.com/v1/projects/refreshing-website/locations/us-central1/functions {"name":"projects/refreshing-website/locations/us-central1/functions/auditSessionsWrite","sourceUploadUrl":"https://storage.googleapis.com/uploads-836972235469.us-central1.cloudfunctions.appspot.com/02c1e8fa-c1af-4e22-a011-38b11d0d0528.zip?GoogleAccessId=service-832093857842@gcf-admin-robot.iam.gserviceaccount.com&Expires=1786331467&Signature=VvDa9HDI3UGM%2FHi4yzU0DUDtxVA0ODbyjK8rjmhZpl77FapwR07yYG27cQvoJq%2FbMXoMdUggMWprpHUxcf63d7X8h7jiO6%2BSK2ngf0ma1u6LkFIZoa%2B%2BhfP4Unu%2BIQLcRs8jHKSJ2C8sXkOilNPe79mOMk3j7FUY9rXyKnX5%2FfOmcW%2F4hkPOqwpVLpIYBugYydoJERfEWFy9K%2BiV0LWOSGO352HW7CqGsJeH94c7yxILlbtxT0CeuMlbuDICtHh01cH2GPxtt0OyBMx4ZN9EzDxFrzQPR7z9zuLdS36mHKN6JhFDX6Nvc%2FRxcDM2DV5SHCcPUiaAa7qZ6QPoNWrVjQ%3D%3D","entryPoint":"auditSessionsWrite","runtime":"nodejs20","dockerRegistry":"ARTIFACT_REGISTRY","labels":{"deployment-tool":"cli-firebase","firebase-functions-hash":"74436fef8c2ebebe3f9c654a6faa2958a1c805fc"},"eventTrigger":{"eventType":"providers/cloud.firestore/eventTypes/document.write","resource":"projects/refreshing-website/databases/(default)/documents/events/{eventId}/sessions/{sessionId}"},"minInstances":null,"maxInstances":null,"ingressSettings":null,"environmentVariables":{"FIREBASE_CONFIG":"{\"projectId\":\"refreshing-website\",\"storageBucket\":\"refreshing-website.firebasestorage.app\"}","GCLOUD_PROJECT":"refreshing-website","EVENTARC_CLOUD_EVENT_SOURCE":"projects/refreshing-website/locations/us-central1/functions/auditSessionsWrite"},"serviceAccountEmail":null,"availableMemoryMb":null,"timeout":null,"vpcConnector":null,"vpcConnectorEgressSettings":null,"sourceToken":"f57d6fd0-2c70-4ab7-b944-19aed713bef8","buildEnvironmentVariables":{"GOOGLE_NODE_RUN_SCRIPTS":""}}
[2026-08-10T02:57:27.653Z] [queue] Retrying task index 11
[2026-08-10T02:57:27.653Z] Checked if tokens are valid: true, expires at: 1786331729344
[2026-08-10T02:57:27.653Z] Checked if tokens are valid: true, expires at: 1786331729344
[2026-08-10T02:57:27.654Z] >>> [apiv2][query] POST https://cloudfunctions.googleapis.com/v1/projects/refreshing-website/locations/us-central1/functions [none]
[2026-08-10T02:57:27.654Z] >>> [apiv2][body] POST https://cloudfunctions.googleapis.com/v1/projects/refreshing-website/locations/us-central1/functions {"name":"projects/refreshing-website/locations/us-central1/functions/provisionAdminAccount","sourceUploadUrl":"https://storage.googleapis.com/uploads-836972235469.us-central1.cloudfunctions.appspot.com/02c1e8fa-c1af-4e22-a011-38b11d0d0528.zip?GoogleAccessId=service-832093857842@gcf-admin-robot.iam.gserviceaccount.com&Expires=1786331467&Signature=VvDa9HDI3UGM%2FHi4yzU0DUDtxVA0ODbyjK8rjmhZpl77FapwR07yYG27cQvoJq%2FbMXoMdUggMWprpHUxcf63d7X8h7jiO6%2BSK2ngf0ma1u6LkFIZoa%2B%2BhfP4Unu%2BIQLcRs8jHKSJ2C8sXkOilNPe79mOMk3j7FUY9rXyKnX5%2FfOmcW%2F4hkPOqwpVLpIYBugYydoJERfEWFy9K%2BiV0LWOSGO352HW7CqGsJeH94c7yxILlbtxT0CeuMlbuDICtHh01cH2GPxtt0OyBMx4ZN9EzDxFrzQPR7z9zuLdS36mHKN6JhFDX6Nvc%2FRxcDM2DV5SHCcPUiaAa7qZ6QPoNWrVjQ%3D%3D","entryPoint":"provisionAdminAccount","runtime":"nodejs20","dockerRegistry":"ARTIFACT_REGISTRY","labels":{"deployment-tool":"cli-firebase","deployment-callable":"true","firebase-functions-hash":"74436fef8c2ebebe3f9c654a6faa2958a1c805fc"},"httpsTrigger":{"securityLevel":"SECURE_ALWAYS"},"minInstances":null,"maxInstances":null,"ingressSettings":null,"environmentVariables":{"FIREBASE_CONFIG":"{\"projectId\":\"refreshing-website\",\"storageBucket\":\"refreshing-website.firebasestorage.app\"}","GCLOUD_PROJECT":"refreshing-website","EVENTARC_CLOUD_EVENT_SOURCE":"projects/refreshing-website/locations/us-central1/functions/provisionAdminAccount"},"serviceAccountEmail":null,"availableMemoryMb":null,"timeout":null,"vpcConnector":null,"vpcConnectorEgressSettings":null,"sourceToken":"f57d6fd0-2c70-4ab7-b944-19aed713bef8","buildEnvironmentVariables":{"GOOGLE_NODE_RUN_SCRIPTS":""}}
[2026-08-10T02:57:27.659Z] [queue] Retrying task index 3
[2026-08-10T02:57:27.660Z] Checked if tokens are valid: true, expires at: 1786331729344
[2026-08-10T02:57:27.660Z] Checked if tokens are valid: true, expires at: 1786331729344
[2026-08-10T02:57:27.660Z] >>> [apiv2][query] POST https://cloudfunctions.googleapis.com/v1/projects/refreshing-website/locations/us-central1/functions [none]
[2026-08-10T02:57:27.660Z] >>> [apiv2][body] POST https://cloudfunctions.googleapis.com/v1/projects/refreshing-website/locations/us-central1/functions {"name":"projects/refreshing-website/locations/us-central1/functions/markCheckedIn","sourceUploadUrl":"https://storage.googleapis.com/uploads-836972235469.us-central1.cloudfunctions.appspot.com/02c1e8fa-c1af-4e22-a011-38b11d0d0528.zip?GoogleAccessId=service-832093857842@gcf-admin-robot.iam.gserviceaccount.com&Expires=1786331467&Signature=VvDa9HDI3UGM%2FHi4yzU0DUDtxVA0ODbyjK8rjmhZpl77FapwR07yYG27cQvoJq%2FbMXoMdUggMWprpHUxcf63d7X8h7jiO6%2BSK2ngf0ma1u6LkFIZoa%2B%2BhfP4Unu%2BIQLcRs8jHKSJ2C8sXkOilNPe79mOMk3j7FUY9rXyKnX5%2FfOmcW%2F4hkPOqwpVLpIYBugYydoJERfEWFy9K%2BiV0LWOSGO352HW7CqGsJeH94c7yxILlbtxT0CeuMlbuDICtHh01cH2GPxtt0OyBMx4ZN9EzDxFrzQPR7z9zuLdS36mHKN6JhFDX6Nvc%2FRxcDM2DV5SHCcPUiaAa7qZ6QPoNWrVjQ%3D%3D","entryPoint":"markCheckedIn","runtime":"nodejs20","dockerRegistry":"ARTIFACT_REGISTRY","labels":{"deployment-tool":"cli-firebase","deployment-callable":"true","firebase-functions-hash":"74436fef8c2ebebe3f9c654a6faa2958a1c805fc"},"httpsTrigger":{"securityLevel":"SECURE_ALWAYS"},"minInstances":null,"maxInstances":null,"ingressSettings":null,"environmentVariables":{"FIREBASE_CONFIG":"{\"projectId\":\"refreshing-website\",\"storageBucket\":\"refreshing-website.firebasestorage.app\"}","GCLOUD_PROJECT":"refreshing-website","EVENTARC_CLOUD_EVENT_SOURCE":"projects/refreshing-website/locations/us-central1/functions/markCheckedIn"},"serviceAccountEmail":null,"availableMemoryMb":null,"timeout":null,"vpcConnector":null,"vpcConnectorEgressSettings":null,"sourceToken":"f57d6fd0-2c70-4ab7-b944-19aed713bef8","buildEnvironmentVariables":{"GOOGLE_NODE_RUN_SCRIPTS":""}}
[2026-08-10T02:57:27.663Z] [queue] Retrying task index 5
[2026-08-10T02:57:27.664Z] Checked if tokens are valid: true, expires at: 1786331729344
[2026-08-10T02:57:27.664Z] Checked if tokens are valid: true, expires at: 1786331729344
[2026-08-10T02:57:27.665Z] >>> [apiv2][query] POST https://cloudfunctions.googleapis.com/v1/projects/refreshing-website/locations/us-central1/functions [none]
[2026-08-10T02:57:27.665Z] >>> [apiv2][body] POST https://cloudfunctions.googleapis.com/v1/projects/refreshing-website/locations/us-central1/functions {"name":"projects/refreshing-website/locations/us-central1/functions/syncCheckinView","sourceUploadUrl":"https://storage.googleapis.com/uploads-836972235469.us-central1.cloudfunctions.appspot.com/02c1e8fa-c1af-4e22-a011-38b11d0d0528.zip?GoogleAccessId=service-832093857842@gcf-admin-robot.iam.gserviceaccount.com&Expires=1786331467&Signature=VvDa9HDI3UGM%2FHi4yzU0DUDtxVA0ODbyjK8rjmhZpl77FapwR07yYG27cQvoJq%2FbMXoMdUggMWprpHUxcf63d7X8h7jiO6%2BSK2ngf0ma1u6LkFIZoa%2B%2BhfP4Unu%2BIQLcRs8jHKSJ2C8sXkOilNPe79mOMk3j7FUY9rXyKnX5%2FfOmcW%2F4hkPOqwpVLpIYBugYydoJERfEWFy9K%2BiV0LWOSGO352HW7CqGsJeH94c7yxILlbtxT0CeuMlbuDICtHh01cH2GPxtt0OyBMx4ZN9EzDxFrzQPR7z9zuLdS36mHKN6JhFDX6Nvc%2FRxcDM2DV5SHCcPUiaAa7qZ6QPoNWrVjQ%3D%3D","entryPoint":"syncCheckinView","runtime":"nodejs20","dockerRegistry":"ARTIFACT_REGISTRY","labels":{"deployment-tool":"cli-firebase","firebase-functions-hash":"74436fef8c2ebebe3f9c654a6faa2958a1c805fc"},"eventTrigger":{"eventType":"providers/cloud.firestore/eventTypes/document.write","resource":"projects/refreshing-website/databases/(default)/documents/events/{eventId}/attendees/{attendeeId}"},"minInstances":null,"maxInstances":null,"ingressSettings":null,"environmentVariables":{"FIREBASE_CONFIG":"{\"projectId\":\"refreshing-website\",\"storageBucket\":\"refreshing-website.firebasestorage.app\"}","GCLOUD_PROJECT":"refreshing-website","EVENTARC_CLOUD_EVENT_SOURCE":"projects/refreshing-website/locations/us-central1/functions/syncCheckinView"},"serviceAccountEmail":null,"availableMemoryMb":null,"timeout":null,"vpcConnector":null,"vpcConnectorEgressSettings":null,"sourceToken":"f57d6fd0-2c70-4ab7-b944-19aed713bef8","buildEnvironmentVariables":{"GOOGLE_NODE_RUN_SCRIPTS":""}}
[2026-08-10T02:57:27.669Z] [queue] Retrying task index 10
[2026-08-10T02:57:27.669Z] Checked if tokens are valid: true, expires at: 1786331729344
[2026-08-10T02:57:27.669Z] Checked if tokens are valid: true, expires at: 1786331729344
[2026-08-10T02:57:27.669Z] >>> [apiv2][query] POST https://cloudfunctions.googleapis.com/v1/projects/refreshing-website/locations/us-central1/functions [none]
[2026-08-10T02:57:27.670Z] >>> [apiv2][body] POST https://cloudfunctions.googleapis.com/v1/projects/refreshing-website/locations/us-central1/functions {"name":"projects/refreshing-website/locations/us-central1/functions/pruneVersionHistory","sourceUploadUrl":"https://storage.googleapis.com/uploads-836972235469.us-central1.cloudfunctions.appspot.com/02c1e8fa-c1af-4e22-a011-38b11d0d0528.zip?GoogleAccessId=service-832093857842@gcf-admin-robot.iam.gserviceaccount.com&Expires=1786331467&Signature=VvDa9HDI3UGM%2FHi4yzU0DUDtxVA0ODbyjK8rjmhZpl77FapwR07yYG27cQvoJq%2FbMXoMdUggMWprpHUxcf63d7X8h7jiO6%2BSK2ngf0ma1u6LkFIZoa%2B%2BhfP4Unu%2BIQLcRs8jHKSJ2C8sXkOilNPe79mOMk3j7FUY9rXyKnX5%2FfOmcW%2F4hkPOqwpVLpIYBugYydoJERfEWFy9K%2BiV0LWOSGO352HW7CqGsJeH94c7yxILlbtxT0CeuMlbuDICtHh01cH2GPxtt0OyBMx4ZN9EzDxFrzQPR7z9zuLdS36mHKN6JhFDX6Nvc%2FRxcDM2DV5SHCcPUiaAa7qZ6QPoNWrVjQ%3D%3D","entryPoint":"pruneVersionHistory","runtime":"nodejs20","dockerRegistry":"ARTIFACT_REGISTRY","labels":{"deployment-tool":"cli-firebase","deployment-scheduled":"true","firebase-functions-hash":"74436fef8c2ebebe3f9c654a6faa2958a1c805fc"},"eventTrigger":{"eventType":"google.pubsub.topic.publish","resource":"projects/refreshing-website/topics/firebase-schedule-pruneVersionHistory-us-central1"},"minInstances":null,"maxInstances":null,"ingressSettings":null,"environmentVariables":{"FIREBASE_CONFIG":"{\"projectId\":\"refreshing-website\",\"storageBucket\":\"refreshing-website.firebasestorage.app\"}","GCLOUD_PROJECT":"refreshing-website","EVENTARC_CLOUD_EVENT_SOURCE":"projects/refreshing-website/locations/us-central1/functions/pruneVersionHistory"},"serviceAccountEmail":null,"availableMemoryMb":null,"timeout":null,"vpcConnector":null,"vpcConnectorEgressSettings":null,"sourceToken":"f57d6fd0-2c70-4ab7-b944-19aed713bef8","buildEnvironmentVariables":{"GOOGLE_NODE_RUN_SCRIPTS":""}}
[2026-08-10T02:57:27.677Z] [queue] Retrying task index 8
[2026-08-10T02:57:27.678Z] Checked if tokens are valid: true, expires at: 1786331729344
[2026-08-10T02:57:27.678Z] Checked if tokens are valid: true, expires at: 1786331729344
[2026-08-10T02:57:27.678Z] >>> [apiv2][query] POST https://cloudfunctions.googleapis.com/v1/projects/refreshing-website/locations/us-central1/functions [none]
[2026-08-10T02:57:27.678Z] >>> [apiv2][body] POST https://cloudfunctions.googleapis.com/v1/projects/refreshing-website/locations/us-central1/functions {"name":"projects/refreshing-website/locations/us-central1/functions/auditAttendeesWrite","sourceUploadUrl":"https://storage.googleapis.com/uploads-836972235469.us-central1.cloudfunctions.appspot.com/02c1e8fa-c1af-4e22-a011-38b11d0d0528.zip?GoogleAccessId=service-832093857842@gcf-admin-robot.iam.gserviceaccount.com&Expires=1786331467&Signature=VvDa9HDI3UGM%2FHi4yzU0DUDtxVA0ODbyjK8rjmhZpl77FapwR07yYG27cQvoJq%2FbMXoMdUggMWprpHUxcf63d7X8h7jiO6%2BSK2ngf0ma1u6LkFIZoa%2B%2BhfP4Unu%2BIQLcRs8jHKSJ2C8sXkOilNPe79mOMk3j7FUY9rXyKnX5%2FfOmcW%2F4hkPOqwpVLpIYBugYydoJERfEWFy9K%2BiV0LWOSGO352HW7CqGsJeH94c7yxILlbtxT0CeuMlbuDICtHh01cH2GPxtt0OyBMx4ZN9EzDxFrzQPR7z9zuLdS36mHKN6JhFDX6Nvc%2FRxcDM2DV5SHCcPUiaAa7qZ6QPoNWrVjQ%3D%3D","entryPoint":"auditAttendeesWrite","runtime":"nodejs20","dockerRegistry":"ARTIFACT_REGISTRY","labels":{"deployment-tool":"cli-firebase","firebase-functions-hash":"74436fef8c2ebebe3f9c654a6faa2958a1c805fc"},"eventTrigger":{"eventType":"providers/cloud.firestore/eventTypes/document.write","resource":"projects/refreshing-website/databases/(default)/documents/events/{eventId}/attendees/{attendeeId}"},"minInstances":null,"maxInstances":null,"ingressSettings":null,"environmentVariables":{"FIREBASE_CONFIG":"{\"projectId\":\"refreshing-website\",\"storageBucket\":\"refreshing-website.firebasestorage.app\"}","GCLOUD_PROJECT":"refreshing-website","EVENTARC_CLOUD_EVENT_SOURCE":"projects/refreshing-website/locations/us-central1/functions/auditAttendeesWrite"},"serviceAccountEmail":null,"availableMemoryMb":null,"timeout":null,"vpcConnector":null,"vpcConnectorEgressSettings":null,"sourceToken":"f57d6fd0-2c70-4ab7-b944-19aed713bef8","buildEnvironmentVariables":{"GOOGLE_NODE_RUN_SCRIPTS":""}}
[2026-08-10T02:57:28.230Z] <<< [apiv2][status] POST https://cloudfunctions.googleapis.com/v1/projects/refreshing-website/locations/us-central1/functions 409
[2026-08-10T02:57:28.231Z] <<< [apiv2][body] POST https://cloudfunctions.googleapis.com/v1/projects/refreshing-website/locations/us-central1/functions {"error":{"code":409,"message":"Failed to create 1st Gen function projects/refreshing-website/locations/us-central1/functions/undoCheckIn: Function undoCheckIn in region us-central1 in project refreshing-website already exists","status":"ALREADY_EXISTS"}}
!  functions: failed to create function projects/refreshing-website/locations/us-central1/functions/undoCheckIn 
[2026-08-10T02:57:28.242Z] <<< [apiv2][status] POST https://cloudfunctions.googleapis.com/v1/projects/refreshing-website/locations/us-central1/functions 409
[2026-08-10T02:57:28.242Z] <<< [apiv2][body] POST https://cloudfunctions.googleapis.com/v1/projects/refreshing-website/locations/us-central1/functions {"error":{"code":409,"message":"Failed to create 1st Gen function projects/refreshing-website/locations/us-central1/functions/revokeUserAccess: Function revokeUserAccess in region us-central1 in project refreshing-website already exists","status":"ALREADY_EXISTS"}}
!  functions: failed to create function projects/refreshing-website/locations/us-central1/functions/revokeUserAccess 
[2026-08-10T02:57:28.244Z] <<< [apiv2][status] POST https://cloudfunctions.googleapis.com/v1/projects/refreshing-website/locations/us-central1/functions 409
[2026-08-10T02:57:28.244Z] <<< [apiv2][body] POST https://cloudfunctions.googleapis.com/v1/projects/refreshing-website/locations/us-central1/functions {"error":{"code":409,"message":"Failed to create 1st Gen function projects/refreshing-website/locations/us-central1/functions/pruneVersionHistory: Function pruneVersionHistory in region us-central1 in project refreshing-website already exists","status":"ALREADY_EXISTS"}}
!  functions: failed to create function projects/refreshing-website/locations/us-central1/functions/pruneVersionHistory 
[2026-08-10T02:57:28.246Z] <<< [apiv2][status] POST https://cloudfunctions.googleapis.com/v1/projects/refreshing-website/locations/us-central1/functions 409
[2026-08-10T02:57:28.246Z] <<< [apiv2][body] POST https://cloudfunctions.googleapis.com/v1/projects/refreshing-website/locations/us-central1/functions {"error":{"code":409,"message":"Failed to create 1st Gen function projects/refreshing-website/locations/us-central1/functions/purgeTrash: Function purgeTrash in region us-central1 in project refreshing-website already exists","status":"ALREADY_EXISTS"}}
!  functions: failed to create function projects/refreshing-website/locations/us-central1/functions/purgeTrash 
[2026-08-10T02:57:28.248Z] <<< [apiv2][status] POST https://cloudfunctions.googleapis.com/v1/projects/refreshing-website/locations/us-central1/functions 409
[2026-08-10T02:57:28.248Z] <<< [apiv2][body] POST https://cloudfunctions.googleapis.com/v1/projects/refreshing-website/locations/us-central1/functions {"error":{"code":409,"message":"Failed to create 1st Gen function projects/refreshing-website/locations/us-central1/functions/auditMinistersWrite: Function auditMinistersWrite in region us-central1 in project refreshing-website already exists","status":"ALREADY_EXISTS"}}
!  functions: failed to create function projects/refreshing-website/locations/us-central1/functions/auditMinistersWrite 
[2026-08-10T02:57:28.249Z] <<< [apiv2][status] POST https://cloudfunctions.googleapis.com/v1/projects/refreshing-website/locations/us-central1/functions 409
[2026-08-10T02:57:28.249Z] <<< [apiv2][body] POST https://cloudfunctions.googleapis.com/v1/projects/refreshing-website/locations/us-central1/functions {"error":{"code":409,"message":"Failed to create 1st Gen function projects/refreshing-website/locations/us-central1/functions/provisionAdminAccount: Function provisionAdminAccount in region us-central1 in project refreshing-website already exists","status":"ALREADY_EXISTS"}}
!  functions: failed to create function projects/refreshing-website/locations/us-central1/functions/provisionAdminAccount 
[2026-08-10T02:57:28.250Z] <<< [apiv2][status] POST https://cloudfunctions.googleapis.com/v1/projects/refreshing-website/locations/us-central1/functions 409
[2026-08-10T02:57:28.250Z] <<< [apiv2][body] POST https://cloudfunctions.googleapis.com/v1/projects/refreshing-website/locations/us-central1/functions {"error":{"code":409,"message":"Failed to create 1st Gen function projects/refreshing-website/locations/us-central1/functions/auditSessionsWrite: Function auditSessionsWrite in region us-central1 in project refreshing-website already exists","status":"ALREADY_EXISTS"}}
!  functions: failed to create function projects/refreshing-website/locations/us-central1/functions/auditSessionsWrite 
[2026-08-10T02:57:28.262Z] <<< [apiv2][status] POST https://cloudfunctions.googleapis.com/v1/projects/refreshing-website/locations/us-central1/functions 409
[2026-08-10T02:57:28.262Z] <<< [apiv2][body] POST https://cloudfunctions.googleapis.com/v1/projects/refreshing-website/locations/us-central1/functions {"error":{"code":409,"message":"Failed to create 1st Gen function projects/refreshing-website/locations/us-central1/functions/syncCheckinView: Function syncCheckinView in region us-central1 in project refreshing-website already exists","status":"ALREADY_EXISTS"}}
!  functions: failed to create function projects/refreshing-website/locations/us-central1/functions/syncCheckinView 
[2026-08-10T02:57:28.266Z] <<< [apiv2][status] POST https://cloudfunctions.googleapis.com/v1/projects/refreshing-website/locations/us-central1/functions 409
[2026-08-10T02:57:28.266Z] <<< [apiv2][body] POST https://cloudfunctions.googleapis.com/v1/projects/refreshing-website/locations/us-central1/functions {"error":{"code":409,"message":"Failed to create 1st Gen function projects/refreshing-website/locations/us-central1/functions/setUserRole: Function setUserRole in region us-central1 in project refreshing-website already exists","status":"ALREADY_EXISTS"}}
!  functions: failed to create function projects/refreshing-website/locations/us-central1/functions/setUserRole 
[2026-08-10T02:57:28.268Z] <<< [apiv2][status] POST https://cloudfunctions.googleapis.com/v1/projects/refreshing-website/locations/us-central1/functions 409
[2026-08-10T02:57:28.269Z] <<< [apiv2][body] POST https://cloudfunctions.googleapis.com/v1/projects/refreshing-website/locations/us-central1/functions {"error":{"code":409,"message":"Failed to create 1st Gen function projects/refreshing-website/locations/us-central1/functions/markCheckedIn: Function markCheckedIn in region us-central1 in project refreshing-website already exists","status":"ALREADY_EXISTS"}}
!  functions: failed to create function projects/refreshing-website/locations/us-central1/functions/markCheckedIn 
[2026-08-10T02:57:28.279Z] <<< [apiv2][status] POST https://cloudfunctions.googleapis.com/v1/projects/refreshing-website/locations/us-central1/functions 409
[2026-08-10T02:57:28.279Z] <<< [apiv2][body] POST https://cloudfunctions.googleapis.com/v1/projects/refreshing-website/locations/us-central1/functions {"error":{"code":409,"message":"Failed to create 1st Gen function projects/refreshing-website/locations/us-central1/functions/auditAttendeesWrite: Function auditAttendeesWrite in region us-central1 in project refreshing-website already exists","status":"ALREADY_EXISTS"}}
!  functions: failed to create function projects/refreshing-website/locations/us-central1/functions/auditAttendeesWrite 
[2026-08-10T02:59:08.232Z] [queue] Retrying task index 4
[2026-08-10T02:59:08.233Z] Checked if tokens are valid: true, expires at: 1786331729344
[2026-08-10T02:59:08.233Z] Checked if tokens are valid: true, expires at: 1786331729344
[2026-08-10T02:59:08.233Z] >>> [apiv2][query] POST https://cloudfunctions.googleapis.com/v1/projects/refreshing-website/locations/us-central1/functions [none]
[2026-08-10T02:59:08.235Z] >>> [apiv2][body] POST https://cloudfunctions.googleapis.com/v1/projects/refreshing-website/locations/us-central1/functions {"name":"projects/refreshing-website/locations/us-central1/functions/undoCheckIn","sourceUploadUrl":"https://storage.googleapis.com/uploads-836972235469.us-central1.cloudfunctions.appspot.com/02c1e8fa-c1af-4e22-a011-38b11d0d0528.zip?GoogleAccessId=service-832093857842@gcf-admin-robot.iam.gserviceaccount.com&Expires=1786331467&Signature=VvDa9HDI3UGM%2FHi4yzU0DUDtxVA0ODbyjK8rjmhZpl77FapwR07yYG27cQvoJq%2FbMXoMdUggMWprpHUxcf63d7X8h7jiO6%2BSK2ngf0ma1u6LkFIZoa%2B%2BhfP4Unu%2BIQLcRs8jHKSJ2C8sXkOilNPe79mOMk3j7FUY9rXyKnX5%2FfOmcW%2F4hkPOqwpVLpIYBugYydoJERfEWFy9K%2BiV0LWOSGO352HW7CqGsJeH94c7yxILlbtxT0CeuMlbuDICtHh01cH2GPxtt0OyBMx4ZN9EzDxFrzQPR7z9zuLdS36mHKN6JhFDX6Nvc%2FRxcDM2DV5SHCcPUiaAa7qZ6QPoNWrVjQ%3D%3D","entryPoint":"undoCheckIn","runtime":"nodejs20","dockerRegistry":"ARTIFACT_REGISTRY","labels":{"deployment-tool":"cli-firebase","deployment-callable":"true","firebase-functions-hash":"74436fef8c2ebebe3f9c654a6faa2958a1c805fc"},"httpsTrigger":{"securityLevel":"SECURE_ALWAYS"},"minInstances":null,"maxInstances":null,"ingressSettings":null,"environmentVariables":{"FIREBASE_CONFIG":"{\"projectId\":\"refreshing-website\",\"storageBucket\":\"refreshing-website.firebasestorage.app\"}","GCLOUD_PROJECT":"refreshing-website","EVENTARC_CLOUD_EVENT_SOURCE":"projects/refreshing-website/locations/us-central1/functions/undoCheckIn"},"serviceAccountEmail":null,"availableMemoryMb":null,"timeout":null,"vpcConnector":null,"vpcConnectorEgressSettings":null,"sourceToken":"f57d6fd0-2c70-4ab7-b944-19aed713bef8","buildEnvironmentVariables":{"GOOGLE_NODE_RUN_SCRIPTS":""}}
[2026-08-10T02:59:08.244Z] [queue] Retrying task index 2
[2026-08-10T02:59:08.244Z] Checked if tokens are valid: true, expires at: 1786331729344
[2026-08-10T02:59:08.244Z] Checked if tokens are valid: true, expires at: 1786331729344
[2026-08-10T02:59:08.244Z] >>> [apiv2][query] POST https://cloudfunctions.googleapis.com/v1/projects/refreshing-website/locations/us-central1/functions [none]
[2026-08-10T02:59:08.244Z] >>> [apiv2][body] POST https://cloudfunctions.googleapis.com/v1/projects/refreshing-website/locations/us-central1/functions {"name":"projects/refreshing-website/locations/us-central1/functions/revokeUserAccess","sourceUploadUrl":"https://storage.googleapis.com/uploads-836972235469.us-central1.cloudfunctions.appspot.com/02c1e8fa-c1af-4e22-a011-38b11d0d0528.zip?GoogleAccessId=service-832093857842@gcf-admin-robot.iam.gserviceaccount.com&Expires=1786331467&Signature=VvDa9HDI3UGM%2FHi4yzU0DUDtxVA0ODbyjK8rjmhZpl77FapwR07yYG27cQvoJq%2FbMXoMdUggMWprpHUxcf63d7X8h7jiO6%2BSK2ngf0ma1u6LkFIZoa%2B%2BhfP4Unu%2BIQLcRs8jHKSJ2C8sXkOilNPe79mOMk3j7FUY9rXyKnX5%2FfOmcW%2F4hkPOqwpVLpIYBugYydoJERfEWFy9K%2BiV0LWOSGO352HW7CqGsJeH94c7yxILlbtxT0CeuMlbuDICtHh01cH2GPxtt0OyBMx4ZN9EzDxFrzQPR7z9zuLdS36mHKN6JhFDX6Nvc%2FRxcDM2DV5SHCcPUiaAa7qZ6QPoNWrVjQ%3D%3D","entryPoint":"revokeUserAccess","runtime":"nodejs20","dockerRegistry":"ARTIFACT_REGISTRY","labels":{"deployment-tool":"cli-firebase","deployment-callable":"true","firebase-functions-hash":"74436fef8c2ebebe3f9c654a6faa2958a1c805fc"},"httpsTrigger":{"securityLevel":"SECURE_ALWAYS"},"minInstances":null,"maxInstances":null,"ingressSettings":null,"environmentVariables":{"FIREBASE_CONFIG":"{\"projectId\":\"refreshing-website\",\"storageBucket\":\"refreshing-website.firebasestorage.app\"}","GCLOUD_PROJECT":"refreshing-website","EVENTARC_CLOUD_EVENT_SOURCE":"projects/refreshing-website/locations/us-central1/functions/revokeUserAccess"},"serviceAccountEmail":null,"availableMemoryMb":null,"timeout":null,"vpcConnector":null,"vpcConnectorEgressSettings":null,"sourceToken":"f57d6fd0-2c70-4ab7-b944-19aed713bef8","buildEnvironmentVariables":{"GOOGLE_NODE_RUN_SCRIPTS":""}}
[2026-08-10T02:59:08.254Z] [queue] Retrying task index 10
[2026-08-10T02:59:08.254Z] Checked if tokens are valid: true, expires at: 1786331729344
[2026-08-10T02:59:08.254Z] Checked if tokens are valid: true, expires at: 1786331729344
[2026-08-10T02:59:08.255Z] >>> [apiv2][query] POST https://cloudfunctions.googleapis.com/v1/projects/refreshing-website/locations/us-central1/functions [none]
[2026-08-10T02:59:08.255Z] >>> [apiv2][body] POST https://cloudfunctions.googleapis.com/v1/projects/refreshing-website/locations/us-central1/functions {"name":"projects/refreshing-website/locations/us-central1/functions/pruneVersionHistory","sourceUploadUrl":"https://storage.googleapis.com/uploads-836972235469.us-central1.cloudfunctions.appspot.com/02c1e8fa-c1af-4e22-a011-38b11d0d0528.zip?GoogleAccessId=service-832093857842@gcf-admin-robot.iam.gserviceaccount.com&Expires=1786331467&Signature=VvDa9HDI3UGM%2FHi4yzU0DUDtxVA0ODbyjK8rjmhZpl77FapwR07yYG27cQvoJq%2FbMXoMdUggMWprpHUxcf63d7X8h7jiO6%2BSK2ngf0ma1u6LkFIZoa%2B%2BhfP4Unu%2BIQLcRs8jHKSJ2C8sXkOilNPe79mOMk3j7FUY9rXyKnX5%2FfOmcW%2F4hkPOqwpVLpIYBugYydoJERfEWFy9K%2BiV0LWOSGO352HW7CqGsJeH94c7yxILlbtxT0CeuMlbuDICtHh01cH2GPxtt0OyBMx4ZN9EzDxFrzQPR7z9zuLdS36mHKN6JhFDX6Nvc%2FRxcDM2DV5SHCcPUiaAa7qZ6QPoNWrVjQ%3D%3D","entryPoint":"pruneVersionHistory","runtime":"nodejs20","dockerRegistry":"ARTIFACT_REGISTRY","labels":{"deployment-tool":"cli-firebase","deployment-scheduled":"true","firebase-functions-hash":"74436fef8c2ebebe3f9c654a6faa2958a1c805fc"},"eventTrigger":{"eventType":"google.pubsub.topic.publish","resource":"projects/refreshing-website/topics/firebase-schedule-pruneVersionHistory-us-central1"},"minInstances":null,"maxInstances":null,"ingressSettings":null,"environmentVariables":{"FIREBASE_CONFIG":"{\"projectId\":\"refreshing-website\",\"storageBucket\":\"refreshing-website.firebasestorage.app\"}","GCLOUD_PROJECT":"refreshing-website","EVENTARC_CLOUD_EVENT_SOURCE":"projects/refreshing-website/locations/us-central1/functions/pruneVersionHistory"},"serviceAccountEmail":null,"availableMemoryMb":null,"timeout":null,"vpcConnector":null,"vpcConnectorEgressSettings":null,"sourceToken":"f57d6fd0-2c70-4ab7-b944-19aed713bef8","buildEnvironmentVariables":{"GOOGLE_NODE_RUN_SCRIPTS":""}}
[2026-08-10T02:59:08.258Z] [queue] Retrying task index 9
[2026-08-10T02:59:08.259Z] Checked if tokens are valid: true, expires at: 1786331729344
[2026-08-10T02:59:08.259Z] Checked if tokens are valid: true, expires at: 1786331729344
[2026-08-10T02:59:08.259Z] >>> [apiv2][query] POST https://cloudfunctions.googleapis.com/v1/projects/refreshing-website/locations/us-central1/functions [none]
[2026-08-10T02:59:08.259Z] >>> [apiv2][body] POST https://cloudfunctions.googleapis.com/v1/projects/refreshing-website/locations/us-central1/functions {"name":"projects/refreshing-website/locations/us-central1/functions/purgeTrash","sourceUploadUrl":"https://storage.googleapis.com/uploads-836972235469.us-central1.cloudfunctions.appspot.com/02c1e8fa-c1af-4e22-a011-38b11d0d0528.zip?GoogleAccessId=service-832093857842@gcf-admin-robot.iam.gserviceaccount.com&Expires=1786331467&Signature=VvDa9HDI3UGM%2FHi4yzU0DUDtxVA0ODbyjK8rjmhZpl77FapwR07yYG27cQvoJq%2FbMXoMdUggMWprpHUxcf63d7X8h7jiO6%2BSK2ngf0ma1u6LkFIZoa%2B%2BhfP4Unu%2BIQLcRs8jHKSJ2C8sXkOilNPe79mOMk3j7FUY9rXyKnX5%2FfOmcW%2F4hkPOqwpVLpIYBugYydoJERfEWFy9K%2BiV0LWOSGO352HW7CqGsJeH94c7yxILlbtxT0CeuMlbuDICtHh01cH2GPxtt0OyBMx4ZN9EzDxFrzQPR7z9zuLdS36mHKN6JhFDX6Nvc%2FRxcDM2DV5SHCcPUiaAa7qZ6QPoNWrVjQ%3D%3D","entryPoint":"purgeTrash","runtime":"nodejs20","dockerRegistry":"ARTIFACT_REGISTRY","labels":{"deployment-tool":"cli-firebase","deployment-scheduled":"true","firebase-functions-hash":"74436fef8c2ebebe3f9c654a6faa2958a1c805fc"},"eventTrigger":{"eventType":"google.pubsub.topic.publish","resource":"projects/refreshing-website/topics/firebase-schedule-purgeTrash-us-central1"},"minInstances":null,"maxInstances":null,"ingressSettings":null,"environmentVariables":{"FIREBASE_CONFIG":"{\"projectId\":\"refreshing-website\",\"storageBucket\":\"refreshing-website.firebasestorage.app\"}","GCLOUD_PROJECT":"refreshing-website","EVENTARC_CLOUD_EVENT_SOURCE":"projects/refreshing-website/locations/us-central1/functions/purgeTrash"},"serviceAccountEmail":null,"availableMemoryMb":null,"timeout":null,"vpcConnector":null,"vpcConnectorEgressSettings":null,"sourceToken":"f57d6fd0-2c70-4ab7-b944-19aed713bef8","buildEnvironmentVariables":{"GOOGLE_NODE_RUN_SCRIPTS":""}}
[2026-08-10T02:59:08.265Z] [queue] Retrying task index 6
[2026-08-10T02:59:08.265Z] Checked if tokens are valid: true, expires at: 1786331729344
[2026-08-10T02:59:08.265Z] Checked if tokens are valid: true, expires at: 1786331729344
[2026-08-10T02:59:08.265Z] >>> [apiv2][query] POST https://cloudfunctions.googleapis.com/v1/projects/refreshing-website/locations/us-central1/functions [none]
[2026-08-10T02:59:08.265Z] >>> [apiv2][body] POST https://cloudfunctions.googleapis.com/v1/projects/refreshing-website/locations/us-central1/functions {"name":"projects/refreshing-website/locations/us-central1/functions/auditMinistersWrite","sourceUploadUrl":"https://storage.googleapis.com/uploads-836972235469.us-central1.cloudfunctions.appspot.com/02c1e8fa-c1af-4e22-a011-38b11d0d0528.zip?GoogleAccessId=service-832093857842@gcf-admin-robot.iam.gserviceaccount.com&Expires=1786331467&Signature=VvDa9HDI3UGM%2FHi4yzU0DUDtxVA0ODbyjK8rjmhZpl77FapwR07yYG27cQvoJq%2FbMXoMdUggMWprpHUxcf63d7X8h7jiO6%2BSK2ngf0ma1u6LkFIZoa%2B%2BhfP4Unu%2BIQLcRs8jHKSJ2C8sXkOilNPe79mOMk3j7FUY9rXyKnX5%2FfOmcW%2F4hkPOqwpVLpIYBugYydoJERfEWFy9K%2BiV0LWOSGO352HW7CqGsJeH94c7yxILlbtxT0CeuMlbuDICtHh01cH2GPxtt0OyBMx4ZN9EzDxFrzQPR7z9zuLdS36mHKN6JhFDX6Nvc%2FRxcDM2DV5SHCcPUiaAa7qZ6QPoNWrVjQ%3D%3D","entryPoint":"auditMinistersWrite","runtime":"nodejs20","dockerRegistry":"ARTIFACT_REGISTRY","labels":{"deployment-tool":"cli-firebase","firebase-functions-hash":"74436fef8c2ebebe3f9c654a6faa2958a1c805fc"},"eventTrigger":{"eventType":"providers/cloud.firestore/eventTypes/document.write","resource":"projects/refreshing-website/databases/(default)/documents/events/{eventId}/ministers/{ministerId}"},"minInstances":null,"maxInstances":null,"ingressSettings":null,"environmentVariables":{"FIREBASE_CONFIG":"{\"projectId\":\"refreshing-website\",\"storageBucket\":\"refreshing-website.firebasestorage.app\"}","GCLOUD_PROJECT":"refreshing-website","EVENTARC_CLOUD_EVENT_SOURCE":"projects/refreshing-website/locations/us-central1/functions/auditMinistersWrite"},"serviceAccountEmail":null,"availableMemoryMb":null,"timeout":null,"vpcConnector":null,"vpcConnectorEgressSettings":null,"sourceToken":"f57d6fd0-2c70-4ab7-b944-19aed713bef8","buildEnvironmentVariables":{"GOOGLE_NODE_RUN_SCRIPTS":""}}
[2026-08-10T02:59:08.268Z] [queue] Retrying task index 11
[2026-08-10T02:59:08.269Z] Checked if tokens are valid: true, expires at: 1786331729344
[2026-08-10T02:59:08.269Z] Checked if tokens are valid: true, expires at: 1786331729344
[2026-08-10T02:59:08.269Z] >>> [apiv2][query] POST https://cloudfunctions.googleapis.com/v1/projects/refreshing-website/locations/us-central1/functions [none]
[2026-08-10T02:59:08.269Z] >>> [apiv2][body] POST https://cloudfunctions.googleapis.com/v1/projects/refreshing-website/locations/us-central1/functions {"name":"projects/refreshing-website/locations/us-central1/functions/provisionAdminAccount","sourceUploadUrl":"https://storage.googleapis.com/uploads-836972235469.us-central1.cloudfunctions.appspot.com/02c1e8fa-c1af-4e22-a011-38b11d0d0528.zip?GoogleAccessId=service-832093857842@gcf-admin-robot.iam.gserviceaccount.com&Expires=1786331467&Signature=VvDa9HDI3UGM%2FHi4yzU0DUDtxVA0ODbyjK8rjmhZpl77FapwR07yYG27cQvoJq%2FbMXoMdUggMWprpHUxcf63d7X8h7jiO6%2BSK2ngf0ma1u6LkFIZoa%2B%2BhfP4Unu%2BIQLcRs8jHKSJ2C8sXkOilNPe79mOMk3j7FUY9rXyKnX5%2FfOmcW%2F4hkPOqwpVLpIYBugYydoJERfEWFy9K%2BiV0LWOSGO352HW7CqGsJeH94c7yxILlbtxT0CeuMlbuDICtHh01cH2GPxtt0OyBMx4ZN9EzDxFrzQPR7z9zuLdS36mHKN6JhFDX6Nvc%2FRxcDM2DV5SHCcPUiaAa7qZ6QPoNWrVjQ%3D%3D","entryPoint":"provisionAdminAccount","runtime":"nodejs20","dockerRegistry":"ARTIFACT_REGISTRY","labels":{"deployment-tool":"cli-firebase","deployment-callable":"true","firebase-functions-hash":"74436fef8c2ebebe3f9c654a6faa2958a1c805fc"},"httpsTrigger":{"securityLevel":"SECURE_ALWAYS"},"minInstances":null,"maxInstances":null,"ingressSettings":null,"environmentVariables":{"FIREBASE_CONFIG":"{\"projectId\":\"refreshing-website\",\"storageBucket\":\"refreshing-website.firebasestorage.app\"}","GCLOUD_PROJECT":"refreshing-website","EVENTARC_CLOUD_EVENT_SOURCE":"projects/refreshing-website/locations/us-central1/functions/provisionAdminAccount"},"serviceAccountEmail":null,"availableMemoryMb":null,"timeout":null,"vpcConnector":null,"vpcConnectorEgressSettings":null,"sourceToken":"f57d6fd0-2c70-4ab7-b944-19aed713bef8","buildEnvironmentVariables":{"GOOGLE_NODE_RUN_SCRIPTS":""}}
[2026-08-10T02:59:08.271Z] [queue] Retrying task index 7
[2026-08-10T02:59:08.272Z] Checked if tokens are valid: true, expires at: 1786331729344
[2026-08-10T02:59:08.272Z] Checked if tokens are valid: true, expires at: 1786331729344
[2026-08-10T02:59:08.272Z] >>> [apiv2][query] POST https://cloudfunctions.googleapis.com/v1/projects/refreshing-website/locations/us-central1/functions [none]
[2026-08-10T02:59:08.272Z] >>> [apiv2][body] POST https://cloudfunctions.googleapis.com/v1/projects/refreshing-website/locations/us-central1/functions {"name":"projects/refreshing-website/locations/us-central1/functions/auditSessionsWrite","sourceUploadUrl":"https://storage.googleapis.com/uploads-836972235469.us-central1.cloudfunctions.appspot.com/02c1e8fa-c1af-4e22-a011-38b11d0d0528.zip?GoogleAccessId=service-832093857842@gcf-admin-robot.iam.gserviceaccount.com&Expires=1786331467&Signature=VvDa9HDI3UGM%2FHi4yzU0DUDtxVA0ODbyjK8rjmhZpl77FapwR07yYG27cQvoJq%2FbMXoMdUggMWprpHUxcf63d7X8h7jiO6%2BSK2ngf0ma1u6LkFIZoa%2B%2BhfP4Unu%2BIQLcRs8jHKSJ2C8sXkOilNPe79mOMk3j7FUY9rXyKnX5%2FfOmcW%2F4hkPOqwpVLpIYBugYydoJERfEWFy9K%2BiV0LWOSGO352HW7CqGsJeH94c7yxILlbtxT0CeuMlbuDICtHh01cH2GPxtt0OyBMx4ZN9EzDxFrzQPR7z9zuLdS36mHKN6JhFDX6Nvc%2FRxcDM2DV5SHCcPUiaAa7qZ6QPoNWrVjQ%3D%3D","entryPoint":"auditSessionsWrite","runtime":"nodejs20","dockerRegistry":"ARTIFACT_REGISTRY","labels":{"deployment-tool":"cli-firebase","firebase-functions-hash":"74436fef8c2ebebe3f9c654a6faa2958a1c805fc"},"eventTrigger":{"eventType":"providers/cloud.firestore/eventTypes/document.write","resource":"projects/refreshing-website/databases/(default)/documents/events/{eventId}/sessions/{sessionId}"},"minInstances":null,"maxInstances":null,"ingressSettings":null,"environmentVariables":{"FIREBASE_CONFIG":"{\"projectId\":\"refreshing-website\",\"storageBucket\":\"refreshing-website.firebasestorage.app\"}","GCLOUD_PROJECT":"refreshing-website","EVENTARC_CLOUD_EVENT_SOURCE":"projects/refreshing-website/locations/us-central1/functions/auditSessionsWrite"},"serviceAccountEmail":null,"availableMemoryMb":null,"timeout":null,"vpcConnector":null,"vpcConnectorEgressSettings":null,"sourceToken":"f57d6fd0-2c70-4ab7-b944-19aed713bef8","buildEnvironmentVariables":{"GOOGLE_NODE_RUN_SCRIPTS":""}}
[2026-08-10T02:59:08.303Z] [queue] Retrying task index 5
[2026-08-10T02:59:08.303Z] Checked if tokens are valid: true, expires at: 1786331729344
[2026-08-10T02:59:08.304Z] Checked if tokens are valid: true, expires at: 1786331729344
[2026-08-10T02:59:08.304Z] >>> [apiv2][query] POST https://cloudfunctions.googleapis.com/v1/projects/refreshing-website/locations/us-central1/functions [none]
[2026-08-10T02:59:08.304Z] >>> [apiv2][body] POST https://cloudfunctions.googleapis.com/v1/projects/refreshing-website/locations/us-central1/functions {"name":"projects/refreshing-website/locations/us-central1/functions/syncCheckinView","sourceUploadUrl":"https://storage.googleapis.com/uploads-836972235469.us-central1.cloudfunctions.appspot.com/02c1e8fa-c1af-4e22-a011-38b11d0d0528.zip?GoogleAccessId=service-832093857842@gcf-admin-robot.iam.gserviceaccount.com&Expires=1786331467&Signature=VvDa9HDI3UGM%2FHi4yzU0DUDtxVA0ODbyjK8rjmhZpl77FapwR07yYG27cQvoJq%2FbMXoMdUggMWprpHUxcf63d7X8h7jiO6%2BSK2ngf0ma1u6LkFIZoa%2B%2BhfP4Unu%2BIQLcRs8jHKSJ2C8sXkOilNPe79mOMk3j7FUY9rXyKnX5%2FfOmcW%2F4hkPOqwpVLpIYBugYydoJERfEWFy9K%2BiV0LWOSGO352HW7CqGsJeH94c7yxILlbtxT0CeuMlbuDICtHh01cH2GPxtt0OyBMx4ZN9EzDxFrzQPR7z9zuLdS36mHKN6JhFDX6Nvc%2FRxcDM2DV5SHCcPUiaAa7qZ6QPoNWrVjQ%3D%3D","entryPoint":"syncCheckinView","runtime":"nodejs20","dockerRegistry":"ARTIFACT_REGISTRY","labels":{"deployment-tool":"cli-firebase","firebase-functions-hash":"74436fef8c2ebebe3f9c654a6faa2958a1c805fc"},"eventTrigger":{"eventType":"providers/cloud.firestore/eventTypes/document.write","resource":"projects/refreshing-website/databases/(default)/documents/events/{eventId}/attendees/{attendeeId}"},"minInstances":null,"maxInstances":null,"ingressSettings":null,"environmentVariables":{"FIREBASE_CONFIG":"{\"projectId\":\"refreshing-website\",\"storageBucket\":\"refreshing-website.firebasestorage.app\"}","GCLOUD_PROJECT":"refreshing-website","EVENTARC_CLOUD_EVENT_SOURCE":"projects/refreshing-website/locations/us-central1/functions/syncCheckinView"},"serviceAccountEmail":null,"availableMemoryMb":null,"timeout":null,"vpcConnector":null,"vpcConnectorEgressSettings":null,"sourceToken":"f57d6fd0-2c70-4ab7-b944-19aed713bef8","buildEnvironmentVariables":{"GOOGLE_NODE_RUN_SCRIPTS":""}}
[2026-08-10T02:59:08.308Z] [queue] Retrying task index 1
[2026-08-10T02:59:08.309Z] Checked if tokens are valid: true, expires at: 1786331729344
[2026-08-10T02:59:08.309Z] Checked if tokens are valid: true, expires at: 1786331729344
[2026-08-10T02:59:08.311Z] >>> [apiv2][query] POST https://cloudfunctions.googleapis.com/v1/projects/refreshing-website/locations/us-central1/functions [none]
[2026-08-10T02:59:08.311Z] >>> [apiv2][body] POST https://cloudfunctions.googleapis.com/v1/projects/refreshing-website/locations/us-central1/functions {"name":"projects/refreshing-website/locations/us-central1/functions/setUserRole","sourceUploadUrl":"https://storage.googleapis.com/uploads-836972235469.us-central1.cloudfunctions.appspot.com/02c1e8fa-c1af-4e22-a011-38b11d0d0528.zip?GoogleAccessId=service-832093857842@gcf-admin-robot.iam.gserviceaccount.com&Expires=1786331467&Signature=VvDa9HDI3UGM%2FHi4yzU0DUDtxVA0ODbyjK8rjmhZpl77FapwR07yYG27cQvoJq%2FbMXoMdUggMWprpHUxcf63d7X8h7jiO6%2BSK2ngf0ma1u6LkFIZoa%2B%2BhfP4Unu%2BIQLcRs8jHKSJ2C8sXkOilNPe79mOMk3j7FUY9rXyKnX5%2FfOmcW%2F4hkPOqwpVLpIYBugYydoJERfEWFy9K%2BiV0LWOSGO352HW7CqGsJeH94c7yxILlbtxT0CeuMlbuDICtHh01cH2GPxtt0OyBMx4ZN9EzDxFrzQPR7z9zuLdS36mHKN6JhFDX6Nvc%2FRxcDM2DV5SHCcPUiaAa7qZ6QPoNWrVjQ%3D%3D","entryPoint":"setUserRole","runtime":"nodejs20","dockerRegistry":"ARTIFACT_REGISTRY","labels":{"deployment-tool":"cli-firebase","deployment-callable":"true","firebase-functions-hash":"74436fef8c2ebebe3f9c654a6faa2958a1c805fc"},"httpsTrigger":{"securityLevel":"SECURE_ALWAYS"},"minInstances":null,"maxInstances":null,"ingressSettings":null,"environmentVariables":{"FIREBASE_CONFIG":"{\"projectId\":\"refreshing-website\",\"storageBucket\":\"refreshing-website.firebasestorage.app\"}","GCLOUD_PROJECT":"refreshing-website","EVENTARC_CLOUD_EVENT_SOURCE":"projects/refreshing-website/locations/us-central1/functions/setUserRole"},"serviceAccountEmail":null,"availableMemoryMb":null,"timeout":null,"vpcConnector":null,"vpcConnectorEgressSettings":null,"sourceToken":"f57d6fd0-2c70-4ab7-b944-19aed713bef8","buildEnvironmentVariables":{"GOOGLE_NODE_RUN_SCRIPTS":""}}
[2026-08-10T02:59:08.314Z] [queue] Retrying task index 3
[2026-08-10T02:59:08.314Z] Checked if tokens are valid: true, expires at: 1786331729344
[2026-08-10T02:59:08.314Z] Checked if tokens are valid: true, expires at: 1786331729344
[2026-08-10T02:59:08.314Z] >>> [apiv2][query] POST https://cloudfunctions.googleapis.com/v1/projects/refreshing-website/locations/us-central1/functions [none]
[2026-08-10T02:59:08.315Z] >>> [apiv2][body] POST https://cloudfunctions.googleapis.com/v1/projects/refreshing-website/locations/us-central1/functions {"name":"projects/refreshing-website/locations/us-central1/functions/markCheckedIn","sourceUploadUrl":"https://storage.googleapis.com/uploads-836972235469.us-central1.cloudfunctions.appspot.com/02c1e8fa-c1af-4e22-a011-38b11d0d0528.zip?GoogleAccessId=service-832093857842@gcf-admin-robot.iam.gserviceaccount.com&Expires=1786331467&Signature=VvDa9HDI3UGM%2FHi4yzU0DUDtxVA0ODbyjK8rjmhZpl77FapwR07yYG27cQvoJq%2FbMXoMdUggMWprpHUxcf63d7X8h7jiO6%2BSK2ngf0ma1u6LkFIZoa%2B%2BhfP4Unu%2BIQLcRs8jHKSJ2C8sXkOilNPe79mOMk3j7FUY9rXyKnX5%2FfOmcW%2F4hkPOqwpVLpIYBugYydoJERfEWFy9K%2BiV0LWOSGO352HW7CqGsJeH94c7yxILlbtxT0CeuMlbuDICtHh01cH2GPxtt0OyBMx4ZN9EzDxFrzQPR7z9zuLdS36mHKN6JhFDX6Nvc%2FRxcDM2DV5SHCcPUiaAa7qZ6QPoNWrVjQ%3D%3D","entryPoint":"markCheckedIn","runtime":"nodejs20","dockerRegistry":"ARTIFACT_REGISTRY","labels":{"deployment-tool":"cli-firebase","deployment-callable":"true","firebase-functions-hash":"74436fef8c2ebebe3f9c654a6faa2958a1c805fc"},"httpsTrigger":{"securityLevel":"SECURE_ALWAYS"},"minInstances":null,"maxInstances":null,"ingressSettings":null,"environmentVariables":{"FIREBASE_CONFIG":"{\"projectId\":\"refreshing-website\",\"storageBucket\":\"refreshing-website.firebasestorage.app\"}","GCLOUD_PROJECT":"refreshing-website","EVENTARC_CLOUD_EVENT_SOURCE":"projects/refreshing-website/locations/us-central1/functions/markCheckedIn"},"serviceAccountEmail":null,"availableMemoryMb":null,"timeout":null,"vpcConnector":null,"vpcConnectorEgressSettings":null,"sourceToken":"f57d6fd0-2c70-4ab7-b944-19aed713bef8","buildEnvironmentVariables":{"GOOGLE_NODE_RUN_SCRIPTS":""}}
[2026-08-10T02:59:08.317Z] [queue] Retrying task index 8
[2026-08-10T02:59:08.317Z] Checked if tokens are valid: true, expires at: 1786331729344
[2026-08-10T02:59:08.317Z] Checked if tokens are valid: true, expires at: 1786331729344
[2026-08-10T02:59:08.317Z] >>> [apiv2][query] POST https://cloudfunctions.googleapis.com/v1/projects/refreshing-website/locations/us-central1/functions [none]
[2026-08-10T02:59:08.317Z] >>> [apiv2][body] POST https://cloudfunctions.googleapis.com/v1/projects/refreshing-website/locations/us-central1/functions {"name":"projects/refreshing-website/locations/us-central1/functions/auditAttendeesWrite","sourceUploadUrl":"https://storage.googleapis.com/uploads-836972235469.us-central1.cloudfunctions.appspot.com/02c1e8fa-c1af-4e22-a011-38b11d0d0528.zip?GoogleAccessId=service-832093857842@gcf-admin-robot.iam.gserviceaccount.com&Expires=1786331467&Signature=VvDa9HDI3UGM%2FHi4yzU0DUDtxVA0ODbyjK8rjmhZpl77FapwR07yYG27cQvoJq%2FbMXoMdUggMWprpHUxcf63d7X8h7jiO6%2BSK2ngf0ma1u6LkFIZoa%2B%2BhfP4Unu%2BIQLcRs8jHKSJ2C8sXkOilNPe79mOMk3j7FUY9rXyKnX5%2FfOmcW%2F4hkPOqwpVLpIYBugYydoJERfEWFy9K%2BiV0LWOSGO352HW7CqGsJeH94c7yxILlbtxT0CeuMlbuDICtHh01cH2GPxtt0OyBMx4ZN9EzDxFrzQPR7z9zuLdS36mHKN6JhFDX6Nvc%2FRxcDM2DV5SHCcPUiaAa7qZ6QPoNWrVjQ%3D%3D","entryPoint":"auditAttendeesWrite","runtime":"nodejs20","dockerRegistry":"ARTIFACT_REGISTRY","labels":{"deployment-tool":"cli-firebase","firebase-functions-hash":"74436fef8c2ebebe3f9c654a6faa2958a1c805fc"},"eventTrigger":{"eventType":"providers/cloud.firestore/eventTypes/document.write","resource":"projects/refreshing-website/databases/(default)/documents/events/{eventId}/attendees/{attendeeId}"},"minInstances":null,"maxInstances":null,"ingressSettings":null,"environmentVariables":{"FIREBASE_CONFIG":"{\"projectId\":\"refreshing-website\",\"storageBucket\":\"refreshing-website.firebasestorage.app\"}","GCLOUD_PROJECT":"refreshing-website","EVENTARC_CLOUD_EVENT_SOURCE":"projects/refreshing-website/locations/us-central1/functions/auditAttendeesWrite"},"serviceAccountEmail":null,"availableMemoryMb":null,"timeout":null,"vpcConnector":null,"vpcConnectorEgressSettings":null,"sourceToken":"f57d6fd0-2c70-4ab7-b944-19aed713bef8","buildEnvironmentVariables":{"GOOGLE_NODE_RUN_SCRIPTS":""}}
[2026-08-10T02:59:08.899Z] <<< [apiv2][status] POST https://cloudfunctions.googleapis.com/v1/projects/refreshing-website/locations/us-central1/functions 409
[2026-08-10T02:59:08.899Z] <<< [apiv2][body] POST https://cloudfunctions.googleapis.com/v1/projects/refreshing-website/locations/us-central1/functions {"error":{"code":409,"message":"Failed to create 1st Gen function projects/refreshing-website/locations/us-central1/functions/purgeTrash: Function purgeTrash in region us-central1 in project refreshing-website already exists","status":"ALREADY_EXISTS"}}
!  functions: failed to create function projects/refreshing-website/locations/us-central1/functions/purgeTrash 
[2026-08-10T02:59:08.900Z] <<< [apiv2][status] POST https://cloudfunctions.googleapis.com/v1/projects/refreshing-website/locations/us-central1/functions 409
[2026-08-10T02:59:08.900Z] <<< [apiv2][body] POST https://cloudfunctions.googleapis.com/v1/projects/refreshing-website/locations/us-central1/functions {"error":{"code":409,"message":"Failed to create 1st Gen function projects/refreshing-website/locations/us-central1/functions/pruneVersionHistory: Function pruneVersionHistory in region us-central1 in project refreshing-website already exists","status":"ALREADY_EXISTS"}}
!  functions: failed to create function projects/refreshing-website/locations/us-central1/functions/pruneVersionHistory 
[2026-08-10T02:59:08.910Z] <<< [apiv2][status] POST https://cloudfunctions.googleapis.com/v1/projects/refreshing-website/locations/us-central1/functions 409
[2026-08-10T02:59:08.910Z] <<< [apiv2][body] POST https://cloudfunctions.googleapis.com/v1/projects/refreshing-website/locations/us-central1/functions {"error":{"code":409,"message":"Failed to create 1st Gen function projects/refreshing-website/locations/us-central1/functions/undoCheckIn: Function undoCheckIn in region us-central1 in project refreshing-website already exists","status":"ALREADY_EXISTS"}}
!  functions: failed to create function projects/refreshing-website/locations/us-central1/functions/undoCheckIn 
[2026-08-10T02:59:08.913Z] <<< [apiv2][status] POST https://cloudfunctions.googleapis.com/v1/projects/refreshing-website/locations/us-central1/functions 409
[2026-08-10T02:59:08.913Z] <<< [apiv2][body] POST https://cloudfunctions.googleapis.com/v1/projects/refreshing-website/locations/us-central1/functions {"error":{"code":409,"message":"Failed to create 1st Gen function projects/refreshing-website/locations/us-central1/functions/revokeUserAccess: Function revokeUserAccess in region us-central1 in project refreshing-website already exists","status":"ALREADY_EXISTS"}}
!  functions: failed to create function projects/refreshing-website/locations/us-central1/functions/revokeUserAccess 
[2026-08-10T02:59:08.914Z] <<< [apiv2][status] POST https://cloudfunctions.googleapis.com/v1/projects/refreshing-website/locations/us-central1/functions 409
[2026-08-10T02:59:08.915Z] <<< [apiv2][body] POST https://cloudfunctions.googleapis.com/v1/projects/refreshing-website/locations/us-central1/functions {"error":{"code":409,"message":"Failed to create 1st Gen function projects/refreshing-website/locations/us-central1/functions/auditSessionsWrite: Function auditSessionsWrite in region us-central1 in project refreshing-website already exists","status":"ALREADY_EXISTS"}}
!  functions: failed to create function projects/refreshing-website/locations/us-central1/functions/auditSessionsWrite 
[2026-08-10T02:59:08.924Z] <<< [apiv2][status] POST https://cloudfunctions.googleapis.com/v1/projects/refreshing-website/locations/us-central1/functions 409
[2026-08-10T02:59:08.924Z] <<< [apiv2][body] POST https://cloudfunctions.googleapis.com/v1/projects/refreshing-website/locations/us-central1/functions {"error":{"code":409,"message":"Failed to create 1st Gen function projects/refreshing-website/locations/us-central1/functions/auditMinistersWrite: Function auditMinistersWrite in region us-central1 in project refreshing-website already exists","status":"ALREADY_EXISTS"}}
!  functions: failed to create function projects/refreshing-website/locations/us-central1/functions/auditMinistersWrite 
[2026-08-10T02:59:08.927Z] <<< [apiv2][status] POST https://cloudfunctions.googleapis.com/v1/projects/refreshing-website/locations/us-central1/functions 409
[2026-08-10T02:59:08.927Z] <<< [apiv2][body] POST https://cloudfunctions.googleapis.com/v1/projects/refreshing-website/locations/us-central1/functions {"error":{"code":409,"message":"Failed to create 1st Gen function projects/refreshing-website/locations/us-central1/functions/syncCheckinView: Function syncCheckinView in region us-central1 in project refreshing-website already exists","status":"ALREADY_EXISTS"}}
!  functions: failed to create function projects/refreshing-website/locations/us-central1/functions/syncCheckinView 
[2026-08-10T02:59:08.955Z] <<< [apiv2][status] POST https://cloudfunctions.googleapis.com/v1/projects/refreshing-website/locations/us-central1/functions 409
[2026-08-10T02:59:08.955Z] <<< [apiv2][body] POST https://cloudfunctions.googleapis.com/v1/projects/refreshing-website/locations/us-central1/functions {"error":{"code":409,"message":"Failed to create 1st Gen function projects/refreshing-website/locations/us-central1/functions/auditAttendeesWrite: Function auditAttendeesWrite in region us-central1 in project refreshing-website already exists","status":"ALREADY_EXISTS"}}
!  functions: failed to create function projects/refreshing-website/locations/us-central1/functions/auditAttendeesWrite 
[2026-08-10T02:59:08.959Z] <<< [apiv2][status] POST https://cloudfunctions.googleapis.com/v1/projects/refreshing-website/locations/us-central1/functions 409
[2026-08-10T02:59:08.959Z] <<< [apiv2][body] POST https://cloudfunctions.googleapis.com/v1/projects/refreshing-website/locations/us-central1/functions {"error":{"code":409,"message":"Failed to create 1st Gen function projects/refreshing-website/locations/us-central1/functions/provisionAdminAccount: Function provisionAdminAccount in region us-central1 in project refreshing-website already exists","status":"ALREADY_EXISTS"}}
!  functions: failed to create function projects/refreshing-website/locations/us-central1/functions/provisionAdminAccount 
[2026-08-10T02:59:08.965Z] <<< [apiv2][status] POST https://cloudfunctions.googleapis.com/v1/projects/refreshing-website/locations/us-central1/functions 409
[2026-08-10T02:59:08.965Z] <<< [apiv2][body] POST https://cloudfunctions.googleapis.com/v1/projects/refreshing-website/locations/us-central1/functions {"error":{"code":409,"message":"Failed to create 1st Gen function projects/refreshing-website/locations/us-central1/functions/markCheckedIn: Function markCheckedIn in region us-central1 in project refreshing-website already exists","status":"ALREADY_EXISTS"}}
!  functions: failed to create function projects/refreshing-website/locations/us-central1/functions/markCheckedIn 
[2026-08-10T02:59:09.013Z] <<< [apiv2][status] POST https://cloudfunctions.googleapis.com/v1/projects/refreshing-website/locations/us-central1/functions 409
[2026-08-10T02:59:09.013Z] <<< [apiv2][body] POST https://cloudfunctions.googleapis.com/v1/projects/refreshing-website/locations/us-central1/functions {"error":{"code":409,"message":"Failed to create 1st Gen function projects/refreshing-website/locations/us-central1/functions/setUserRole: Function setUserRole in region us-central1 in project refreshing-website already exists","status":"ALREADY_EXISTS"}}
!  functions: failed to create function projects/refreshing-website/locations/us-central1/functions/setUserRole 
[2026-08-10T03:00:48.950Z] [queue] Retrying task index 9
[2026-08-10T03:00:48.953Z] Checked if tokens are valid: false, expires at: 1786331729344
[2026-08-10T03:00:48.953Z] Checked if tokens are valid: false, expires at: 1786331729344
[2026-08-10T03:00:48.955Z] > refreshing access token with scopes: []
[2026-08-10T03:00:48.965Z] >>> [apiv2][query] POST https://www.googleapis.com/oauth2/v3/token [none]
[2026-08-10T03:00:48.965Z] >>> [apiv2][body] POST https://www.googleapis.com/oauth2/v3/token [omitted]
[2026-08-10T03:00:48.970Z] [queue] Retrying task index 10
[2026-08-10T03:00:48.971Z] Checked if tokens are valid: false, expires at: 1786331729344
[2026-08-10T03:00:48.971Z] Checked if tokens are valid: false, expires at: 1786331729344
[2026-08-10T03:00:48.971Z] > refreshing access token with scopes: []
[2026-08-10T03:00:48.976Z] >>> [apiv2][query] POST https://www.googleapis.com/oauth2/v3/token [none]
[2026-08-10T03:00:48.976Z] >>> [apiv2][body] POST https://www.googleapis.com/oauth2/v3/token [omitted]
[2026-08-10T03:00:48.982Z] [queue] Retrying task index 4
[2026-08-10T03:00:48.982Z] Checked if tokens are valid: false, expires at: 1786331729344
[2026-08-10T03:00:48.982Z] Checked if tokens are valid: false, expires at: 1786331729344
[2026-08-10T03:00:48.983Z] > refreshing access token with scopes: []
[2026-08-10T03:00:48.984Z] >>> [apiv2][query] POST https://www.googleapis.com/oauth2/v3/token [none]
[2026-08-10T03:00:48.985Z] >>> [apiv2][body] POST https://www.googleapis.com/oauth2/v3/token [omitted]
[2026-08-10T03:00:48.989Z] [queue] Retrying task index 2
[2026-08-10T03:00:48.989Z] Checked if tokens are valid: false, expires at: 1786331729344
[2026-08-10T03:00:48.989Z] Checked if tokens are valid: false, expires at: 1786331729344
[2026-08-10T03:00:48.990Z] > refreshing access token with scopes: []
[2026-08-10T03:00:48.990Z] >>> [apiv2][query] POST https://www.googleapis.com/oauth2/v3/token [none]
[2026-08-10T03:00:48.991Z] >>> [apiv2][body] POST https://www.googleapis.com/oauth2/v3/token [omitted]
[2026-08-10T03:00:49.017Z] [queue] Retrying task index 7
[2026-08-10T03:00:49.018Z] Checked if tokens are valid: false, expires at: 1786331729344
[2026-08-10T03:00:49.019Z] Checked if tokens are valid: false, expires at: 1786331729344
[2026-08-10T03:00:49.019Z] > refreshing access token with scopes: []
[2026-08-10T03:00:49.021Z] >>> [apiv2][query] POST https://www.googleapis.com/oauth2/v3/token [none]
[2026-08-10T03:00:49.021Z] >>> [apiv2][body] POST https://www.googleapis.com/oauth2/v3/token [omitted]
[2026-08-10T03:00:49.029Z] [queue] Retrying task index 6
[2026-08-10T03:00:49.029Z] Checked if tokens are valid: false, expires at: 1786331729344
[2026-08-10T03:00:49.029Z] Checked if tokens are valid: false, expires at: 1786331729344
[2026-08-10T03:00:49.029Z] > refreshing access token with scopes: []
[2026-08-10T03:00:49.041Z] >>> [apiv2][query] POST https://www.googleapis.com/oauth2/v3/token [none]
[2026-08-10T03:00:49.042Z] >>> [apiv2][body] POST https://www.googleapis.com/oauth2/v3/token [omitted]
[2026-08-10T03:00:49.050Z] [queue] Retrying task index 5
[2026-08-10T03:00:49.051Z] Checked if tokens are valid: false, expires at: 1786331729344
[2026-08-10T03:00:49.051Z] Checked if tokens are valid: false, expires at: 1786331729344
[2026-08-10T03:00:49.051Z] > refreshing access token with scopes: []
[2026-08-10T03:00:49.053Z] >>> [apiv2][query] POST https://www.googleapis.com/oauth2/v3/token [none]
[2026-08-10T03:00:49.053Z] >>> [apiv2][body] POST https://www.googleapis.com/oauth2/v3/token [omitted]
[2026-08-10T03:00:49.313Z] [queue] Retrying task index 8
[2026-08-10T03:00:49.314Z] Checked if tokens are valid: false, expires at: 1786331729344
[2026-08-10T03:00:49.314Z] Checked if tokens are valid: false, expires at: 1786331729344
[2026-08-10T03:00:49.314Z] > refreshing access token with scopes: []
[2026-08-10T03:00:49.315Z] >>> [apiv2][query] POST https://www.googleapis.com/oauth2/v3/token [none]
[2026-08-10T03:00:49.315Z] >>> [apiv2][body] POST https://www.googleapis.com/oauth2/v3/token [omitted]
[2026-08-10T03:00:49.317Z] [queue] Retrying task index 11
[2026-08-10T03:00:49.318Z] Checked if tokens are valid: false, expires at: 1786331729344
[2026-08-10T03:00:49.318Z] Checked if tokens are valid: false, expires at: 1786331729344
[2026-08-10T03:00:49.318Z] > refreshing access token with scopes: []
[2026-08-10T03:00:49.319Z] >>> [apiv2][query] POST https://www.googleapis.com/oauth2/v3/token [none]
[2026-08-10T03:00:49.319Z] >>> [apiv2][body] POST https://www.googleapis.com/oauth2/v3/token [omitted]
[2026-08-10T03:00:49.321Z] [queue] Retrying task index 3
[2026-08-10T03:00:49.322Z] Checked if tokens are valid: false, expires at: 1786331729344
[2026-08-10T03:00:49.322Z] Checked if tokens are valid: false, expires at: 1786331729344
[2026-08-10T03:00:49.322Z] > refreshing access token with scopes: []
[2026-08-10T03:00:49.322Z] >>> [apiv2][query] POST https://www.googleapis.com/oauth2/v3/token [none]
[2026-08-10T03:00:49.323Z] >>> [apiv2][body] POST https://www.googleapis.com/oauth2/v3/token [omitted]
[2026-08-10T03:00:49.327Z] [queue] Retrying task index 1
[2026-08-10T03:00:49.328Z] Checked if tokens are valid: false, expires at: 1786331729344
[2026-08-10T03:00:49.328Z] Checked if tokens are valid: false, expires at: 1786331729344
[2026-08-10T03:00:49.328Z] > refreshing access token with scopes: []
[2026-08-10T03:00:49.330Z] >>> [apiv2][query] POST https://www.googleapis.com/oauth2/v3/token [none]
[2026-08-10T03:00:49.330Z] >>> [apiv2][body] POST https://www.googleapis.com/oauth2/v3/token [omitted]
[2026-08-10T03:00:49.931Z] <<< [apiv2][status] POST https://www.googleapis.com/oauth2/v3/token 200
[2026-08-10T03:00:49.931Z] <<< [apiv2][body] POST https://www.googleapis.com/oauth2/v3/token [omitted]
[2026-08-10T03:00:49.965Z] >>> [apiv2][query] POST https://cloudfunctions.googleapis.com/v1/projects/refreshing-website/locations/us-central1/functions [none]
[2026-08-10T03:00:49.965Z] >>> [apiv2][body] POST https://cloudfunctions.googleapis.com/v1/projects/refreshing-website/locations/us-central1/functions {"name":"projects/refreshing-website/locations/us-central1/functions/pruneVersionHistory","sourceUploadUrl":"https://storage.googleapis.com/uploads-836972235469.us-central1.cloudfunctions.appspot.com/02c1e8fa-c1af-4e22-a011-38b11d0d0528.zip?GoogleAccessId=service-832093857842@gcf-admin-robot.iam.gserviceaccount.com&Expires=1786331467&Signature=VvDa9HDI3UGM%2FHi4yzU0DUDtxVA0ODbyjK8rjmhZpl77FapwR07yYG27cQvoJq%2FbMXoMdUggMWprpHUxcf63d7X8h7jiO6%2BSK2ngf0ma1u6LkFIZoa%2B%2BhfP4Unu%2BIQLcRs8jHKSJ2C8sXkOilNPe79mOMk3j7FUY9rXyKnX5%2FfOmcW%2F4hkPOqwpVLpIYBugYydoJERfEWFy9K%2BiV0LWOSGO352HW7CqGsJeH94c7yxILlbtxT0CeuMlbuDICtHh01cH2GPxtt0OyBMx4ZN9EzDxFrzQPR7z9zuLdS36mHKN6JhFDX6Nvc%2FRxcDM2DV5SHCcPUiaAa7qZ6QPoNWrVjQ%3D%3D","entryPoint":"pruneVersionHistory","runtime":"nodejs20","dockerRegistry":"ARTIFACT_REGISTRY","labels":{"deployment-tool":"cli-firebase","deployment-scheduled":"true","firebase-functions-hash":"74436fef8c2ebebe3f9c654a6faa2958a1c805fc"},"eventTrigger":{"eventType":"google.pubsub.topic.publish","resource":"projects/refreshing-website/topics/firebase-schedule-pruneVersionHistory-us-central1"},"minInstances":null,"maxInstances":null,"ingressSettings":null,"environmentVariables":{"FIREBASE_CONFIG":"{\"projectId\":\"refreshing-website\",\"storageBucket\":\"refreshing-website.firebasestorage.app\"}","GCLOUD_PROJECT":"refreshing-website","EVENTARC_CLOUD_EVENT_SOURCE":"projects/refreshing-website/locations/us-central1/functions/pruneVersionHistory"},"serviceAccountEmail":null,"availableMemoryMb":null,"timeout":null,"vpcConnector":null,"vpcConnectorEgressSettings":null,"sourceToken":"f57d6fd0-2c70-4ab7-b944-19aed713bef8","buildEnvironmentVariables":{"GOOGLE_NODE_RUN_SCRIPTS":""}}
[2026-08-10T03:00:50.065Z] <<< [apiv2][status] POST https://www.googleapis.com/oauth2/v3/token 200
[2026-08-10T03:00:50.066Z] <<< [apiv2][body] POST https://www.googleapis.com/oauth2/v3/token [omitted]
[2026-08-10T03:00:50.094Z] >>> [apiv2][query] POST https://cloudfunctions.googleapis.com/v1/projects/refreshing-website/locations/us-central1/functions [none]
[2026-08-10T03:00:50.095Z] >>> [apiv2][body] POST https://cloudfunctions.googleapis.com/v1/projects/refreshing-website/locations/us-central1/functions {"name":"projects/refreshing-website/locations/us-central1/functions/auditMinistersWrite","sourceUploadUrl":"https://storage.googleapis.com/uploads-836972235469.us-central1.cloudfunctions.appspot.com/02c1e8fa-c1af-4e22-a011-38b11d0d0528.zip?GoogleAccessId=service-832093857842@gcf-admin-robot.iam.gserviceaccount.com&Expires=1786331467&Signature=VvDa9HDI3UGM%2FHi4yzU0DUDtxVA0ODbyjK8rjmhZpl77FapwR07yYG27cQvoJq%2FbMXoMdUggMWprpHUxcf63d7X8h7jiO6%2BSK2ngf0ma1u6LkFIZoa%2B%2BhfP4Unu%2BIQLcRs8jHKSJ2C8sXkOilNPe79mOMk3j7FUY9rXyKnX5%2FfOmcW%2F4hkPOqwpVLpIYBugYydoJERfEWFy9K%2BiV0LWOSGO352HW7CqGsJeH94c7yxILlbtxT0CeuMlbuDICtHh01cH2GPxtt0OyBMx4ZN9EzDxFrzQPR7z9zuLdS36mHKN6JhFDX6Nvc%2FRxcDM2DV5SHCcPUiaAa7qZ6QPoNWrVjQ%3D%3D","entryPoint":"auditMinistersWrite","runtime":"nodejs20","dockerRegistry":"ARTIFACT_REGISTRY","labels":{"deployment-tool":"cli-firebase","firebase-functions-hash":"74436fef8c2ebebe3f9c654a6faa2958a1c805fc"},"eventTrigger":{"eventType":"providers/cloud.firestore/eventTypes/document.write","resource":"projects/refreshing-website/databases/(default)/documents/events/{eventId}/ministers/{ministerId}"},"minInstances":null,"maxInstances":null,"ingressSettings":null,"environmentVariables":{"FIREBASE_CONFIG":"{\"projectId\":\"refreshing-website\",\"storageBucket\":\"refreshing-website.firebasestorage.app\"}","GCLOUD_PROJECT":"refreshing-website","EVENTARC_CLOUD_EVENT_SOURCE":"projects/refreshing-website/locations/us-central1/functions/auditMinistersWrite"},"serviceAccountEmail":null,"availableMemoryMb":null,"timeout":null,"vpcConnector":null,"vpcConnectorEgressSettings":null,"sourceToken":"f57d6fd0-2c70-4ab7-b944-19aed713bef8","buildEnvironmentVariables":{"GOOGLE_NODE_RUN_SCRIPTS":""}}
[2026-08-10T03:00:50.100Z] <<< [apiv2][status] POST https://www.googleapis.com/oauth2/v3/token 200
[2026-08-10T03:00:50.100Z] <<< [apiv2][body] POST https://www.googleapis.com/oauth2/v3/token [omitted]
[2026-08-10T03:00:50.120Z] >>> [apiv2][query] POST https://cloudfunctions.googleapis.com/v1/projects/refreshing-website/locations/us-central1/functions [none]
[2026-08-10T03:00:50.121Z] >>> [apiv2][body] POST https://cloudfunctions.googleapis.com/v1/projects/refreshing-website/locations/us-central1/functions {"name":"projects/refreshing-website/locations/us-central1/functions/revokeUserAccess","sourceUploadUrl":"https://storage.googleapis.com/uploads-836972235469.us-central1.cloudfunctions.appspot.com/02c1e8fa-c1af-4e22-a011-38b11d0d0528.zip?GoogleAccessId=service-832093857842@gcf-admin-robot.iam.gserviceaccount.com&Expires=1786331467&Signature=VvDa9HDI3UGM%2FHi4yzU0DUDtxVA0ODbyjK8rjmhZpl77FapwR07yYG27cQvoJq%2FbMXoMdUggMWprpHUxcf63d7X8h7jiO6%2BSK2ngf0ma1u6LkFIZoa%2B%2BhfP4Unu%2BIQLcRs8jHKSJ2C8sXkOilNPe79mOMk3j7FUY9rXyKnX5%2FfOmcW%2F4hkPOqwpVLpIYBugYydoJERfEWFy9K%2BiV0LWOSGO352HW7CqGsJeH94c7yxILlbtxT0CeuMlbuDICtHh01cH2GPxtt0OyBMx4ZN9EzDxFrzQPR7z9zuLdS36mHKN6JhFDX6Nvc%2FRxcDM2DV5SHCcPUiaAa7qZ6QPoNWrVjQ%3D%3D","entryPoint":"revokeUserAccess","runtime":"nodejs20","dockerRegistry":"ARTIFACT_REGISTRY","labels":{"deployment-tool":"cli-firebase","deployment-callable":"true","firebase-functions-hash":"74436fef8c2ebebe3f9c654a6faa2958a1c805fc"},"httpsTrigger":{"securityLevel":"SECURE_ALWAYS"},"minInstances":null,"maxInstances":null,"ingressSettings":null,"environmentVariables":{"FIREBASE_CONFIG":"{\"projectId\":\"refreshing-website\",\"storageBucket\":\"refreshing-website.firebasestorage.app\"}","GCLOUD_PROJECT":"refreshing-website","EVENTARC_CLOUD_EVENT_SOURCE":"projects/refreshing-website/locations/us-central1/functions/revokeUserAccess"},"serviceAccountEmail":null,"availableMemoryMb":null,"timeout":null,"vpcConnector":null,"vpcConnectorEgressSettings":null,"sourceToken":"f57d6fd0-2c70-4ab7-b944-19aed713bef8","buildEnvironmentVariables":{"GOOGLE_NODE_RUN_SCRIPTS":""}}
[2026-08-10T03:00:50.132Z] <<< [apiv2][status] POST https://www.googleapis.com/oauth2/v3/token 200
[2026-08-10T03:00:50.132Z] <<< [apiv2][body] POST https://www.googleapis.com/oauth2/v3/token [omitted]
[2026-08-10T03:00:50.155Z] >>> [apiv2][query] POST https://cloudfunctions.googleapis.com/v1/projects/refreshing-website/locations/us-central1/functions [none]
[2026-08-10T03:00:50.157Z] >>> [apiv2][body] POST https://cloudfunctions.googleapis.com/v1/projects/refreshing-website/locations/us-central1/functions {"name":"projects/refreshing-website/locations/us-central1/functions/provisionAdminAccount","sourceUploadUrl":"https://storage.googleapis.com/uploads-836972235469.us-central1.cloudfunctions.appspot.com/02c1e8fa-c1af-4e22-a011-38b11d0d0528.zip?GoogleAccessId=service-832093857842@gcf-admin-robot.iam.gserviceaccount.com&Expires=1786331467&Signature=VvDa9HDI3UGM%2FHi4yzU0DUDtxVA0ODbyjK8rjmhZpl77FapwR07yYG27cQvoJq%2FbMXoMdUggMWprpHUxcf63d7X8h7jiO6%2BSK2ngf0ma1u6LkFIZoa%2B%2BhfP4Unu%2BIQLcRs8jHKSJ2C8sXkOilNPe79mOMk3j7FUY9rXyKnX5%2FfOmcW%2F4hkPOqwpVLpIYBugYydoJERfEWFy9K%2BiV0LWOSGO352HW7CqGsJeH94c7yxILlbtxT0CeuMlbuDICtHh01cH2GPxtt0OyBMx4ZN9EzDxFrzQPR7z9zuLdS36mHKN6JhFDX6Nvc%2FRxcDM2DV5SHCcPUiaAa7qZ6QPoNWrVjQ%3D%3D","entryPoint":"provisionAdminAccount","runtime":"nodejs20","dockerRegistry":"ARTIFACT_REGISTRY","labels":{"deployment-tool":"cli-firebase","deployment-callable":"true","firebase-functions-hash":"74436fef8c2ebebe3f9c654a6faa2958a1c805fc"},"httpsTrigger":{"securityLevel":"SECURE_ALWAYS"},"minInstances":null,"maxInstances":null,"ingressSettings":null,"environmentVariables":{"FIREBASE_CONFIG":"{\"projectId\":\"refreshing-website\",\"storageBucket\":\"refreshing-website.firebasestorage.app\"}","GCLOUD_PROJECT":"refreshing-website","EVENTARC_CLOUD_EVENT_SOURCE":"projects/refreshing-website/locations/us-central1/functions/provisionAdminAccount"},"serviceAccountEmail":null,"availableMemoryMb":null,"timeout":null,"vpcConnector":null,"vpcConnectorEgressSettings":null,"sourceToken":"f57d6fd0-2c70-4ab7-b944-19aed713bef8","buildEnvironmentVariables":{"GOOGLE_NODE_RUN_SCRIPTS":""}}
[2026-08-10T03:00:50.165Z] <<< [apiv2][status] POST https://www.googleapis.com/oauth2/v3/token 200
[2026-08-10T03:00:50.165Z] <<< [apiv2][body] POST https://www.googleapis.com/oauth2/v3/token [omitted]
[2026-08-10T03:00:50.194Z] >>> [apiv2][query] POST https://cloudfunctions.googleapis.com/v1/projects/refreshing-website/locations/us-central1/functions [none]
[2026-08-10T03:00:50.195Z] >>> [apiv2][body] POST https://cloudfunctions.googleapis.com/v1/projects/refreshing-website/locations/us-central1/functions {"name":"projects/refreshing-website/locations/us-central1/functions/setUserRole","sourceUploadUrl":"https://storage.googleapis.com/uploads-836972235469.us-central1.cloudfunctions.appspot.com/02c1e8fa-c1af-4e22-a011-38b11d0d0528.zip?GoogleAccessId=service-832093857842@gcf-admin-robot.iam.gserviceaccount.com&Expires=1786331467&Signature=VvDa9HDI3UGM%2FHi4yzU0DUDtxVA0ODbyjK8rjmhZpl77FapwR07yYG27cQvoJq%2FbMXoMdUggMWprpHUxcf63d7X8h7jiO6%2BSK2ngf0ma1u6LkFIZoa%2B%2BhfP4Unu%2BIQLcRs8jHKSJ2C8sXkOilNPe79mOMk3j7FUY9rXyKnX5%2FfOmcW%2F4hkPOqwpVLpIYBugYydoJERfEWFy9K%2BiV0LWOSGO352HW7CqGsJeH94c7yxILlbtxT0CeuMlbuDICtHh01cH2GPxtt0OyBMx4ZN9EzDxFrzQPR7z9zuLdS36mHKN6JhFDX6Nvc%2FRxcDM2DV5SHCcPUiaAa7qZ6QPoNWrVjQ%3D%3D","entryPoint":"setUserRole","runtime":"nodejs20","dockerRegistry":"ARTIFACT_REGISTRY","labels":{"deployment-tool":"cli-firebase","deployment-callable":"true","firebase-functions-hash":"74436fef8c2ebebe3f9c654a6faa2958a1c805fc"},"httpsTrigger":{"securityLevel":"SECURE_ALWAYS"},"minInstances":null,"maxInstances":null,"ingressSettings":null,"environmentVariables":{"FIREBASE_CONFIG":"{\"projectId\":\"refreshing-website\",\"storageBucket\":\"refreshing-website.firebasestorage.app\"}","GCLOUD_PROJECT":"refreshing-website","EVENTARC_CLOUD_EVENT_SOURCE":"projects/refreshing-website/locations/us-central1/functions/setUserRole"},"serviceAccountEmail":null,"availableMemoryMb":null,"timeout":null,"vpcConnector":null,"vpcConnectorEgressSettings":null,"sourceToken":"f57d6fd0-2c70-4ab7-b944-19aed713bef8","buildEnvironmentVariables":{"GOOGLE_NODE_RUN_SCRIPTS":""}}
[2026-08-10T03:00:50.203Z] <<< [apiv2][status] POST https://www.googleapis.com/oauth2/v3/token 200
[2026-08-10T03:00:50.204Z] <<< [apiv2][body] POST https://www.googleapis.com/oauth2/v3/token [omitted]
[2026-08-10T03:00:50.359Z] >>> [apiv2][query] POST https://cloudfunctions.googleapis.com/v1/projects/refreshing-website/locations/us-central1/functions [none]
[2026-08-10T03:00:50.359Z] >>> [apiv2][body] POST https://cloudfunctions.googleapis.com/v1/projects/refreshing-website/locations/us-central1/functions {"name":"projects/refreshing-website/locations/us-central1/functions/auditAttendeesWrite","sourceUploadUrl":"https://storage.googleapis.com/uploads-836972235469.us-central1.cloudfunctions.appspot.com/02c1e8fa-c1af-4e22-a011-38b11d0d0528.zip?GoogleAccessId=service-832093857842@gcf-admin-robot.iam.gserviceaccount.com&Expires=1786331467&Signature=VvDa9HDI3UGM%2FHi4yzU0DUDtxVA0ODbyjK8rjmhZpl77FapwR07yYG27cQvoJq%2FbMXoMdUggMWprpHUxcf63d7X8h7jiO6%2BSK2ngf0ma1u6LkFIZoa%2B%2BhfP4Unu%2BIQLcRs8jHKSJ2C8sXkOilNPe79mOMk3j7FUY9rXyKnX5%2FfOmcW%2F4hkPOqwpVLpIYBugYydoJERfEWFy9K%2BiV0LWOSGO352HW7CqGsJeH94c7yxILlbtxT0CeuMlbuDICtHh01cH2GPxtt0OyBMx4ZN9EzDxFrzQPR7z9zuLdS36mHKN6JhFDX6Nvc%2FRxcDM2DV5SHCcPUiaAa7qZ6QPoNWrVjQ%3D%3D","entryPoint":"auditAttendeesWrite","runtime":"nodejs20","dockerRegistry":"ARTIFACT_REGISTRY","labels":{"deployment-tool":"cli-firebase","firebase-functions-hash":"74436fef8c2ebebe3f9c654a6faa2958a1c805fc"},"eventTrigger":{"eventType":"providers/cloud.firestore/eventTypes/document.write","resource":"projects/refreshing-website/databases/(default)/documents/events/{eventId}/attendees/{attendeeId}"},"minInstances":null,"maxInstances":null,"ingressSettings":null,"environmentVariables":{"FIREBASE_CONFIG":"{\"projectId\":\"refreshing-website\",\"storageBucket\":\"refreshing-website.firebasestorage.app\"}","GCLOUD_PROJECT":"refreshing-website","EVENTARC_CLOUD_EVENT_SOURCE":"projects/refreshing-website/locations/us-central1/functions/auditAttendeesWrite"},"serviceAccountEmail":null,"availableMemoryMb":null,"timeout":null,"vpcConnector":null,"vpcConnectorEgressSettings":null,"sourceToken":"f57d6fd0-2c70-4ab7-b944-19aed713bef8","buildEnvironmentVariables":{"GOOGLE_NODE_RUN_SCRIPTS":""}}
[2026-08-10T03:00:50.369Z] <<< [apiv2][status] POST https://www.googleapis.com/oauth2/v3/token 200
[2026-08-10T03:00:50.369Z] <<< [apiv2][body] POST https://www.googleapis.com/oauth2/v3/token [omitted]
[2026-08-10T03:00:50.419Z] >>> [apiv2][query] POST https://cloudfunctions.googleapis.com/v1/projects/refreshing-website/locations/us-central1/functions [none]
[2026-08-10T03:00:50.419Z] >>> [apiv2][body] POST https://cloudfunctions.googleapis.com/v1/projects/refreshing-website/locations/us-central1/functions {"name":"projects/refreshing-website/locations/us-central1/functions/undoCheckIn","sourceUploadUrl":"https://storage.googleapis.com/uploads-836972235469.us-central1.cloudfunctions.appspot.com/02c1e8fa-c1af-4e22-a011-38b11d0d0528.zip?GoogleAccessId=service-832093857842@gcf-admin-robot.iam.gserviceaccount.com&Expires=1786331467&Signature=VvDa9HDI3UGM%2FHi4yzU0DUDtxVA0ODbyjK8rjmhZpl77FapwR07yYG27cQvoJq%2FbMXoMdUggMWprpHUxcf63d7X8h7jiO6%2BSK2ngf0ma1u6LkFIZoa%2B%2BhfP4Unu%2BIQLcRs8jHKSJ2C8sXkOilNPe79mOMk3j7FUY9rXyKnX5%2FfOmcW%2F4hkPOqwpVLpIYBugYydoJERfEWFy9K%2BiV0LWOSGO352HW7CqGsJeH94c7yxILlbtxT0CeuMlbuDICtHh01cH2GPxtt0OyBMx4ZN9EzDxFrzQPR7z9zuLdS36mHKN6JhFDX6Nvc%2FRxcDM2DV5SHCcPUiaAa7qZ6QPoNWrVjQ%3D%3D","entryPoint":"undoCheckIn","runtime":"nodejs20","dockerRegistry":"ARTIFACT_REGISTRY","labels":{"deployment-tool":"cli-firebase","deployment-callable":"true","firebase-functions-hash":"74436fef8c2ebebe3f9c654a6faa2958a1c805fc"},"httpsTrigger":{"securityLevel":"SECURE_ALWAYS"},"minInstances":null,"maxInstances":null,"ingressSettings":null,"environmentVariables":{"FIREBASE_CONFIG":"{\"projectId\":\"refreshing-website\",\"storageBucket\":\"refreshing-website.firebasestorage.app\"}","GCLOUD_PROJECT":"refreshing-website","EVENTARC_CLOUD_EVENT_SOURCE":"projects/refreshing-website/locations/us-central1/functions/undoCheckIn"},"serviceAccountEmail":null,"availableMemoryMb":null,"timeout":null,"vpcConnector":null,"vpcConnectorEgressSettings":null,"sourceToken":"f57d6fd0-2c70-4ab7-b944-19aed713bef8","buildEnvironmentVariables":{"GOOGLE_NODE_RUN_SCRIPTS":""}}
[2026-08-10T03:00:50.429Z] <<< [apiv2][status] POST https://www.googleapis.com/oauth2/v3/token 200
[2026-08-10T03:00:50.429Z] <<< [apiv2][body] POST https://www.googleapis.com/oauth2/v3/token [omitted]
[2026-08-10T03:00:50.445Z] >>> [apiv2][query] POST https://cloudfunctions.googleapis.com/v1/projects/refreshing-website/locations/us-central1/functions [none]
[2026-08-10T03:00:50.445Z] >>> [apiv2][body] POST https://cloudfunctions.googleapis.com/v1/projects/refreshing-website/locations/us-central1/functions {"name":"projects/refreshing-website/locations/us-central1/functions/markCheckedIn","sourceUploadUrl":"https://storage.googleapis.com/uploads-836972235469.us-central1.cloudfunctions.appspot.com/02c1e8fa-c1af-4e22-a011-38b11d0d0528.zip?GoogleAccessId=service-832093857842@gcf-admin-robot.iam.gserviceaccount.com&Expires=1786331467&Signature=VvDa9HDI3UGM%2FHi4yzU0DUDtxVA0ODbyjK8rjmhZpl77FapwR07yYG27cQvoJq%2FbMXoMdUggMWprpHUxcf63d7X8h7jiO6%2BSK2ngf0ma1u6LkFIZoa%2B%2BhfP4Unu%2BIQLcRs8jHKSJ2C8sXkOilNPe79mOMk3j7FUY9rXyKnX5%2FfOmcW%2F4hkPOqwpVLpIYBugYydoJERfEWFy9K%2BiV0LWOSGO352HW7CqGsJeH94c7yxILlbtxT0CeuMlbuDICtHh01cH2GPxtt0OyBMx4ZN9EzDxFrzQPR7z9zuLdS36mHKN6JhFDX6Nvc%2FRxcDM2DV5SHCcPUiaAa7qZ6QPoNWrVjQ%3D%3D","entryPoint":"markCheckedIn","runtime":"nodejs20","dockerRegistry":"ARTIFACT_REGISTRY","labels":{"deployment-tool":"cli-firebase","deployment-callable":"true","firebase-functions-hash":"74436fef8c2ebebe3f9c654a6faa2958a1c805fc"},"httpsTrigger":{"securityLevel":"SECURE_ALWAYS"},"minInstances":null,"maxInstances":null,"ingressSettings":null,"environmentVariables":{"FIREBASE_CONFIG":"{\"projectId\":\"refreshing-website\",\"storageBucket\":\"refreshing-website.firebasestorage.app\"}","GCLOUD_PROJECT":"refreshing-website","EVENTARC_CLOUD_EVENT_SOURCE":"projects/refreshing-website/locations/us-central1/functions/markCheckedIn"},"serviceAccountEmail":null,"availableMemoryMb":null,"timeout":null,"vpcConnector":null,"vpcConnectorEgressSettings":null,"sourceToken":"f57d6fd0-2c70-4ab7-b944-19aed713bef8","buildEnvironmentVariables":{"GOOGLE_NODE_RUN_SCRIPTS":""}}
[2026-08-10T03:00:50.572Z] <<< [apiv2][status] POST https://www.googleapis.com/oauth2/v3/token 200
[2026-08-10T03:00:50.573Z] <<< [apiv2][body] POST https://www.googleapis.com/oauth2/v3/token [omitted]
[2026-08-10T03:00:50.754Z] >>> [apiv2][query] POST https://cloudfunctions.googleapis.com/v1/projects/refreshing-website/locations/us-central1/functions [none]
[2026-08-10T03:00:50.755Z] >>> [apiv2][body] POST https://cloudfunctions.googleapis.com/v1/projects/refreshing-website/locations/us-central1/functions {"name":"projects/refreshing-website/locations/us-central1/functions/purgeTrash","sourceUploadUrl":"https://storage.googleapis.com/uploads-836972235469.us-central1.cloudfunctions.appspot.com/02c1e8fa-c1af-4e22-a011-38b11d0d0528.zip?GoogleAccessId=service-832093857842@gcf-admin-robot.iam.gserviceaccount.com&Expires=1786331467&Signature=VvDa9HDI3UGM%2FHi4yzU0DUDtxVA0ODbyjK8rjmhZpl77FapwR07yYG27cQvoJq%2FbMXoMdUggMWprpHUxcf63d7X8h7jiO6%2BSK2ngf0ma1u6LkFIZoa%2B%2BhfP4Unu%2BIQLcRs8jHKSJ2C8sXkOilNPe79mOMk3j7FUY9rXyKnX5%2FfOmcW%2F4hkPOqwpVLpIYBugYydoJERfEWFy9K%2BiV0LWOSGO352HW7CqGsJeH94c7yxILlbtxT0CeuMlbuDICtHh01cH2GPxtt0OyBMx4ZN9EzDxFrzQPR7z9zuLdS36mHKN6JhFDX6Nvc%2FRxcDM2DV5SHCcPUiaAa7qZ6QPoNWrVjQ%3D%3D","entryPoint":"purgeTrash","runtime":"nodejs20","dockerRegistry":"ARTIFACT_REGISTRY","labels":{"deployment-tool":"cli-firebase","deployment-scheduled":"true","firebase-functions-hash":"74436fef8c2ebebe3f9c654a6faa2958a1c805fc"},"eventTrigger":{"eventType":"google.pubsub.topic.publish","resource":"projects/refreshing-website/topics/firebase-schedule-purgeTrash-us-central1"},"minInstances":null,"maxInstances":null,"ingressSettings":null,"environmentVariables":{"FIREBASE_CONFIG":"{\"projectId\":\"refreshing-website\",\"storageBucket\":\"refreshing-website.firebasestorage.app\"}","GCLOUD_PROJECT":"refreshing-website","EVENTARC_CLOUD_EVENT_SOURCE":"projects/refreshing-website/locations/us-central1/functions/purgeTrash"},"serviceAccountEmail":null,"availableMemoryMb":null,"timeout":null,"vpcConnector":null,"vpcConnectorEgressSettings":null,"sourceToken":"f57d6fd0-2c70-4ab7-b944-19aed713bef8","buildEnvironmentVariables":{"GOOGLE_NODE_RUN_SCRIPTS":""}}
[2026-08-10T03:00:50.766Z] <<< [apiv2][status] POST https://www.googleapis.com/oauth2/v3/token 200
[2026-08-10T03:00:50.767Z] <<< [apiv2][body] POST https://www.googleapis.com/oauth2/v3/token [omitted]
[2026-08-10T03:00:50.849Z] >>> [apiv2][query] POST https://cloudfunctions.googleapis.com/v1/projects/refreshing-website/locations/us-central1/functions [none]
[2026-08-10T03:00:50.849Z] >>> [apiv2][body] POST https://cloudfunctions.googleapis.com/v1/projects/refreshing-website/locations/us-central1/functions {"name":"projects/refreshing-website/locations/us-central1/functions/auditSessionsWrite","sourceUploadUrl":"https://storage.googleapis.com/uploads-836972235469.us-central1.cloudfunctions.appspot.com/02c1e8fa-c1af-4e22-a011-38b11d0d0528.zip?GoogleAccessId=service-832093857842@gcf-admin-robot.iam.gserviceaccount.com&Expires=1786331467&Signature=VvDa9HDI3UGM%2FHi4yzU0DUDtxVA0ODbyjK8rjmhZpl77FapwR07yYG27cQvoJq%2FbMXoMdUggMWprpHUxcf63d7X8h7jiO6%2BSK2ngf0ma1u6LkFIZoa%2B%2BhfP4Unu%2BIQLcRs8jHKSJ2C8sXkOilNPe79mOMk3j7FUY9rXyKnX5%2FfOmcW%2F4hkPOqwpVLpIYBugYydoJERfEWFy9K%2BiV0LWOSGO352HW7CqGsJeH94c7yxILlbtxT0CeuMlbuDICtHh01cH2GPxtt0OyBMx4ZN9EzDxFrzQPR7z9zuLdS36mHKN6JhFDX6Nvc%2FRxcDM2DV5SHCcPUiaAa7qZ6QPoNWrVjQ%3D%3D","entryPoint":"auditSessionsWrite","runtime":"nodejs20","dockerRegistry":"ARTIFACT_REGISTRY","labels":{"deployment-tool":"cli-firebase","firebase-functions-hash":"74436fef8c2ebebe3f9c654a6faa2958a1c805fc"},"eventTrigger":{"eventType":"providers/cloud.firestore/eventTypes/document.write","resource":"projects/refreshing-website/databases/(default)/documents/events/{eventId}/sessions/{sessionId}"},"minInstances":null,"maxInstances":null,"ingressSettings":null,"environmentVariables":{"FIREBASE_CONFIG":"{\"projectId\":\"refreshing-website\",\"storageBucket\":\"refreshing-website.firebasestorage.app\"}","GCLOUD_PROJECT":"refreshing-website","EVENTARC_CLOUD_EVENT_SOURCE":"projects/refreshing-website/locations/us-central1/functions/auditSessionsWrite"},"serviceAccountEmail":null,"availableMemoryMb":null,"timeout":null,"vpcConnector":null,"vpcConnectorEgressSettings":null,"sourceToken":"f57d6fd0-2c70-4ab7-b944-19aed713bef8","buildEnvironmentVariables":{"GOOGLE_NODE_RUN_SCRIPTS":""}}
[2026-08-10T03:00:50.855Z] <<< [apiv2][status] POST https://www.googleapis.com/oauth2/v3/token 200
[2026-08-10T03:00:50.855Z] <<< [apiv2][body] POST https://www.googleapis.com/oauth2/v3/token [omitted]
[2026-08-10T03:00:50.871Z] >>> [apiv2][query] POST https://cloudfunctions.googleapis.com/v1/projects/refreshing-website/locations/us-central1/functions [none]
[2026-08-10T03:00:50.871Z] >>> [apiv2][body] POST https://cloudfunctions.googleapis.com/v1/projects/refreshing-website/locations/us-central1/functions {"name":"projects/refreshing-website/locations/us-central1/functions/syncCheckinView","sourceUploadUrl":"https://storage.googleapis.com/uploads-836972235469.us-central1.cloudfunctions.appspot.com/02c1e8fa-c1af-4e22-a011-38b11d0d0528.zip?GoogleAccessId=service-832093857842@gcf-admin-robot.iam.gserviceaccount.com&Expires=1786331467&Signature=VvDa9HDI3UGM%2FHi4yzU0DUDtxVA0ODbyjK8rjmhZpl77FapwR07yYG27cQvoJq%2FbMXoMdUggMWprpHUxcf63d7X8h7jiO6%2BSK2ngf0ma1u6LkFIZoa%2B%2BhfP4Unu%2BIQLcRs8jHKSJ2C8sXkOilNPe79mOMk3j7FUY9rXyKnX5%2FfOmcW%2F4hkPOqwpVLpIYBugYydoJERfEWFy9K%2BiV0LWOSGO352HW7CqGsJeH94c7yxILlbtxT0CeuMlbuDICtHh01cH2GPxtt0OyBMx4ZN9EzDxFrzQPR7z9zuLdS36mHKN6JhFDX6Nvc%2FRxcDM2DV5SHCcPUiaAa7qZ6QPoNWrVjQ%3D%3D","entryPoint":"syncCheckinView","runtime":"nodejs20","dockerRegistry":"ARTIFACT_REGISTRY","labels":{"deployment-tool":"cli-firebase","firebase-functions-hash":"74436fef8c2ebebe3f9c654a6faa2958a1c805fc"},"eventTrigger":{"eventType":"providers/cloud.firestore/eventTypes/document.write","resource":"projects/refreshing-website/databases/(default)/documents/events/{eventId}/attendees/{attendeeId}"},"minInstances":null,"maxInstances":null,"ingressSettings":null,"environmentVariables":{"FIREBASE_CONFIG":"{\"projectId\":\"refreshing-website\",\"storageBucket\":\"refreshing-website.firebasestorage.app\"}","GCLOUD_PROJECT":"refreshing-website","EVENTARC_CLOUD_EVENT_SOURCE":"projects/refreshing-website/locations/us-central1/functions/syncCheckinView"},"serviceAccountEmail":null,"availableMemoryMb":null,"timeout":null,"vpcConnector":null,"vpcConnectorEgressSettings":null,"sourceToken":"f57d6fd0-2c70-4ab7-b944-19aed713bef8","buildEnvironmentVariables":{"GOOGLE_NODE_RUN_SCRIPTS":""}}
[2026-08-10T03:00:58.252Z] <<< [apiv2][status] POST https://cloudfunctions.googleapis.com/v1/projects/refreshing-website/locations/us-central1/functions 409
[2026-08-10T03:00:58.252Z] <<< [apiv2][body] POST https://cloudfunctions.googleapis.com/v1/projects/refreshing-website/locations/us-central1/functions {"error":{"code":409,"message":"Failed to create 1st Gen function projects/refreshing-website/locations/us-central1/functions/provisionAdminAccount: Function provisionAdminAccount in region us-central1 in project refreshing-website already exists","status":"ALREADY_EXISTS"}}
!  functions: failed to create function projects/refreshing-website/locations/us-central1/functions/provisionAdminAccount 
[2026-08-10T03:00:58.268Z] <<< [apiv2][status] POST https://cloudfunctions.googleapis.com/v1/projects/refreshing-website/locations/us-central1/functions 409
[2026-08-10T03:00:58.268Z] <<< [apiv2][body] POST https://cloudfunctions.googleapis.com/v1/projects/refreshing-website/locations/us-central1/functions {"error":{"code":409,"message":"Failed to create 1st Gen function projects/refreshing-website/locations/us-central1/functions/pruneVersionHistory: Function pruneVersionHistory in region us-central1 in project refreshing-website already exists","status":"ALREADY_EXISTS"}}
!  functions: failed to create function projects/refreshing-website/locations/us-central1/functions/pruneVersionHistory 
[2026-08-10T03:00:58.275Z] <<< [apiv2][status] POST https://cloudfunctions.googleapis.com/v1/projects/refreshing-website/locations/us-central1/functions 409
[2026-08-10T03:00:58.275Z] <<< [apiv2][body] POST https://cloudfunctions.googleapis.com/v1/projects/refreshing-website/locations/us-central1/functions {"error":{"code":409,"message":"Failed to create 1st Gen function projects/refreshing-website/locations/us-central1/functions/syncCheckinView: Function syncCheckinView in region us-central1 in project refreshing-website already exists","status":"ALREADY_EXISTS"}}
!  functions: failed to create function projects/refreshing-website/locations/us-central1/functions/syncCheckinView 
[2026-08-10T03:00:58.288Z] <<< [apiv2][status] POST https://cloudfunctions.googleapis.com/v1/projects/refreshing-website/locations/us-central1/functions 409
[2026-08-10T03:00:58.288Z] <<< [apiv2][body] POST https://cloudfunctions.googleapis.com/v1/projects/refreshing-website/locations/us-central1/functions {"error":{"code":409,"message":"Failed to create 1st Gen function projects/refreshing-website/locations/us-central1/functions/markCheckedIn: Function markCheckedIn in region us-central1 in project refreshing-website already exists","status":"ALREADY_EXISTS"}}
!  functions: failed to create function projects/refreshing-website/locations/us-central1/functions/markCheckedIn 
[2026-08-10T03:00:58.296Z] <<< [apiv2][status] POST https://cloudfunctions.googleapis.com/v1/projects/refreshing-website/locations/us-central1/functions 409
[2026-08-10T03:00:58.296Z] <<< [apiv2][body] POST https://cloudfunctions.googleapis.com/v1/projects/refreshing-website/locations/us-central1/functions {"error":{"code":409,"message":"Failed to create 1st Gen function projects/refreshing-website/locations/us-central1/functions/auditAttendeesWrite: Function auditAttendeesWrite in region us-central1 in project refreshing-website already exists","status":"ALREADY_EXISTS"}}
!  functions: failed to create function projects/refreshing-website/locations/us-central1/functions/auditAttendeesWrite 
[2026-08-10T03:00:58.300Z] <<< [apiv2][status] POST https://cloudfunctions.googleapis.com/v1/projects/refreshing-website/locations/us-central1/functions 409
[2026-08-10T03:00:58.300Z] <<< [apiv2][body] POST https://cloudfunctions.googleapis.com/v1/projects/refreshing-website/locations/us-central1/functions {"error":{"code":409,"message":"Failed to create 1st Gen function projects/refreshing-website/locations/us-central1/functions/auditSessionsWrite: Function auditSessionsWrite in region us-central1 in project refreshing-website already exists","status":"ALREADY_EXISTS"}}
!  functions: failed to create function projects/refreshing-website/locations/us-central1/functions/auditSessionsWrite 
[2026-08-10T03:00:58.302Z] <<< [apiv2][status] POST https://cloudfunctions.googleapis.com/v1/projects/refreshing-website/locations/us-central1/functions 409
[2026-08-10T03:00:58.302Z] <<< [apiv2][body] POST https://cloudfunctions.googleapis.com/v1/projects/refreshing-website/locations/us-central1/functions {"error":{"code":409,"message":"Failed to create 1st Gen function projects/refreshing-website/locations/us-central1/functions/auditMinistersWrite: Function auditMinistersWrite in region us-central1 in project refreshing-website already exists","status":"ALREADY_EXISTS"}}
!  functions: failed to create function projects/refreshing-website/locations/us-central1/functions/auditMinistersWrite 
[2026-08-10T03:00:58.303Z] <<< [apiv2][status] POST https://cloudfunctions.googleapis.com/v1/projects/refreshing-website/locations/us-central1/functions 409
[2026-08-10T03:00:58.303Z] <<< [apiv2][body] POST https://cloudfunctions.googleapis.com/v1/projects/refreshing-website/locations/us-central1/functions {"error":{"code":409,"message":"Failed to create 1st Gen function projects/refreshing-website/locations/us-central1/functions/undoCheckIn: Function undoCheckIn in region us-central1 in project refreshing-website already exists","status":"ALREADY_EXISTS"}}
!  functions: failed to create function projects/refreshing-website/locations/us-central1/functions/undoCheckIn 
[2026-08-10T03:00:58.305Z] <<< [apiv2][status] POST https://cloudfunctions.googleapis.com/v1/projects/refreshing-website/locations/us-central1/functions 409
[2026-08-10T03:00:58.305Z] <<< [apiv2][body] POST https://cloudfunctions.googleapis.com/v1/projects/refreshing-website/locations/us-central1/functions {"error":{"code":409,"message":"Failed to create 1st Gen function projects/refreshing-website/locations/us-central1/functions/purgeTrash: Function purgeTrash in region us-central1 in project refreshing-website already exists","status":"ALREADY_EXISTS"}}
!  functions: failed to create function projects/refreshing-website/locations/us-central1/functions/purgeTrash 
[2026-08-10T03:00:58.306Z] <<< [apiv2][status] POST https://cloudfunctions.googleapis.com/v1/projects/refreshing-website/locations/us-central1/functions 409
[2026-08-10T03:00:58.306Z] <<< [apiv2][body] POST https://cloudfunctions.googleapis.com/v1/projects/refreshing-website/locations/us-central1/functions {"error":{"code":409,"message":"Failed to create 1st Gen function projects/refreshing-website/locations/us-central1/functions/revokeUserAccess: Function revokeUserAccess in region us-central1 in project refreshing-website already exists","status":"ALREADY_EXISTS"}}
!  functions: failed to create function projects/refreshing-website/locations/us-central1/functions/revokeUserAccess 
[2026-08-10T03:00:58.307Z] <<< [apiv2][status] POST https://cloudfunctions.googleapis.com/v1/projects/refreshing-website/locations/us-central1/functions 409
[2026-08-10T03:00:58.307Z] <<< [apiv2][body] POST https://cloudfunctions.googleapis.com/v1/projects/refreshing-website/locations/us-central1/functions {"error":{"code":409,"message":"Failed to create 1st Gen function projects/refreshing-website/locations/us-central1/functions/setUserRole: Function setUserRole in region us-central1 in project refreshing-website already exists","status":"ALREADY_EXISTS"}}
!  functions: failed to create function projects/refreshing-website/locations/us-central1/functions/setUserRole 
[2026-08-10T03:02:38.258Z] [queue] Retrying task index 11
[2026-08-10T03:02:38.259Z] Checked if tokens are valid: true, expires at: 1786334449855
[2026-08-10T03:02:38.259Z] Checked if tokens are valid: true, expires at: 1786334449855
[2026-08-10T03:02:38.260Z] >>> [apiv2][query] POST https://cloudfunctions.googleapis.com/v1/projects/refreshing-website/locations/us-central1/functions [none]
[2026-08-10T03:02:38.261Z] >>> [apiv2][body] POST https://cloudfunctions.googleapis.com/v1/projects/refreshing-website/locations/us-central1/functions {"name":"projects/refreshing-website/locations/us-central1/functions/provisionAdminAccount","sourceUploadUrl":"https://storage.googleapis.com/uploads-836972235469.us-central1.cloudfunctions.appspot.com/02c1e8fa-c1af-4e22-a011-38b11d0d0528.zip?GoogleAccessId=service-832093857842@gcf-admin-robot.iam.gserviceaccount.com&Expires=1786331467&Signature=VvDa9HDI3UGM%2FHi4yzU0DUDtxVA0ODbyjK8rjmhZpl77FapwR07yYG27cQvoJq%2FbMXoMdUggMWprpHUxcf63d7X8h7jiO6%2BSK2ngf0ma1u6LkFIZoa%2B%2BhfP4Unu%2BIQLcRs8jHKSJ2C8sXkOilNPe79mOMk3j7FUY9rXyKnX5%2FfOmcW%2F4hkPOqwpVLpIYBugYydoJERfEWFy9K%2BiV0LWOSGO352HW7CqGsJeH94c7yxILlbtxT0CeuMlbuDICtHh01cH2GPxtt0OyBMx4ZN9EzDxFrzQPR7z9zuLdS36mHKN6JhFDX6Nvc%2FRxcDM2DV5SHCcPUiaAa7qZ6QPoNWrVjQ%3D%3D","entryPoint":"provisionAdminAccount","runtime":"nodejs20","dockerRegistry":"ARTIFACT_REGISTRY","labels":{"deployment-tool":"cli-firebase","deployment-callable":"true","firebase-functions-hash":"74436fef8c2ebebe3f9c654a6faa2958a1c805fc"},"httpsTrigger":{"securityLevel":"SECURE_ALWAYS"},"minInstances":null,"maxInstances":null,"ingressSettings":null,"environmentVariables":{"FIREBASE_CONFIG":"{\"projectId\":\"refreshing-website\",\"storageBucket\":\"refreshing-website.firebasestorage.app\"}","GCLOUD_PROJECT":"refreshing-website","EVENTARC_CLOUD_EVENT_SOURCE":"projects/refreshing-website/locations/us-central1/functions/provisionAdminAccount"},"serviceAccountEmail":null,"availableMemoryMb":null,"timeout":null,"vpcConnector":null,"vpcConnectorEgressSettings":null,"sourceToken":"f57d6fd0-2c70-4ab7-b944-19aed713bef8","buildEnvironmentVariables":{"GOOGLE_NODE_RUN_SCRIPTS":""}}
[2026-08-10T03:02:38.270Z] [queue] Retrying task index 10
[2026-08-10T03:02:38.270Z] Checked if tokens are valid: true, expires at: 1786334449855
[2026-08-10T03:02:38.270Z] Checked if tokens are valid: true, expires at: 1786334449855
[2026-08-10T03:02:38.271Z] >>> [apiv2][query] POST https://cloudfunctions.googleapis.com/v1/projects/refreshing-website/locations/us-central1/functions [none]
[2026-08-10T03:02:38.271Z] >>> [apiv2][body] POST https://cloudfunctions.googleapis.com/v1/projects/refreshing-website/locations/us-central1/functions {"name":"projects/refreshing-website/locations/us-central1/functions/pruneVersionHistory","sourceUploadUrl":"https://storage.googleapis.com/uploads-836972235469.us-central1.cloudfunctions.appspot.com/02c1e8fa-c1af-4e22-a011-38b11d0d0528.zip?GoogleAccessId=service-832093857842@gcf-admin-robot.iam.gserviceaccount.com&Expires=1786331467&Signature=VvDa9HDI3UGM%2FHi4yzU0DUDtxVA0ODbyjK8rjmhZpl77FapwR07yYG27cQvoJq%2FbMXoMdUggMWprpHUxcf63d7X8h7jiO6%2BSK2ngf0ma1u6LkFIZoa%2B%2BhfP4Unu%2BIQLcRs8jHKSJ2C8sXkOilNPe79mOMk3j7FUY9rXyKnX5%2FfOmcW%2F4hkPOqwpVLpIYBugYydoJERfEWFy9K%2BiV0LWOSGO352HW7CqGsJeH94c7yxILlbtxT0CeuMlbuDICtHh01cH2GPxtt0OyBMx4ZN9EzDxFrzQPR7z9zuLdS36mHKN6JhFDX6Nvc%2FRxcDM2DV5SHCcPUiaAa7qZ6QPoNWrVjQ%3D%3D","entryPoint":"pruneVersionHistory","runtime":"nodejs20","dockerRegistry":"ARTIFACT_REGISTRY","labels":{"deployment-tool":"cli-firebase","deployment-scheduled":"true","firebase-functions-hash":"74436fef8c2ebebe3f9c654a6faa2958a1c805fc"},"eventTrigger":{"eventType":"google.pubsub.topic.publish","resource":"projects/refreshing-website/topics/firebase-schedule-pruneVersionHistory-us-central1"},"minInstances":null,"maxInstances":null,"ingressSettings":null,"environmentVariables":{"FIREBASE_CONFIG":"{\"projectId\":\"refreshing-website\",\"storageBucket\":\"refreshing-website.firebasestorage.app\"}","GCLOUD_PROJECT":"refreshing-website","EVENTARC_CLOUD_EVENT_SOURCE":"projects/refreshing-website/locations/us-central1/functions/pruneVersionHistory"},"serviceAccountEmail":null,"availableMemoryMb":null,"timeout":null,"vpcConnector":null,"vpcConnectorEgressSettings":null,"sourceToken":"f57d6fd0-2c70-4ab7-b944-19aed713bef8","buildEnvironmentVariables":{"GOOGLE_NODE_RUN_SCRIPTS":""}}
[2026-08-10T03:02:38.280Z] [queue] Retrying task index 5
[2026-08-10T03:02:38.280Z] Checked if tokens are valid: true, expires at: 1786334449855
[2026-08-10T03:02:38.281Z] Checked if tokens are valid: true, expires at: 1786334449855
[2026-08-10T03:02:38.281Z] >>> [apiv2][query] POST https://cloudfunctions.googleapis.com/v1/projects/refreshing-website/locations/us-central1/functions [none]
[2026-08-10T03:02:38.281Z] >>> [apiv2][body] POST https://cloudfunctions.googleapis.com/v1/projects/refreshing-website/locations/us-central1/functions {"name":"projects/refreshing-website/locations/us-central1/functions/syncCheckinView","sourceUploadUrl":"https://storage.googleapis.com/uploads-836972235469.us-central1.cloudfunctions.appspot.com/02c1e8fa-c1af-4e22-a011-38b11d0d0528.zip?GoogleAccessId=service-832093857842@gcf-admin-robot.iam.gserviceaccount.com&Expires=1786331467&Signature=VvDa9HDI3UGM%2FHi4yzU0DUDtxVA0ODbyjK8rjmhZpl77FapwR07yYG27cQvoJq%2FbMXoMdUggMWprpHUxcf63d7X8h7jiO6%2BSK2ngf0ma1u6LkFIZoa%2B%2BhfP4Unu%2BIQLcRs8jHKSJ2C8sXkOilNPe79mOMk3j7FUY9rXyKnX5%2FfOmcW%2F4hkPOqwpVLpIYBugYydoJERfEWFy9K%2BiV0LWOSGO352HW7CqGsJeH94c7yxILlbtxT0CeuMlbuDICtHh01cH2GPxtt0OyBMx4ZN9EzDxFrzQPR7z9zuLdS36mHKN6JhFDX6Nvc%2FRxcDM2DV5SHCcPUiaAa7qZ6QPoNWrVjQ%3D%3D","entryPoint":"syncCheckinView","runtime":"nodejs20","dockerRegistry":"ARTIFACT_REGISTRY","labels":{"deployment-tool":"cli-firebase","firebase-functions-hash":"74436fef8c2ebebe3f9c654a6faa2958a1c805fc"},"eventTrigger":{"eventType":"providers/cloud.firestore/eventTypes/document.write","resource":"projects/refreshing-website/databases/(default)/documents/events/{eventId}/attendees/{attendeeId}"},"minInstances":null,"maxInstances":null,"ingressSettings":null,"environmentVariables":{"FIREBASE_CONFIG":"{\"projectId\":\"refreshing-website\",\"storageBucket\":\"refreshing-website.firebasestorage.app\"}","GCLOUD_PROJECT":"refreshing-website","EVENTARC_CLOUD_EVENT_SOURCE":"projects/refreshing-website/locations/us-central1/functions/syncCheckinView"},"serviceAccountEmail":null,"availableMemoryMb":null,"timeout":null,"vpcConnector":null,"vpcConnectorEgressSettings":null,"sourceToken":"f57d6fd0-2c70-4ab7-b944-19aed713bef8","buildEnvironmentVariables":{"GOOGLE_NODE_RUN_SCRIPTS":""}}
[2026-08-10T03:02:38.292Z] [queue] Retrying task index 3
[2026-08-10T03:02:38.294Z] Checked if tokens are valid: true, expires at: 1786334449855
[2026-08-10T03:02:38.294Z] Checked if tokens are valid: true, expires at: 1786334449855
[2026-08-10T03:02:38.294Z] >>> [apiv2][query] POST https://cloudfunctions.googleapis.com/v1/projects/refreshing-website/locations/us-central1/functions [none]
[2026-08-10T03:02:38.294Z] >>> [apiv2][body] POST https://cloudfunctions.googleapis.com/v1/projects/refreshing-website/locations/us-central1/functions {"name":"projects/refreshing-website/locations/us-central1/functions/markCheckedIn","sourceUploadUrl":"https://storage.googleapis.com/uploads-836972235469.us-central1.cloudfunctions.appspot.com/02c1e8fa-c1af-4e22-a011-38b11d0d0528.zip?GoogleAccessId=service-832093857842@gcf-admin-robot.iam.gserviceaccount.com&Expires=1786331467&Signature=VvDa9HDI3UGM%2FHi4yzU0DUDtxVA0ODbyjK8rjmhZpl77FapwR07yYG27cQvoJq%2FbMXoMdUggMWprpHUxcf63d7X8h7jiO6%2BSK2ngf0ma1u6LkFIZoa%2B%2BhfP4Unu%2BIQLcRs8jHKSJ2C8sXkOilNPe79mOMk3j7FUY9rXyKnX5%2FfOmcW%2F4hkPOqwpVLpIYBugYydoJERfEWFy9K%2BiV0LWOSGO352HW7CqGsJeH94c7yxILlbtxT0CeuMlbuDICtHh01cH2GPxtt0OyBMx4ZN9EzDxFrzQPR7z9zuLdS36mHKN6JhFDX6Nvc%2FRxcDM2DV5SHCcPUiaAa7qZ6QPoNWrVjQ%3D%3D","entryPoint":"markCheckedIn","runtime":"nodejs20","dockerRegistry":"ARTIFACT_REGISTRY","labels":{"deployment-tool":"cli-firebase","deployment-callable":"true","firebase-functions-hash":"74436fef8c2ebebe3f9c654a6faa2958a1c805fc"},"httpsTrigger":{"securityLevel":"SECURE_ALWAYS"},"minInstances":null,"maxInstances":null,"ingressSettings":null,"environmentVariables":{"FIREBASE_CONFIG":"{\"projectId\":\"refreshing-website\",\"storageBucket\":\"refreshing-website.firebasestorage.app\"}","GCLOUD_PROJECT":"refreshing-website","EVENTARC_CLOUD_EVENT_SOURCE":"projects/refreshing-website/locations/us-central1/functions/markCheckedIn"},"serviceAccountEmail":null,"availableMemoryMb":null,"timeout":null,"vpcConnector":null,"vpcConnectorEgressSettings":null,"sourceToken":"f57d6fd0-2c70-4ab7-b944-19aed713bef8","buildEnvironmentVariables":{"GOOGLE_NODE_RUN_SCRIPTS":""}}
[2026-08-10T03:02:38.307Z] [queue] Retrying task index 8
[2026-08-10T03:02:38.307Z] Checked if tokens are valid: true, expires at: 1786334449855
[2026-08-10T03:02:38.307Z] Checked if tokens are valid: true, expires at: 1786334449855
[2026-08-10T03:02:38.307Z] >>> [apiv2][query] POST https://cloudfunctions.googleapis.com/v1/projects/refreshing-website/locations/us-central1/functions [none]
[2026-08-10T03:02:38.307Z] >>> [apiv2][body] POST https://cloudfunctions.googleapis.com/v1/projects/refreshing-website/locations/us-central1/functions {"name":"projects/refreshing-website/locations/us-central1/functions/auditAttendeesWrite","sourceUploadUrl":"https://storage.googleapis.com/uploads-836972235469.us-central1.cloudfunctions.appspot.com/02c1e8fa-c1af-4e22-a011-38b11d0d0528.zip?GoogleAccessId=service-832093857842@gcf-admin-robot.iam.gserviceaccount.com&Expires=1786331467&Signature=VvDa9HDI3UGM%2FHi4yzU0DUDtxVA0ODbyjK8rjmhZpl77FapwR07yYG27cQvoJq%2FbMXoMdUggMWprpHUxcf63d7X8h7jiO6%2BSK2ngf0ma1u6LkFIZoa%2B%2BhfP4Unu%2BIQLcRs8jHKSJ2C8sXkOilNPe79mOMk3j7FUY9rXyKnX5%2FfOmcW%2F4hkPOqwpVLpIYBugYydoJERfEWFy9K%2BiV0LWOSGO352HW7CqGsJeH94c7yxILlbtxT0CeuMlbuDICtHh01cH2GPxtt0OyBMx4ZN9EzDxFrzQPR7z9zuLdS36mHKN6JhFDX6Nvc%2FRxcDM2DV5SHCcPUiaAa7qZ6QPoNWrVjQ%3D%3D","entryPoint":"auditAttendeesWrite","runtime":"nodejs20","dockerRegistry":"ARTIFACT_REGISTRY","labels":{"deployment-tool":"cli-firebase","firebase-functions-hash":"74436fef8c2ebebe3f9c654a6faa2958a1c805fc"},"eventTrigger":{"eventType":"providers/cloud.firestore/eventTypes/document.write","resource":"projects/refreshing-website/databases/(default)/documents/events/{eventId}/attendees/{attendeeId}"},"minInstances":null,"maxInstances":null,"ingressSettings":null,"environmentVariables":{"FIREBASE_CONFIG":"{\"projectId\":\"refreshing-website\",\"storageBucket\":\"refreshing-website.firebasestorage.app\"}","GCLOUD_PROJECT":"refreshing-website","EVENTARC_CLOUD_EVENT_SOURCE":"projects/refreshing-website/locations/us-central1/functions/auditAttendeesWrite"},"serviceAccountEmail":null,"availableMemoryMb":null,"timeout":null,"vpcConnector":null,"vpcConnectorEgressSettings":null,"sourceToken":"f57d6fd0-2c70-4ab7-b944-19aed713bef8","buildEnvironmentVariables":{"GOOGLE_NODE_RUN_SCRIPTS":""}}
[2026-08-10T03:02:38.311Z] [queue] Retrying task index 7
[2026-08-10T03:02:38.312Z] Checked if tokens are valid: true, expires at: 1786334449855
[2026-08-10T03:02:38.312Z] Checked if tokens are valid: true, expires at: 1786334449855
[2026-08-10T03:02:38.312Z] >>> [apiv2][query] POST https://cloudfunctions.googleapis.com/v1/projects/refreshing-website/locations/us-central1/functions [none]
[2026-08-10T03:02:38.312Z] >>> [apiv2][body] POST https://cloudfunctions.googleapis.com/v1/projects/refreshing-website/locations/us-central1/functions {"name":"projects/refreshing-website/locations/us-central1/functions/auditSessionsWrite","sourceUploadUrl":"https://storage.googleapis.com/uploads-836972235469.us-central1.cloudfunctions.appspot.com/02c1e8fa-c1af-4e22-a011-38b11d0d0528.zip?GoogleAccessId=service-832093857842@gcf-admin-robot.iam.gserviceaccount.com&Expires=1786331467&Signature=VvDa9HDI3UGM%2FHi4yzU0DUDtxVA0ODbyjK8rjmhZpl77FapwR07yYG27cQvoJq%2FbMXoMdUggMWprpHUxcf63d7X8h7jiO6%2BSK2ngf0ma1u6LkFIZoa%2B%2BhfP4Unu%2BIQLcRs8jHKSJ2C8sXkOilNPe79mOMk3j7FUY9rXyKnX5%2FfOmcW%2F4hkPOqwpVLpIYBugYydoJERfEWFy9K%2BiV0LWOSGO352HW7CqGsJeH94c7yxILlbtxT0CeuMlbuDICtHh01cH2GPxtt0OyBMx4ZN9EzDxFrzQPR7z9zuLdS36mHKN6JhFDX6Nvc%2FRxcDM2DV5SHCcPUiaAa7qZ6QPoNWrVjQ%3D%3D","entryPoint":"auditSessionsWrite","runtime":"nodejs20","dockerRegistry":"ARTIFACT_REGISTRY","labels":{"deployment-tool":"cli-firebase","firebase-functions-hash":"74436fef8c2ebebe3f9c654a6faa2958a1c805fc"},"eventTrigger":{"eventType":"providers/cloud.firestore/eventTypes/document.write","resource":"projects/refreshing-website/databases/(default)/documents/events/{eventId}/sessions/{sessionId}"},"minInstances":null,"maxInstances":null,"ingressSettings":null,"environmentVariables":{"FIREBASE_CONFIG":"{\"projectId\":\"refreshing-website\",\"storageBucket\":\"refreshing-website.firebasestorage.app\"}","GCLOUD_PROJECT":"refreshing-website","EVENTARC_CLOUD_EVENT_SOURCE":"projects/refreshing-website/locations/us-central1/functions/auditSessionsWrite"},"serviceAccountEmail":null,"availableMemoryMb":null,"timeout":null,"vpcConnector":null,"vpcConnectorEgressSettings":null,"sourceToken":"f57d6fd0-2c70-4ab7-b944-19aed713bef8","buildEnvironmentVariables":{"GOOGLE_NODE_RUN_SCRIPTS":""}}
[2026-08-10T03:02:38.316Z] [queue] Retrying task index 6
[2026-08-10T03:02:38.316Z] Checked if tokens are valid: true, expires at: 1786334449855
[2026-08-10T03:02:38.316Z] Checked if tokens are valid: true, expires at: 1786334449855
[2026-08-10T03:02:38.317Z] >>> [apiv2][query] POST https://cloudfunctions.googleapis.com/v1/projects/refreshing-website/locations/us-central1/functions [none]
[2026-08-10T03:02:38.317Z] >>> [apiv2][body] POST https://cloudfunctions.googleapis.com/v1/projects/refreshing-website/locations/us-central1/functions {"name":"projects/refreshing-website/locations/us-central1/functions/auditMinistersWrite","sourceUploadUrl":"https://storage.googleapis.com/uploads-836972235469.us-central1.cloudfunctions.appspot.com/02c1e8fa-c1af-4e22-a011-38b11d0d0528.zip?GoogleAccessId=service-832093857842@gcf-admin-robot.iam.gserviceaccount.com&Expires=1786331467&Signature=VvDa9HDI3UGM%2FHi4yzU0DUDtxVA0ODbyjK8rjmhZpl77FapwR07yYG27cQvoJq%2FbMXoMdUggMWprpHUxcf63d7X8h7jiO6%2BSK2ngf0ma1u6LkFIZoa%2B%2BhfP4Unu%2BIQLcRs8jHKSJ2C8sXkOilNPe79mOMk3j7FUY9rXyKnX5%2FfOmcW%2F4hkPOqwpVLpIYBugYydoJERfEWFy9K%2BiV0LWOSGO352HW7CqGsJeH94c7yxILlbtxT0CeuMlbuDICtHh01cH2GPxtt0OyBMx4ZN9EzDxFrzQPR7z9zuLdS36mHKN6JhFDX6Nvc%2FRxcDM2DV5SHCcPUiaAa7qZ6QPoNWrVjQ%3D%3D","entryPoint":"auditMinistersWrite","runtime":"nodejs20","dockerRegistry":"ARTIFACT_REGISTRY","labels":{"deployment-tool":"cli-firebase","firebase-functions-hash":"74436fef8c2ebebe3f9c654a6faa2958a1c805fc"},"eventTrigger":{"eventType":"providers/cloud.firestore/eventTypes/document.write","resource":"projects/refreshing-website/databases/(default)/documents/events/{eventId}/ministers/{ministerId}"},"minInstances":null,"maxInstances":null,"ingressSettings":null,"environmentVariables":{"FIREBASE_CONFIG":"{\"projectId\":\"refreshing-website\",\"storageBucket\":\"refreshing-website.firebasestorage.app\"}","GCLOUD_PROJECT":"refreshing-website","EVENTARC_CLOUD_EVENT_SOURCE":"projects/refreshing-website/locations/us-central1/functions/auditMinistersWrite"},"serviceAccountEmail":null,"availableMemoryMb":null,"timeout":null,"vpcConnector":null,"vpcConnectorEgressSettings":null,"sourceToken":"f57d6fd0-2c70-4ab7-b944-19aed713bef8","buildEnvironmentVariables":{"GOOGLE_NODE_RUN_SCRIPTS":""}}
[2026-08-10T03:02:38.323Z] [queue] Retrying task index 4
[2026-08-10T03:02:38.324Z] Checked if tokens are valid: true, expires at: 1786334449855
[2026-08-10T03:02:38.324Z] Checked if tokens are valid: true, expires at: 1786334449855
[2026-08-10T03:02:38.324Z] >>> [apiv2][query] POST https://cloudfunctions.googleapis.com/v1/projects/refreshing-website/locations/us-central1/functions [none]
[2026-08-10T03:02:38.324Z] >>> [apiv2][body] POST https://cloudfunctions.googleapis.com/v1/projects/refreshing-website/locations/us-central1/functions {"name":"projects/refreshing-website/locations/us-central1/functions/undoCheckIn","sourceUploadUrl":"https://storage.googleapis.com/uploads-836972235469.us-central1.cloudfunctions.appspot.com/02c1e8fa-c1af-4e22-a011-38b11d0d0528.zip?GoogleAccessId=service-832093857842@gcf-admin-robot.iam.gserviceaccount.com&Expires=1786331467&Signature=VvDa9HDI3UGM%2FHi4yzU0DUDtxVA0ODbyjK8rjmhZpl77FapwR07yYG27cQvoJq%2FbMXoMdUggMWprpHUxcf63d7X8h7jiO6%2BSK2ngf0ma1u6LkFIZoa%2B%2BhfP4Unu%2BIQLcRs8jHKSJ2C8sXkOilNPe79mOMk3j7FUY9rXyKnX5%2FfOmcW%2F4hkPOqwpVLpIYBugYydoJERfEWFy9K%2BiV0LWOSGO352HW7CqGsJeH94c7yxILlbtxT0CeuMlbuDICtHh01cH2GPxtt0OyBMx4ZN9EzDxFrzQPR7z9zuLdS36mHKN6JhFDX6Nvc%2FRxcDM2DV5SHCcPUiaAa7qZ6QPoNWrVjQ%3D%3D","entryPoint":"undoCheckIn","runtime":"nodejs20","dockerRegistry":"ARTIFACT_REGISTRY","labels":{"deployment-tool":"cli-firebase","deployment-callable":"true","firebase-functions-hash":"74436fef8c2ebebe3f9c654a6faa2958a1c805fc"},"httpsTrigger":{"securityLevel":"SECURE_ALWAYS"},"minInstances":null,"maxInstances":null,"ingressSettings":null,"environmentVariables":{"FIREBASE_CONFIG":"{\"projectId\":\"refreshing-website\",\"storageBucket\":\"refreshing-website.firebasestorage.app\"}","GCLOUD_PROJECT":"refreshing-website","EVENTARC_CLOUD_EVENT_SOURCE":"projects/refreshing-website/locations/us-central1/functions/undoCheckIn"},"serviceAccountEmail":null,"availableMemoryMb":null,"timeout":null,"vpcConnector":null,"vpcConnectorEgressSettings":null,"sourceToken":"f57d6fd0-2c70-4ab7-b944-19aed713bef8","buildEnvironmentVariables":{"GOOGLE_NODE_RUN_SCRIPTS":""}}
[2026-08-10T03:02:38.331Z] [queue] Retrying task index 9
[2026-08-10T03:02:38.331Z] Checked if tokens are valid: true, expires at: 1786334449855
[2026-08-10T03:02:38.331Z] Checked if tokens are valid: true, expires at: 1786334449855
[2026-08-10T03:02:38.332Z] >>> [apiv2][query] POST https://cloudfunctions.googleapis.com/v1/projects/refreshing-website/locations/us-central1/functions [none]
[2026-08-10T03:02:38.332Z] >>> [apiv2][body] POST https://cloudfunctions.googleapis.com/v1/projects/refreshing-website/locations/us-central1/functions {"name":"projects/refreshing-website/locations/us-central1/functions/purgeTrash","sourceUploadUrl":"https://storage.googleapis.com/uploads-836972235469.us-central1.cloudfunctions.appspot.com/02c1e8fa-c1af-4e22-a011-38b11d0d0528.zip?GoogleAccessId=service-832093857842@gcf-admin-robot.iam.gserviceaccount.com&Expires=1786331467&Signature=VvDa9HDI3UGM%2FHi4yzU0DUDtxVA0ODbyjK8rjmhZpl77FapwR07yYG27cQvoJq%2FbMXoMdUggMWprpHUxcf63d7X8h7jiO6%2BSK2ngf0ma1u6LkFIZoa%2B%2BhfP4Unu%2BIQLcRs8jHKSJ2C8sXkOilNPe79mOMk3j7FUY9rXyKnX5%2FfOmcW%2F4hkPOqwpVLpIYBugYydoJERfEWFy9K%2BiV0LWOSGO352HW7CqGsJeH94c7yxILlbtxT0CeuMlbuDICtHh01cH2GPxtt0OyBMx4ZN9EzDxFrzQPR7z9zuLdS36mHKN6JhFDX6Nvc%2FRxcDM2DV5SHCcPUiaAa7qZ6QPoNWrVjQ%3D%3D","entryPoint":"purgeTrash","runtime":"nodejs20","dockerRegistry":"ARTIFACT_REGISTRY","labels":{"deployment-tool":"cli-firebase","deployment-scheduled":"true","firebase-functions-hash":"74436fef8c2ebebe3f9c654a6faa2958a1c805fc"},"eventTrigger":{"eventType":"google.pubsub.topic.publish","resource":"projects/refreshing-website/topics/firebase-schedule-purgeTrash-us-central1"},"minInstances":null,"maxInstances":null,"ingressSettings":null,"environmentVariables":{"FIREBASE_CONFIG":"{\"projectId\":\"refreshing-website\",\"storageBucket\":\"refreshing-website.firebasestorage.app\"}","GCLOUD_PROJECT":"refreshing-website","EVENTARC_CLOUD_EVENT_SOURCE":"projects/refreshing-website/locations/us-central1/functions/purgeTrash"},"serviceAccountEmail":null,"availableMemoryMb":null,"timeout":null,"vpcConnector":null,"vpcConnectorEgressSettings":null,"sourceToken":"f57d6fd0-2c70-4ab7-b944-19aed713bef8","buildEnvironmentVariables":{"GOOGLE_NODE_RUN_SCRIPTS":""}}
[2026-08-10T03:02:38.338Z] [queue] Retrying task index 2
[2026-08-10T03:02:38.339Z] Checked if tokens are valid: true, expires at: 1786334449855
[2026-08-10T03:02:38.339Z] Checked if tokens are valid: true, expires at: 1786334449855
[2026-08-10T03:02:38.340Z] >>> [apiv2][query] POST https://cloudfunctions.googleapis.com/v1/projects/refreshing-website/locations/us-central1/functions [none]
[2026-08-10T03:02:38.340Z] >>> [apiv2][body] POST https://cloudfunctions.googleapis.com/v1/projects/refreshing-website/locations/us-central1/functions {"name":"projects/refreshing-website/locations/us-central1/functions/revokeUserAccess","sourceUploadUrl":"https://storage.googleapis.com/uploads-836972235469.us-central1.cloudfunctions.appspot.com/02c1e8fa-c1af-4e22-a011-38b11d0d0528.zip?GoogleAccessId=service-832093857842@gcf-admin-robot.iam.gserviceaccount.com&Expires=1786331467&Signature=VvDa9HDI3UGM%2FHi4yzU0DUDtxVA0ODbyjK8rjmhZpl77FapwR07yYG27cQvoJq%2FbMXoMdUggMWprpHUxcf63d7X8h7jiO6%2BSK2ngf0ma1u6LkFIZoa%2B%2BhfP4Unu%2BIQLcRs8jHKSJ2C8sXkOilNPe79mOMk3j7FUY9rXyKnX5%2FfOmcW%2F4hkPOqwpVLpIYBugYydoJERfEWFy9K%2BiV0LWOSGO352HW7CqGsJeH94c7yxILlbtxT0CeuMlbuDICtHh01cH2GPxtt0OyBMx4ZN9EzDxFrzQPR7z9zuLdS36mHKN6JhFDX6Nvc%2FRxcDM2DV5SHCcPUiaAa7qZ6QPoNWrVjQ%3D%3D","entryPoint":"revokeUserAccess","runtime":"nodejs20","dockerRegistry":"ARTIFACT_REGISTRY","labels":{"deployment-tool":"cli-firebase","deployment-callable":"true","firebase-functions-hash":"74436fef8c2ebebe3f9c654a6faa2958a1c805fc"},"httpsTrigger":{"securityLevel":"SECURE_ALWAYS"},"minInstances":null,"maxInstances":null,"ingressSettings":null,"environmentVariables":{"FIREBASE_CONFIG":"{\"projectId\":\"refreshing-website\",\"storageBucket\":\"refreshing-website.firebasestorage.app\"}","GCLOUD_PROJECT":"refreshing-website","EVENTARC_CLOUD_EVENT_SOURCE":"projects/refreshing-website/locations/us-central1/functions/revokeUserAccess"},"serviceAccountEmail":null,"availableMemoryMb":null,"timeout":null,"vpcConnector":null,"vpcConnectorEgressSettings":null,"sourceToken":"f57d6fd0-2c70-4ab7-b944-19aed713bef8","buildEnvironmentVariables":{"GOOGLE_NODE_RUN_SCRIPTS":""}}
[2026-08-10T03:02:38.387Z] [queue] Retrying task index 1
[2026-08-10T03:02:38.388Z] Checked if tokens are valid: true, expires at: 1786334449855
[2026-08-10T03:02:38.388Z] Checked if tokens are valid: true, expires at: 1786334449855
[2026-08-10T03:02:38.388Z] >>> [apiv2][query] POST https://cloudfunctions.googleapis.com/v1/projects/refreshing-website/locations/us-central1/functions [none]
[2026-08-10T03:02:38.388Z] >>> [apiv2][body] POST https://cloudfunctions.googleapis.com/v1/projects/refreshing-website/locations/us-central1/functions {"name":"projects/refreshing-website/locations/us-central1/functions/setUserRole","sourceUploadUrl":"https://storage.googleapis.com/uploads-836972235469.us-central1.cloudfunctions.appspot.com/02c1e8fa-c1af-4e22-a011-38b11d0d0528.zip?GoogleAccessId=service-832093857842@gcf-admin-robot.iam.gserviceaccount.com&Expires=1786331467&Signature=VvDa9HDI3UGM%2FHi4yzU0DUDtxVA0ODbyjK8rjmhZpl77FapwR07yYG27cQvoJq%2FbMXoMdUggMWprpHUxcf63d7X8h7jiO6%2BSK2ngf0ma1u6LkFIZoa%2B%2BhfP4Unu%2BIQLcRs8jHKSJ2C8sXkOilNPe79mOMk3j7FUY9rXyKnX5%2FfOmcW%2F4hkPOqwpVLpIYBugYydoJERfEWFy9K%2BiV0LWOSGO352HW7CqGsJeH94c7yxILlbtxT0CeuMlbuDICtHh01cH2GPxtt0OyBMx4ZN9EzDxFrzQPR7z9zuLdS36mHKN6JhFDX6Nvc%2FRxcDM2DV5SHCcPUiaAa7qZ6QPoNWrVjQ%3D%3D","entryPoint":"setUserRole","runtime":"nodejs20","dockerRegistry":"ARTIFACT_REGISTRY","labels":{"deployment-tool":"cli-firebase","deployment-callable":"true","firebase-functions-hash":"74436fef8c2ebebe3f9c654a6faa2958a1c805fc"},"httpsTrigger":{"securityLevel":"SECURE_ALWAYS"},"minInstances":null,"maxInstances":null,"ingressSettings":null,"environmentVariables":{"FIREBASE_CONFIG":"{\"projectId\":\"refreshing-website\",\"storageBucket\":\"refreshing-website.firebasestorage.app\"}","GCLOUD_PROJECT":"refreshing-website","EVENTARC_CLOUD_EVENT_SOURCE":"projects/refreshing-website/locations/us-central1/functions/setUserRole"},"serviceAccountEmail":null,"availableMemoryMb":null,"timeout":null,"vpcConnector":null,"vpcConnectorEgressSettings":null,"sourceToken":"f57d6fd0-2c70-4ab7-b944-19aed713bef8","buildEnvironmentVariables":{"GOOGLE_NODE_RUN_SCRIPTS":""}}
[2026-08-10T03:02:38.907Z] <<< [apiv2][status] POST https://cloudfunctions.googleapis.com/v1/projects/refreshing-website/locations/us-central1/functions 409
[2026-08-10T03:02:38.907Z] <<< [apiv2][body] POST https://cloudfunctions.googleapis.com/v1/projects/refreshing-website/locations/us-central1/functions {"error":{"code":409,"message":"Failed to create 1st Gen function projects/refreshing-website/locations/us-central1/functions/markCheckedIn: Function markCheckedIn in region us-central1 in project refreshing-website already exists","status":"ALREADY_EXISTS"}}
!  functions: failed to create function projects/refreshing-website/locations/us-central1/functions/markCheckedIn 
[2026-08-10T03:02:38.916Z] <<< [apiv2][status] POST https://cloudfunctions.googleapis.com/v1/projects/refreshing-website/locations/us-central1/functions 409
[2026-08-10T03:02:38.917Z] <<< [apiv2][body] POST https://cloudfunctions.googleapis.com/v1/projects/refreshing-website/locations/us-central1/functions {"error":{"code":409,"message":"Failed to create 1st Gen function projects/refreshing-website/locations/us-central1/functions/provisionAdminAccount: Function provisionAdminAccount in region us-central1 in project refreshing-website already exists","status":"ALREADY_EXISTS"}}
!  functions: failed to create function projects/refreshing-website/locations/us-central1/functions/provisionAdminAccount 
[2026-08-10T03:02:38.917Z] <<< [apiv2][status] POST https://cloudfunctions.googleapis.com/v1/projects/refreshing-website/locations/us-central1/functions 409
[2026-08-10T03:02:38.918Z] <<< [apiv2][body] POST https://cloudfunctions.googleapis.com/v1/projects/refreshing-website/locations/us-central1/functions {"error":{"code":409,"message":"Failed to create 1st Gen function projects/refreshing-website/locations/us-central1/functions/auditAttendeesWrite: Function auditAttendeesWrite in region us-central1 in project refreshing-website already exists","status":"ALREADY_EXISTS"}}
!  functions: failed to create function projects/refreshing-website/locations/us-central1/functions/auditAttendeesWrite 
[2026-08-10T03:02:38.919Z] <<< [apiv2][status] POST https://cloudfunctions.googleapis.com/v1/projects/refreshing-website/locations/us-central1/functions 409
[2026-08-10T03:02:38.919Z] <<< [apiv2][body] POST https://cloudfunctions.googleapis.com/v1/projects/refreshing-website/locations/us-central1/functions {"error":{"code":409,"message":"Failed to create 1st Gen function projects/refreshing-website/locations/us-central1/functions/undoCheckIn: Function undoCheckIn in region us-central1 in project refreshing-website already exists","status":"ALREADY_EXISTS"}}
!  functions: failed to create function projects/refreshing-website/locations/us-central1/functions/undoCheckIn 
[2026-08-10T03:02:38.921Z] <<< [apiv2][status] POST https://cloudfunctions.googleapis.com/v1/projects/refreshing-website/locations/us-central1/functions 409
[2026-08-10T03:02:38.921Z] <<< [apiv2][body] POST https://cloudfunctions.googleapis.com/v1/projects/refreshing-website/locations/us-central1/functions {"error":{"code":409,"message":"Failed to create 1st Gen function projects/refreshing-website/locations/us-central1/functions/auditMinistersWrite: Function auditMinistersWrite in region us-central1 in project refreshing-website already exists","status":"ALREADY_EXISTS"}}
!  functions: failed to create function projects/refreshing-website/locations/us-central1/functions/auditMinistersWrite 
[2026-08-10T03:02:38.932Z] <<< [apiv2][status] POST https://cloudfunctions.googleapis.com/v1/projects/refreshing-website/locations/us-central1/functions 409
[2026-08-10T03:02:38.932Z] <<< [apiv2][body] POST https://cloudfunctions.googleapis.com/v1/projects/refreshing-website/locations/us-central1/functions {"error":{"code":409,"message":"Failed to create 1st Gen function projects/refreshing-website/locations/us-central1/functions/setUserRole: Function setUserRole in region us-central1 in project refreshing-website already exists","status":"ALREADY_EXISTS"}}
!  functions: failed to create function projects/refreshing-website/locations/us-central1/functions/setUserRole 
[2026-08-10T03:02:38.937Z] <<< [apiv2][status] POST https://cloudfunctions.googleapis.com/v1/projects/refreshing-website/locations/us-central1/functions 409
[2026-08-10T03:02:38.937Z] <<< [apiv2][body] POST https://cloudfunctions.googleapis.com/v1/projects/refreshing-website/locations/us-central1/functions {"error":{"code":409,"message":"Failed to create 1st Gen function projects/refreshing-website/locations/us-central1/functions/revokeUserAccess: Function revokeUserAccess in region us-central1 in project refreshing-website already exists","status":"ALREADY_EXISTS"}}
!  functions: failed to create function projects/refreshing-website/locations/us-central1/functions/revokeUserAccess 
[2026-08-10T03:02:38.939Z] <<< [apiv2][status] POST https://cloudfunctions.googleapis.com/v1/projects/refreshing-website/locations/us-central1/functions 409
[2026-08-10T03:02:38.939Z] <<< [apiv2][body] POST https://cloudfunctions.googleapis.com/v1/projects/refreshing-website/locations/us-central1/functions {"error":{"code":409,"message":"Failed to create 1st Gen function projects/refreshing-website/locations/us-central1/functions/purgeTrash: Function purgeTrash in region us-central1 in project refreshing-website already exists","status":"ALREADY_EXISTS"}}
!  functions: failed to create function projects/refreshing-website/locations/us-central1/functions/purgeTrash 
[2026-08-10T03:02:38.944Z] <<< [apiv2][status] POST https://cloudfunctions.googleapis.com/v1/projects/refreshing-website/locations/us-central1/functions 409
[2026-08-10T03:02:38.945Z] <<< [apiv2][body] POST https://cloudfunctions.googleapis.com/v1/projects/refreshing-website/locations/us-central1/functions {"error":{"code":409,"message":"Failed to create 1st Gen function projects/refreshing-website/locations/us-central1/functions/auditSessionsWrite: Function auditSessionsWrite in region us-central1 in project refreshing-website already exists","status":"ALREADY_EXISTS"}}
!  functions: failed to create function projects/refreshing-website/locations/us-central1/functions/auditSessionsWrite 
[2026-08-10T03:02:38.946Z] <<< [apiv2][status] POST https://cloudfunctions.googleapis.com/v1/projects/refreshing-website/locations/us-central1/functions 409
[2026-08-10T03:02:38.946Z] <<< [apiv2][body] POST https://cloudfunctions.googleapis.com/v1/projects/refreshing-website/locations/us-central1/functions {"error":{"code":409,"message":"Failed to create 1st Gen function projects/refreshing-website/locations/us-central1/functions/syncCheckinView: Function syncCheckinView in region us-central1 in project refreshing-website already exists","status":"ALREADY_EXISTS"}}
!  functions: failed to create function projects/refreshing-website/locations/us-central1/functions/syncCheckinView 
[2026-08-10T03:02:38.961Z] <<< [apiv2][status] POST https://cloudfunctions.googleapis.com/v1/projects/refreshing-website/locations/us-central1/functions 409
[2026-08-10T03:02:38.961Z] <<< [apiv2][body] POST https://cloudfunctions.googleapis.com/v1/projects/refreshing-website/locations/us-central1/functions {"error":{"code":409,"message":"Failed to create 1st Gen function projects/refreshing-website/locations/us-central1/functions/pruneVersionHistory: Function pruneVersionHistory in region us-central1 in project refreshing-website already exists","status":"ALREADY_EXISTS"}}
!  functions: failed to create function projects/refreshing-website/locations/us-central1/functions/pruneVersionHistory 
[2026-08-10T03:04:18.909Z] [queue] Retrying task index 3
[2026-08-10T03:04:18.910Z] Checked if tokens are valid: true, expires at: 1786334449855
[2026-08-10T03:04:18.910Z] Checked if tokens are valid: true, expires at: 1786334449855
[2026-08-10T03:04:18.910Z] >>> [apiv2][query] POST https://cloudfunctions.googleapis.com/v1/projects/refreshing-website/locations/us-central1/functions [none]
[2026-08-10T03:04:18.910Z] >>> [apiv2][body] POST https://cloudfunctions.googleapis.com/v1/projects/refreshing-website/locations/us-central1/functions {"name":"projects/refreshing-website/locations/us-central1/functions/markCheckedIn","sourceUploadUrl":"https://storage.googleapis.com/uploads-836972235469.us-central1.cloudfunctions.appspot.com/02c1e8fa-c1af-4e22-a011-38b11d0d0528.zip?GoogleAccessId=service-832093857842@gcf-admin-robot.iam.gserviceaccount.com&Expires=1786331467&Signature=VvDa9HDI3UGM%2FHi4yzU0DUDtxVA0ODbyjK8rjmhZpl77FapwR07yYG27cQvoJq%2FbMXoMdUggMWprpHUxcf63d7X8h7jiO6%2BSK2ngf0ma1u6LkFIZoa%2B%2BhfP4Unu%2BIQLcRs8jHKSJ2C8sXkOilNPe79mOMk3j7FUY9rXyKnX5%2FfOmcW%2F4hkPOqwpVLpIYBugYydoJERfEWFy9K%2BiV0LWOSGO352HW7CqGsJeH94c7yxILlbtxT0CeuMlbuDICtHh01cH2GPxtt0OyBMx4ZN9EzDxFrzQPR7z9zuLdS36mHKN6JhFDX6Nvc%2FRxcDM2DV5SHCcPUiaAa7qZ6QPoNWrVjQ%3D%3D","entryPoint":"markCheckedIn","runtime":"nodejs20","dockerRegistry":"ARTIFACT_REGISTRY","labels":{"deployment-tool":"cli-firebase","deployment-callable":"true","firebase-functions-hash":"74436fef8c2ebebe3f9c654a6faa2958a1c805fc"},"httpsTrigger":{"securityLevel":"SECURE_ALWAYS"},"minInstances":null,"maxInstances":null,"ingressSettings":null,"environmentVariables":{"FIREBASE_CONFIG":"{\"projectId\":\"refreshing-website\",\"storageBucket\":\"refreshing-website.firebasestorage.app\"}","GCLOUD_PROJECT":"refreshing-website","EVENTARC_CLOUD_EVENT_SOURCE":"projects/refreshing-website/locations/us-central1/functions/markCheckedIn"},"serviceAccountEmail":null,"availableMemoryMb":null,"timeout":null,"vpcConnector":null,"vpcConnectorEgressSettings":null,"sourceToken":"f57d6fd0-2c70-4ab7-b944-19aed713bef8","buildEnvironmentVariables":{"GOOGLE_NODE_RUN_SCRIPTS":""}}
[2026-08-10T03:04:18.917Z] [queue] Retrying task index 11
[2026-08-10T03:04:18.917Z] Checked if tokens are valid: true, expires at: 1786334449855
[2026-08-10T03:04:18.917Z] Checked if tokens are valid: true, expires at: 1786334449855
[2026-08-10T03:04:18.918Z] >>> [apiv2][query] POST https://cloudfunctions.googleapis.com/v1/projects/refreshing-website/locations/us-central1/functions [none]
[2026-08-10T03:04:18.918Z] >>> [apiv2][body] POST https://cloudfunctions.googleapis.com/v1/projects/refreshing-website/locations/us-central1/functions {"name":"projects/refreshing-website/locations/us-central1/functions/provisionAdminAccount","sourceUploadUrl":"https://storage.googleapis.com/uploads-836972235469.us-central1.cloudfunctions.appspot.com/02c1e8fa-c1af-4e22-a011-38b11d0d0528.zip?GoogleAccessId=service-832093857842@gcf-admin-robot.iam.gserviceaccount.com&Expires=1786331467&Signature=VvDa9HDI3UGM%2FHi4yzU0DUDtxVA0ODbyjK8rjmhZpl77FapwR07yYG27cQvoJq%2FbMXoMdUggMWprpHUxcf63d7X8h7jiO6%2BSK2ngf0ma1u6LkFIZoa%2B%2BhfP4Unu%2BIQLcRs8jHKSJ2C8sXkOilNPe79mOMk3j7FUY9rXyKnX5%2FfOmcW%2F4hkPOqwpVLpIYBugYydoJERfEWFy9K%2BiV0LWOSGO352HW7CqGsJeH94c7yxILlbtxT0CeuMlbuDICtHh01cH2GPxtt0OyBMx4ZN9EzDxFrzQPR7z9zuLdS36mHKN6JhFDX6Nvc%2FRxcDM2DV5SHCcPUiaAa7qZ6QPoNWrVjQ%3D%3D","entryPoint":"provisionAdminAccount","runtime":"nodejs20","dockerRegistry":"ARTIFACT_REGISTRY","labels":{"deployment-tool":"cli-firebase","deployment-callable":"true","firebase-functions-hash":"74436fef8c2ebebe3f9c654a6faa2958a1c805fc"},"httpsTrigger":{"securityLevel":"SECURE_ALWAYS"},"minInstances":null,"maxInstances":null,"ingressSettings":null,"environmentVariables":{"FIREBASE_CONFIG":"{\"projectId\":\"refreshing-website\",\"storageBucket\":\"refreshing-website.firebasestorage.app\"}","GCLOUD_PROJECT":"refreshing-website","EVENTARC_CLOUD_EVENT_SOURCE":"projects/refreshing-website/locations/us-central1/functions/provisionAdminAccount"},"serviceAccountEmail":null,"availableMemoryMb":null,"timeout":null,"vpcConnector":null,"vpcConnectorEgressSettings":null,"sourceToken":"f57d6fd0-2c70-4ab7-b944-19aed713bef8","buildEnvironmentVariables":{"GOOGLE_NODE_RUN_SCRIPTS":""}}
[2026-08-10T03:04:18.922Z] [queue] Retrying task index 8
[2026-08-10T03:04:18.922Z] Checked if tokens are valid: true, expires at: 1786334449855
[2026-08-10T03:04:18.923Z] Checked if tokens are valid: true, expires at: 1786334449855
[2026-08-10T03:04:18.923Z] >>> [apiv2][query] POST https://cloudfunctions.googleapis.com/v1/projects/refreshing-website/locations/us-central1/functions [none]
[2026-08-10T03:04:18.923Z] >>> [apiv2][body] POST https://cloudfunctions.googleapis.com/v1/projects/refreshing-website/locations/us-central1/functions {"name":"projects/refreshing-website/locations/us-central1/functions/auditAttendeesWrite","sourceUploadUrl":"https://storage.googleapis.com/uploads-836972235469.us-central1.cloudfunctions.appspot.com/02c1e8fa-c1af-4e22-a011-38b11d0d0528.zip?GoogleAccessId=service-832093857842@gcf-admin-robot.iam.gserviceaccount.com&Expires=1786331467&Signature=VvDa9HDI3UGM%2FHi4yzU0DUDtxVA0ODbyjK8rjmhZpl77FapwR07yYG27cQvoJq%2FbMXoMdUggMWprpHUxcf63d7X8h7jiO6%2BSK2ngf0ma1u6LkFIZoa%2B%2BhfP4Unu%2BIQLcRs8jHKSJ2C8sXkOilNPe79mOMk3j7FUY9rXyKnX5%2FfOmcW%2F4hkPOqwpVLpIYBugYydoJERfEWFy9K%2BiV0LWOSGO352HW7CqGsJeH94c7yxILlbtxT0CeuMlbuDICtHh01cH2GPxtt0OyBMx4ZN9EzDxFrzQPR7z9zuLdS36mHKN6JhFDX6Nvc%2FRxcDM2DV5SHCcPUiaAa7qZ6QPoNWrVjQ%3D%3D","entryPoint":"auditAttendeesWrite","runtime":"nodejs20","dockerRegistry":"ARTIFACT_REGISTRY","labels":{"deployment-tool":"cli-firebase","firebase-functions-hash":"74436fef8c2ebebe3f9c654a6faa2958a1c805fc"},"eventTrigger":{"eventType":"providers/cloud.firestore/eventTypes/document.write","resource":"projects/refreshing-website/databases/(default)/documents/events/{eventId}/attendees/{attendeeId}"},"minInstances":null,"maxInstances":null,"ingressSettings":null,"environmentVariables":{"FIREBASE_CONFIG":"{\"projectId\":\"refreshing-website\",\"storageBucket\":\"refreshing-website.firebasestorage.app\"}","GCLOUD_PROJECT":"refreshing-website","EVENTARC_CLOUD_EVENT_SOURCE":"projects/refreshing-website/locations/us-central1/functions/auditAttendeesWrite"},"serviceAccountEmail":null,"availableMemoryMb":null,"timeout":null,"vpcConnector":null,"vpcConnectorEgressSettings":null,"sourceToken":"f57d6fd0-2c70-4ab7-b944-19aed713bef8","buildEnvironmentVariables":{"GOOGLE_NODE_RUN_SCRIPTS":""}}
[2026-08-10T03:04:18.927Z] [queue] Retrying task index 4
[2026-08-10T03:04:18.928Z] Checked if tokens are valid: true, expires at: 1786334449855
[2026-08-10T03:04:18.928Z] Checked if tokens are valid: true, expires at: 1786334449855
[2026-08-10T03:04:18.928Z] >>> [apiv2][query] POST https://cloudfunctions.googleapis.com/v1/projects/refreshing-website/locations/us-central1/functions [none]
[2026-08-10T03:04:18.928Z] >>> [apiv2][body] POST https://cloudfunctions.googleapis.com/v1/projects/refreshing-website/locations/us-central1/functions {"name":"projects/refreshing-website/locations/us-central1/functions/undoCheckIn","sourceUploadUrl":"https://storage.googleapis.com/uploads-836972235469.us-central1.cloudfunctions.appspot.com/02c1e8fa-c1af-4e22-a011-38b11d0d0528.zip?GoogleAccessId=service-832093857842@gcf-admin-robot.iam.gserviceaccount.com&Expires=1786331467&Signature=VvDa9HDI3UGM%2FHi4yzU0DUDtxVA0ODbyjK8rjmhZpl77FapwR07yYG27cQvoJq%2FbMXoMdUggMWprpHUxcf63d7X8h7jiO6%2BSK2ngf0ma1u6LkFIZoa%2B%2BhfP4Unu%2BIQLcRs8jHKSJ2C8sXkOilNPe79mOMk3j7FUY9rXyKnX5%2FfOmcW%2F4hkPOqwpVLpIYBugYydoJERfEWFy9K%2BiV0LWOSGO352HW7CqGsJeH94c7yxILlbtxT0CeuMlbuDICtHh01cH2GPxtt0OyBMx4ZN9EzDxFrzQPR7z9zuLdS36mHKN6JhFDX6Nvc%2FRxcDM2DV5SHCcPUiaAa7qZ6QPoNWrVjQ%3D%3D","entryPoint":"undoCheckIn","runtime":"nodejs20","dockerRegistry":"ARTIFACT_REGISTRY","labels":{"deployment-tool":"cli-firebase","deployment-callable":"true","firebase-functions-hash":"74436fef8c2ebebe3f9c654a6faa2958a1c805fc"},"httpsTrigger":{"securityLevel":"SECURE_ALWAYS"},"minInstances":null,"maxInstances":null,"ingressSettings":null,"environmentVariables":{"FIREBASE_CONFIG":"{\"projectId\":\"refreshing-website\",\"storageBucket\":\"refreshing-website.firebasestorage.app\"}","GCLOUD_PROJECT":"refreshing-website","EVENTARC_CLOUD_EVENT_SOURCE":"projects/refreshing-website/locations/us-central1/functions/undoCheckIn"},"serviceAccountEmail":null,"availableMemoryMb":null,"timeout":null,"vpcConnector":null,"vpcConnectorEgressSettings":null,"sourceToken":"f57d6fd0-2c70-4ab7-b944-19aed713bef8","buildEnvironmentVariables":{"GOOGLE_NODE_RUN_SCRIPTS":""}}
[2026-08-10T03:04:18.931Z] [queue] Retrying task index 6
[2026-08-10T03:04:18.932Z] Checked if tokens are valid: true, expires at: 1786334449855
[2026-08-10T03:04:18.932Z] Checked if tokens are valid: true, expires at: 1786334449855
[2026-08-10T03:04:18.932Z] >>> [apiv2][query] POST https://cloudfunctions.googleapis.com/v1/projects/refreshing-website/locations/us-central1/functions [none]
[2026-08-10T03:04:18.932Z] >>> [apiv2][body] POST https://cloudfunctions.googleapis.com/v1/projects/refreshing-website/locations/us-central1/functions {"name":"projects/refreshing-website/locations/us-central1/functions/auditMinistersWrite","sourceUploadUrl":"https://storage.googleapis.com/uploads-836972235469.us-central1.cloudfunctions.appspot.com/02c1e8fa-c1af-4e22-a011-38b11d0d0528.zip?GoogleAccessId=service-832093857842@gcf-admin-robot.iam.gserviceaccount.com&Expires=1786331467&Signature=VvDa9HDI3UGM%2FHi4yzU0DUDtxVA0ODbyjK8rjmhZpl77FapwR07yYG27cQvoJq%2FbMXoMdUggMWprpHUxcf63d7X8h7jiO6%2BSK2ngf0ma1u6LkFIZoa%2B%2BhfP4Unu%2BIQLcRs8jHKSJ2C8sXkOilNPe79mOMk3j7FUY9rXyKnX5%2FfOmcW%2F4hkPOqwpVLpIYBugYydoJERfEWFy9K%2BiV0LWOSGO352HW7CqGsJeH94c7yxILlbtxT0CeuMlbuDICtHh01cH2GPxtt0OyBMx4ZN9EzDxFrzQPR7z9zuLdS36mHKN6JhFDX6Nvc%2FRxcDM2DV5SHCcPUiaAa7qZ6QPoNWrVjQ%3D%3D","entryPoint":"auditMinistersWrite","runtime":"nodejs20","dockerRegistry":"ARTIFACT_REGISTRY","labels":{"deployment-tool":"cli-firebase","firebase-functions-hash":"74436fef8c2ebebe3f9c654a6faa2958a1c805fc"},"eventTrigger":{"eventType":"providers/cloud.firestore/eventTypes/document.write","resource":"projects/refreshing-website/databases/(default)/documents/events/{eventId}/ministers/{ministerId}"},"minInstances":null,"maxInstances":null,"ingressSettings":null,"environmentVariables":{"FIREBASE_CONFIG":"{\"projectId\":\"refreshing-website\",\"storageBucket\":\"refreshing-website.firebasestorage.app\"}","GCLOUD_PROJECT":"refreshing-website","EVENTARC_CLOUD_EVENT_SOURCE":"projects/refreshing-website/locations/us-central1/functions/auditMinistersWrite"},"serviceAccountEmail":null,"availableMemoryMb":null,"timeout":null,"vpcConnector":null,"vpcConnectorEgressSettings":null,"sourceToken":"f57d6fd0-2c70-4ab7-b944-19aed713bef8","buildEnvironmentVariables":{"GOOGLE_NODE_RUN_SCRIPTS":""}}
[2026-08-10T03:04:18.961Z] [queue] Retrying task index 1
[2026-08-10T03:04:18.962Z] Checked if tokens are valid: true, expires at: 1786334449855
[2026-08-10T03:04:18.962Z] Checked if tokens are valid: true, expires at: 1786334449855
[2026-08-10T03:04:18.962Z] >>> [apiv2][query] POST https://cloudfunctions.googleapis.com/v1/projects/refreshing-website/locations/us-central1/functions [none]
[2026-08-10T03:04:18.962Z] >>> [apiv2][body] POST https://cloudfunctions.googleapis.com/v1/projects/refreshing-website/locations/us-central1/functions {"name":"projects/refreshing-website/locations/us-central1/functions/setUserRole","sourceUploadUrl":"https://storage.googleapis.com/uploads-836972235469.us-central1.cloudfunctions.appspot.com/02c1e8fa-c1af-4e22-a011-38b11d0d0528.zip?GoogleAccessId=service-832093857842@gcf-admin-robot.iam.gserviceaccount.com&Expires=1786331467&Signature=VvDa9HDI3UGM%2FHi4yzU0DUDtxVA0ODbyjK8rjmhZpl77FapwR07yYG27cQvoJq%2FbMXoMdUggMWprpHUxcf63d7X8h7jiO6%2BSK2ngf0ma1u6LkFIZoa%2B%2BhfP4Unu%2BIQLcRs8jHKSJ2C8sXkOilNPe79mOMk3j7FUY9rXyKnX5%2FfOmcW%2F4hkPOqwpVLpIYBugYydoJERfEWFy9K%2BiV0LWOSGO352HW7CqGsJeH94c7yxILlbtxT0CeuMlbuDICtHh01cH2GPxtt0OyBMx4ZN9EzDxFrzQPR7z9zuLdS36mHKN6JhFDX6Nvc%2FRxcDM2DV5SHCcPUiaAa7qZ6QPoNWrVjQ%3D%3D","entryPoint":"setUserRole","runtime":"nodejs20","dockerRegistry":"ARTIFACT_REGISTRY","labels":{"deployment-tool":"cli-firebase","deployment-callable":"true","firebase-functions-hash":"74436fef8c2ebebe3f9c654a6faa2958a1c805fc"},"httpsTrigger":{"securityLevel":"SECURE_ALWAYS"},"minInstances":null,"maxInstances":null,"ingressSettings":null,"environmentVariables":{"FIREBASE_CONFIG":"{\"projectId\":\"refreshing-website\",\"storageBucket\":\"refreshing-website.firebasestorage.app\"}","GCLOUD_PROJECT":"refreshing-website","EVENTARC_CLOUD_EVENT_SOURCE":"projects/refreshing-website/locations/us-central1/functions/setUserRole"},"serviceAccountEmail":null,"availableMemoryMb":null,"timeout":null,"vpcConnector":null,"vpcConnectorEgressSettings":null,"sourceToken":"f57d6fd0-2c70-4ab7-b944-19aed713bef8","buildEnvironmentVariables":{"GOOGLE_NODE_RUN_SCRIPTS":""}}
[2026-08-10T03:04:18.966Z] [queue] Retrying task index 2
[2026-08-10T03:04:18.967Z] Checked if tokens are valid: true, expires at: 1786334449855
[2026-08-10T03:04:18.967Z] Checked if tokens are valid: true, expires at: 1786334449855
[2026-08-10T03:04:18.967Z] >>> [apiv2][query] POST https://cloudfunctions.googleapis.com/v1/projects/refreshing-website/locations/us-central1/functions [none]
[2026-08-10T03:04:18.967Z] >>> [apiv2][body] POST https://cloudfunctions.googleapis.com/v1/projects/refreshing-website/locations/us-central1/functions {"name":"projects/refreshing-website/locations/us-central1/functions/revokeUserAccess","sourceUploadUrl":"https://storage.googleapis.com/uploads-836972235469.us-central1.cloudfunctions.appspot.com/02c1e8fa-c1af-4e22-a011-38b11d0d0528.zip?GoogleAccessId=service-832093857842@gcf-admin-robot.iam.gserviceaccount.com&Expires=1786331467&Signature=VvDa9HDI3UGM%2FHi4yzU0DUDtxVA0ODbyjK8rjmhZpl77FapwR07yYG27cQvoJq%2FbMXoMdUggMWprpHUxcf63d7X8h7jiO6%2BSK2ngf0ma1u6LkFIZoa%2B%2BhfP4Unu%2BIQLcRs8jHKSJ2C8sXkOilNPe79mOMk3j7FUY9rXyKnX5%2FfOmcW%2F4hkPOqwpVLpIYBugYydoJERfEWFy9K%2BiV0LWOSGO352HW7CqGsJeH94c7yxILlbtxT0CeuMlbuDICtHh01cH2GPxtt0OyBMx4ZN9EzDxFrzQPR7z9zuLdS36mHKN6JhFDX6Nvc%2FRxcDM2DV5SHCcPUiaAa7qZ6QPoNWrVjQ%3D%3D","entryPoint":"revokeUserAccess","runtime":"nodejs20","dockerRegistry":"ARTIFACT_REGISTRY","labels":{"deployment-tool":"cli-firebase","deployment-callable":"true","firebase-functions-hash":"74436fef8c2ebebe3f9c654a6faa2958a1c805fc"},"httpsTrigger":{"securityLevel":"SECURE_ALWAYS"},"minInstances":null,"maxInstances":null,"ingressSettings":null,"environmentVariables":{"FIREBASE_CONFIG":"{\"projectId\":\"refreshing-website\",\"storageBucket\":\"refreshing-website.firebasestorage.app\"}","GCLOUD_PROJECT":"refreshing-website","EVENTARC_CLOUD_EVENT_SOURCE":"projects/refreshing-website/locations/us-central1/functions/revokeUserAccess"},"serviceAccountEmail":null,"availableMemoryMb":null,"timeout":null,"vpcConnector":null,"vpcConnectorEgressSettings":null,"sourceToken":"f57d6fd0-2c70-4ab7-b944-19aed713bef8","buildEnvironmentVariables":{"GOOGLE_NODE_RUN_SCRIPTS":""}}
[2026-08-10T03:04:18.984Z] [queue] Retrying task index 9
[2026-08-10T03:04:19.028Z] Checked if tokens are valid: true, expires at: 1786334449855
[2026-08-10T03:04:19.029Z] Checked if tokens are valid: true, expires at: 1786334449855
[2026-08-10T03:04:19.029Z] >>> [apiv2][query] POST https://cloudfunctions.googleapis.com/v1/projects/refreshing-website/locations/us-central1/functions [none]
[2026-08-10T03:04:19.029Z] >>> [apiv2][body] POST https://cloudfunctions.googleapis.com/v1/projects/refreshing-website/locations/us-central1/functions {"name":"projects/refreshing-website/locations/us-central1/functions/purgeTrash","sourceUploadUrl":"https://storage.googleapis.com/uploads-836972235469.us-central1.cloudfunctions.appspot.com/02c1e8fa-c1af-4e22-a011-38b11d0d0528.zip?GoogleAccessId=service-832093857842@gcf-admin-robot.iam.gserviceaccount.com&Expires=1786331467&Signature=VvDa9HDI3UGM%2FHi4yzU0DUDtxVA0ODbyjK8rjmhZpl77FapwR07yYG27cQvoJq%2FbMXoMdUggMWprpHUxcf63d7X8h7jiO6%2BSK2ngf0ma1u6LkFIZoa%2B%2BhfP4Unu%2BIQLcRs8jHKSJ2C8sXkOilNPe79mOMk3j7FUY9rXyKnX5%2FfOmcW%2F4hkPOqwpVLpIYBugYydoJERfEWFy9K%2BiV0LWOSGO352HW7CqGsJeH94c7yxILlbtxT0CeuMlbuDICtHh01cH2GPxtt0OyBMx4ZN9EzDxFrzQPR7z9zuLdS36mHKN6JhFDX6Nvc%2FRxcDM2DV5SHCcPUiaAa7qZ6QPoNWrVjQ%3D%3D","entryPoint":"purgeTrash","runtime":"nodejs20","dockerRegistry":"ARTIFACT_REGISTRY","labels":{"deployment-tool":"cli-firebase","deployment-scheduled":"true","firebase-functions-hash":"74436fef8c2ebebe3f9c654a6faa2958a1c805fc"},"eventTrigger":{"eventType":"google.pubsub.topic.publish","resource":"projects/refreshing-website/topics/firebase-schedule-purgeTrash-us-central1"},"minInstances":null,"maxInstances":null,"ingressSettings":null,"environmentVariables":{"FIREBASE_CONFIG":"{\"projectId\":\"refreshing-website\",\"storageBucket\":\"refreshing-website.firebasestorage.app\"}","GCLOUD_PROJECT":"refreshing-website","EVENTARC_CLOUD_EVENT_SOURCE":"projects/refreshing-website/locations/us-central1/functions/purgeTrash"},"serviceAccountEmail":null,"availableMemoryMb":null,"timeout":null,"vpcConnector":null,"vpcConnectorEgressSettings":null,"sourceToken":"f57d6fd0-2c70-4ab7-b944-19aed713bef8","buildEnvironmentVariables":{"GOOGLE_NODE_RUN_SCRIPTS":""}}
[2026-08-10T03:04:19.034Z] [queue] Retrying task index 7
[2026-08-10T03:04:19.035Z] Checked if tokens are valid: true, expires at: 1786334449855
[2026-08-10T03:04:19.035Z] Checked if tokens are valid: true, expires at: 1786334449855
[2026-08-10T03:04:19.041Z] >>> [apiv2][query] POST https://cloudfunctions.googleapis.com/v1/projects/refreshing-website/locations/us-central1/functions [none]
[2026-08-10T03:04:19.043Z] >>> [apiv2][body] POST https://cloudfunctions.googleapis.com/v1/projects/refreshing-website/locations/us-central1/functions {"name":"projects/refreshing-website/locations/us-central1/functions/auditSessionsWrite","sourceUploadUrl":"https://storage.googleapis.com/uploads-836972235469.us-central1.cloudfunctions.appspot.com/02c1e8fa-c1af-4e22-a011-38b11d0d0528.zip?GoogleAccessId=service-832093857842@gcf-admin-robot.iam.gserviceaccount.com&Expires=1786331467&Signature=VvDa9HDI3UGM%2FHi4yzU0DUDtxVA0ODbyjK8rjmhZpl77FapwR07yYG27cQvoJq%2FbMXoMdUggMWprpHUxcf63d7X8h7jiO6%2BSK2ngf0ma1u6LkFIZoa%2B%2BhfP4Unu%2BIQLcRs8jHKSJ2C8sXkOilNPe79mOMk3j7FUY9rXyKnX5%2FfOmcW%2F4hkPOqwpVLpIYBugYydoJERfEWFy9K%2BiV0LWOSGO352HW7CqGsJeH94c7yxILlbtxT0CeuMlbuDICtHh01cH2GPxtt0OyBMx4ZN9EzDxFrzQPR7z9zuLdS36mHKN6JhFDX6Nvc%2FRxcDM2DV5SHCcPUiaAa7qZ6QPoNWrVjQ%3D%3D","entryPoint":"auditSessionsWrite","runtime":"nodejs20","dockerRegistry":"ARTIFACT_REGISTRY","labels":{"deployment-tool":"cli-firebase","firebase-functions-hash":"74436fef8c2ebebe3f9c654a6faa2958a1c805fc"},"eventTrigger":{"eventType":"providers/cloud.firestore/eventTypes/document.write","resource":"projects/refreshing-website/databases/(default)/documents/events/{eventId}/sessions/{sessionId}"},"minInstances":null,"maxInstances":null,"ingressSettings":null,"environmentVariables":{"FIREBASE_CONFIG":"{\"projectId\":\"refreshing-website\",\"storageBucket\":\"refreshing-website.firebasestorage.app\"}","GCLOUD_PROJECT":"refreshing-website","EVENTARC_CLOUD_EVENT_SOURCE":"projects/refreshing-website/locations/us-central1/functions/auditSessionsWrite"},"serviceAccountEmail":null,"availableMemoryMb":null,"timeout":null,"vpcConnector":null,"vpcConnectorEgressSettings":null,"sourceToken":"f57d6fd0-2c70-4ab7-b944-19aed713bef8","buildEnvironmentVariables":{"GOOGLE_NODE_RUN_SCRIPTS":""}}
[2026-08-10T03:04:19.049Z] [queue] Retrying task index 5
[2026-08-10T03:04:19.049Z] Checked if tokens are valid: true, expires at: 1786334449855
[2026-08-10T03:04:19.049Z] Checked if tokens are valid: true, expires at: 1786334449855
[2026-08-10T03:04:19.049Z] >>> [apiv2][query] POST https://cloudfunctions.googleapis.com/v1/projects/refreshing-website/locations/us-central1/functions [none]
[2026-08-10T03:04:19.049Z] >>> [apiv2][body] POST https://cloudfunctions.googleapis.com/v1/projects/refreshing-website/locations/us-central1/functions {"name":"projects/refreshing-website/locations/us-central1/functions/syncCheckinView","sourceUploadUrl":"https://storage.googleapis.com/uploads-836972235469.us-central1.cloudfunctions.appspot.com/02c1e8fa-c1af-4e22-a011-38b11d0d0528.zip?GoogleAccessId=service-832093857842@gcf-admin-robot.iam.gserviceaccount.com&Expires=1786331467&Signature=VvDa9HDI3UGM%2FHi4yzU0DUDtxVA0ODbyjK8rjmhZpl77FapwR07yYG27cQvoJq%2FbMXoMdUggMWprpHUxcf63d7X8h7jiO6%2BSK2ngf0ma1u6LkFIZoa%2B%2BhfP4Unu%2BIQLcRs8jHKSJ2C8sXkOilNPe79mOMk3j7FUY9rXyKnX5%2FfOmcW%2F4hkPOqwpVLpIYBugYydoJERfEWFy9K%2BiV0LWOSGO352HW7CqGsJeH94c7yxILlbtxT0CeuMlbuDICtHh01cH2GPxtt0OyBMx4ZN9EzDxFrzQPR7z9zuLdS36mHKN6JhFDX6Nvc%2FRxcDM2DV5SHCcPUiaAa7qZ6QPoNWrVjQ%3D%3D","entryPoint":"syncCheckinView","runtime":"nodejs20","dockerRegistry":"ARTIFACT_REGISTRY","labels":{"deployment-tool":"cli-firebase","firebase-functions-hash":"74436fef8c2ebebe3f9c654a6faa2958a1c805fc"},"eventTrigger":{"eventType":"providers/cloud.firestore/eventTypes/document.write","resource":"projects/refreshing-website/databases/(default)/documents/events/{eventId}/attendees/{attendeeId}"},"minInstances":null,"maxInstances":null,"ingressSettings":null,"environmentVariables":{"FIREBASE_CONFIG":"{\"projectId\":\"refreshing-website\",\"storageBucket\":\"refreshing-website.firebasestorage.app\"}","GCLOUD_PROJECT":"refreshing-website","EVENTARC_CLOUD_EVENT_SOURCE":"projects/refreshing-website/locations/us-central1/functions/syncCheckinView"},"serviceAccountEmail":null,"availableMemoryMb":null,"timeout":null,"vpcConnector":null,"vpcConnectorEgressSettings":null,"sourceToken":"f57d6fd0-2c70-4ab7-b944-19aed713bef8","buildEnvironmentVariables":{"GOOGLE_NODE_RUN_SCRIPTS":""}}
[2026-08-10T03:04:19.140Z] [queue] Retrying task index 10
[2026-08-10T03:04:19.141Z] Checked if tokens are valid: true, expires at: 1786334449855
[2026-08-10T03:04:19.141Z] Checked if tokens are valid: true, expires at: 1786334449855
[2026-08-10T03:04:19.141Z] >>> [apiv2][query] POST https://cloudfunctions.googleapis.com/v1/projects/refreshing-website/locations/us-central1/functions [none]
[2026-08-10T03:04:19.141Z] >>> [apiv2][body] POST https://cloudfunctions.googleapis.com/v1/projects/refreshing-website/locations/us-central1/functions {"name":"projects/refreshing-website/locations/us-central1/functions/pruneVersionHistory","sourceUploadUrl":"https://storage.googleapis.com/uploads-836972235469.us-central1.cloudfunctions.appspot.com/02c1e8fa-c1af-4e22-a011-38b11d0d0528.zip?GoogleAccessId=service-832093857842@gcf-admin-robot.iam.gserviceaccount.com&Expires=1786331467&Signature=VvDa9HDI3UGM%2FHi4yzU0DUDtxVA0ODbyjK8rjmhZpl77FapwR07yYG27cQvoJq%2FbMXoMdUggMWprpHUxcf63d7X8h7jiO6%2BSK2ngf0ma1u6LkFIZoa%2B%2BhfP4Unu%2BIQLcRs8jHKSJ2C8sXkOilNPe79mOMk3j7FUY9rXyKnX5%2FfOmcW%2F4hkPOqwpVLpIYBugYydoJERfEWFy9K%2BiV0LWOSGO352HW7CqGsJeH94c7yxILlbtxT0CeuMlbuDICtHh01cH2GPxtt0OyBMx4ZN9EzDxFrzQPR7z9zuLdS36mHKN6JhFDX6Nvc%2FRxcDM2DV5SHCcPUiaAa7qZ6QPoNWrVjQ%3D%3D","entryPoint":"pruneVersionHistory","runtime":"nodejs20","dockerRegistry":"ARTIFACT_REGISTRY","labels":{"deployment-tool":"cli-firebase","deployment-scheduled":"true","firebase-functions-hash":"74436fef8c2ebebe3f9c654a6faa2958a1c805fc"},"eventTrigger":{"eventType":"google.pubsub.topic.publish","resource":"projects/refreshing-website/topics/firebase-schedule-pruneVersionHistory-us-central1"},"minInstances":null,"maxInstances":null,"ingressSettings":null,"environmentVariables":{"FIREBASE_CONFIG":"{\"projectId\":\"refreshing-website\",\"storageBucket\":\"refreshing-website.firebasestorage.app\"}","GCLOUD_PROJECT":"refreshing-website","EVENTARC_CLOUD_EVENT_SOURCE":"projects/refreshing-website/locations/us-central1/functions/pruneVersionHistory"},"serviceAccountEmail":null,"availableMemoryMb":null,"timeout":null,"vpcConnector":null,"vpcConnectorEgressSettings":null,"sourceToken":"f57d6fd0-2c70-4ab7-b944-19aed713bef8","buildEnvironmentVariables":{"GOOGLE_NODE_RUN_SCRIPTS":""}}
[2026-08-10T03:04:19.646Z] <<< [apiv2][status] POST https://cloudfunctions.googleapis.com/v1/projects/refreshing-website/locations/us-central1/functions 409
[2026-08-10T03:04:19.646Z] <<< [apiv2][body] POST https://cloudfunctions.googleapis.com/v1/projects/refreshing-website/locations/us-central1/functions {"error":{"code":409,"message":"Failed to create 1st Gen function projects/refreshing-website/locations/us-central1/functions/auditMinistersWrite: Function auditMinistersWrite in region us-central1 in project refreshing-website already exists","status":"ALREADY_EXISTS"}}
!  functions: failed to create function projects/refreshing-website/locations/us-central1/functions/auditMinistersWrite 
[2026-08-10T03:04:19.674Z] <<< [apiv2][status] POST https://cloudfunctions.googleapis.com/v1/projects/refreshing-website/locations/us-central1/functions 409
[2026-08-10T03:04:19.674Z] <<< [apiv2][body] POST https://cloudfunctions.googleapis.com/v1/projects/refreshing-website/locations/us-central1/functions {"error":{"code":409,"message":"Failed to create 1st Gen function projects/refreshing-website/locations/us-central1/functions/auditAttendeesWrite: Function auditAttendeesWrite in region us-central1 in project refreshing-website already exists","status":"ALREADY_EXISTS"}}
!  functions: failed to create function projects/refreshing-website/locations/us-central1/functions/auditAttendeesWrite 
[2026-08-10T03:04:19.676Z] <<< [apiv2][status] POST https://cloudfunctions.googleapis.com/v1/projects/refreshing-website/locations/us-central1/functions 409
[2026-08-10T03:04:19.676Z] <<< [apiv2][body] POST https://cloudfunctions.googleapis.com/v1/projects/refreshing-website/locations/us-central1/functions {"error":{"code":409,"message":"Failed to create 1st Gen function projects/refreshing-website/locations/us-central1/functions/markCheckedIn: Function markCheckedIn in region us-central1 in project refreshing-website already exists","status":"ALREADY_EXISTS"}}
!  functions: failed to create function projects/refreshing-website/locations/us-central1/functions/markCheckedIn 
[2026-08-10T03:04:19.699Z] <<< [apiv2][status] POST https://cloudfunctions.googleapis.com/v1/projects/refreshing-website/locations/us-central1/functions 409
[2026-08-10T03:04:19.700Z] <<< [apiv2][body] POST https://cloudfunctions.googleapis.com/v1/projects/refreshing-website/locations/us-central1/functions {"error":{"code":409,"message":"Failed to create 1st Gen function projects/refreshing-website/locations/us-central1/functions/provisionAdminAccount: Function provisionAdminAccount in region us-central1 in project refreshing-website already exists","status":"ALREADY_EXISTS"}}
!  functions: failed to create function projects/refreshing-website/locations/us-central1/functions/provisionAdminAccount 
[2026-08-10T03:04:19.704Z] <<< [apiv2][status] POST https://cloudfunctions.googleapis.com/v1/projects/refreshing-website/locations/us-central1/functions 409
[2026-08-10T03:04:19.704Z] <<< [apiv2][body] POST https://cloudfunctions.googleapis.com/v1/projects/refreshing-website/locations/us-central1/functions {"error":{"code":409,"message":"Failed to create 1st Gen function projects/refreshing-website/locations/us-central1/functions/undoCheckIn: Function undoCheckIn in region us-central1 in project refreshing-website already exists","status":"ALREADY_EXISTS"}}
!  functions: failed to create function projects/refreshing-website/locations/us-central1/functions/undoCheckIn 
[2026-08-10T03:04:19.708Z] <<< [apiv2][status] POST https://cloudfunctions.googleapis.com/v1/projects/refreshing-website/locations/us-central1/functions 409
[2026-08-10T03:04:19.708Z] <<< [apiv2][body] POST https://cloudfunctions.googleapis.com/v1/projects/refreshing-website/locations/us-central1/functions {"error":{"code":409,"message":"Failed to create 1st Gen function projects/refreshing-website/locations/us-central1/functions/syncCheckinView: Function syncCheckinView in region us-central1 in project refreshing-website already exists","status":"ALREADY_EXISTS"}}
!  functions: failed to create function projects/refreshing-website/locations/us-central1/functions/syncCheckinView 
[2026-08-10T03:04:19.712Z] <<< [apiv2][status] POST https://cloudfunctions.googleapis.com/v1/projects/refreshing-website/locations/us-central1/functions 409
[2026-08-10T03:04:19.712Z] <<< [apiv2][body] POST https://cloudfunctions.googleapis.com/v1/projects/refreshing-website/locations/us-central1/functions {"error":{"code":409,"message":"Failed to create 1st Gen function projects/refreshing-website/locations/us-central1/functions/revokeUserAccess: Function revokeUserAccess in region us-central1 in project refreshing-website already exists","status":"ALREADY_EXISTS"}}
!  functions: failed to create function projects/refreshing-website/locations/us-central1/functions/revokeUserAccess 
[2026-08-10T03:04:19.715Z] <<< [apiv2][status] POST https://cloudfunctions.googleapis.com/v1/projects/refreshing-website/locations/us-central1/functions 409
[2026-08-10T03:04:19.715Z] <<< [apiv2][body] POST https://cloudfunctions.googleapis.com/v1/projects/refreshing-website/locations/us-central1/functions {"error":{"code":409,"message":"Failed to create 1st Gen function projects/refreshing-website/locations/us-central1/functions/pruneVersionHistory: Function pruneVersionHistory in region us-central1 in project refreshing-website already exists","status":"ALREADY_EXISTS"}}
!  functions: failed to create function projects/refreshing-website/locations/us-central1/functions/pruneVersionHistory 
[2026-08-10T03:04:19.749Z] <<< [apiv2][status] POST https://cloudfunctions.googleapis.com/v1/projects/refreshing-website/locations/us-central1/functions 409
[2026-08-10T03:04:19.749Z] <<< [apiv2][body] POST https://cloudfunctions.googleapis.com/v1/projects/refreshing-website/locations/us-central1/functions {"error":{"code":409,"message":"Failed to create 1st Gen function projects/refreshing-website/locations/us-central1/functions/setUserRole: Function setUserRole in region us-central1 in project refreshing-website already exists","status":"ALREADY_EXISTS"}}
!  functions: failed to create function projects/refreshing-website/locations/us-central1/functions/setUserRole 
[2026-08-10T03:04:19.757Z] <<< [apiv2][status] POST https://cloudfunctions.googleapis.com/v1/projects/refreshing-website/locations/us-central1/functions 409
[2026-08-10T03:04:19.758Z] <<< [apiv2][body] POST https://cloudfunctions.googleapis.com/v1/projects/refreshing-website/locations/us-central1/functions {"error":{"code":409,"message":"Failed to create 1st Gen function projects/refreshing-website/locations/us-central1/functions/purgeTrash: Function purgeTrash in region us-central1 in project refreshing-website already exists","status":"ALREADY_EXISTS"}}
!  functions: failed to create function projects/refreshing-website/locations/us-central1/functions/purgeTrash 
[2026-08-10T03:04:19.759Z] <<< [apiv2][status] POST https://cloudfunctions.googleapis.com/v1/projects/refreshing-website/locations/us-central1/functions 409
[2026-08-10T03:04:19.759Z] <<< [apiv2][body] POST https://cloudfunctions.googleapis.com/v1/projects/refreshing-website/locations/us-central1/functions {"error":{"code":409,"message":"Failed to create 1st Gen function projects/refreshing-website/locations/us-central1/functions/auditSessionsWrite: Function auditSessionsWrite in region us-central1 in project refreshing-website already exists","status":"ALREADY_EXISTS"}}
!  functions: failed to create function projects/refreshing-website/locations/us-central1/functions/auditSessionsWrite 
[2026-08-10T03:05:59.648Z] [queue] Retrying task index 6
[2026-08-10T03:05:59.649Z] Checked if tokens are valid: true, expires at: 1786334449855
[2026-08-10T03:05:59.649Z] Checked if tokens are valid: true, expires at: 1786334449855
[2026-08-10T03:05:59.649Z] >>> [apiv2][query] POST https://cloudfunctions.googleapis.com/v1/projects/refreshing-website/locations/us-central1/functions [none]
[2026-08-10T03:05:59.649Z] >>> [apiv2][body] POST https://cloudfunctions.googleapis.com/v1/projects/refreshing-website/locations/us-central1/functions {"name":"projects/refreshing-website/locations/us-central1/functions/auditMinistersWrite","sourceUploadUrl":"https://storage.googleapis.com/uploads-836972235469.us-central1.cloudfunctions.appspot.com/02c1e8fa-c1af-4e22-a011-38b11d0d0528.zip?GoogleAccessId=service-832093857842@gcf-admin-robot.iam.gserviceaccount.com&Expires=1786331467&Signature=VvDa9HDI3UGM%2FHi4yzU0DUDtxVA0ODbyjK8rjmhZpl77FapwR07yYG27cQvoJq%2FbMXoMdUggMWprpHUxcf63d7X8h7jiO6%2BSK2ngf0ma1u6LkFIZoa%2B%2BhfP4Unu%2BIQLcRs8jHKSJ2C8sXkOilNPe79mOMk3j7FUY9rXyKnX5%2FfOmcW%2F4hkPOqwpVLpIYBugYydoJERfEWFy9K%2BiV0LWOSGO352HW7CqGsJeH94c7yxILlbtxT0CeuMlbuDICtHh01cH2GPxtt0OyBMx4ZN9EzDxFrzQPR7z9zuLdS36mHKN6JhFDX6Nvc%2FRxcDM2DV5SHCcPUiaAa7qZ6QPoNWrVjQ%3D%3D","entryPoint":"auditMinistersWrite","runtime":"nodejs20","dockerRegistry":"ARTIFACT_REGISTRY","labels":{"deployment-tool":"cli-firebase","firebase-functions-hash":"74436fef8c2ebebe3f9c654a6faa2958a1c805fc"},"eventTrigger":{"eventType":"providers/cloud.firestore/eventTypes/document.write","resource":"projects/refreshing-website/databases/(default)/documents/events/{eventId}/ministers/{ministerId}"},"minInstances":null,"maxInstances":null,"ingressSettings":null,"environmentVariables":{"FIREBASE_CONFIG":"{\"projectId\":\"refreshing-website\",\"storageBucket\":\"refreshing-website.firebasestorage.app\"}","GCLOUD_PROJECT":"refreshing-website","EVENTARC_CLOUD_EVENT_SOURCE":"projects/refreshing-website/locations/us-central1/functions/auditMinistersWrite"},"serviceAccountEmail":null,"availableMemoryMb":null,"timeout":null,"vpcConnector":null,"vpcConnectorEgressSettings":null,"sourceToken":"f57d6fd0-2c70-4ab7-b944-19aed713bef8","buildEnvironmentVariables":{"GOOGLE_NODE_RUN_SCRIPTS":""}}
[2026-08-10T03:05:59.675Z] [queue] Retrying task index 8
[2026-08-10T03:05:59.675Z] Checked if tokens are valid: true, expires at: 1786334449855
[2026-08-10T03:05:59.675Z] Checked if tokens are valid: true, expires at: 1786334449855
[2026-08-10T03:05:59.676Z] >>> [apiv2][query] POST https://cloudfunctions.googleapis.com/v1/projects/refreshing-website/locations/us-central1/functions [none]
[2026-08-10T03:05:59.676Z] >>> [apiv2][body] POST https://cloudfunctions.googleapis.com/v1/projects/refreshing-website/locations/us-central1/functions {"name":"projects/refreshing-website/locations/us-central1/functions/auditAttendeesWrite","sourceUploadUrl":"https://storage.googleapis.com/uploads-836972235469.us-central1.cloudfunctions.appspot.com/02c1e8fa-c1af-4e22-a011-38b11d0d0528.zip?GoogleAccessId=service-832093857842@gcf-admin-robot.iam.gserviceaccount.com&Expires=1786331467&Signature=VvDa9HDI3UGM%2FHi4yzU0DUDtxVA0ODbyjK8rjmhZpl77FapwR07yYG27cQvoJq%2FbMXoMdUggMWprpHUxcf63d7X8h7jiO6%2BSK2ngf0ma1u6LkFIZoa%2B%2BhfP4Unu%2BIQLcRs8jHKSJ2C8sXkOilNPe79mOMk3j7FUY9rXyKnX5%2FfOmcW%2F4hkPOqwpVLpIYBugYydoJERfEWFy9K%2BiV0LWOSGO352HW7CqGsJeH94c7yxILlbtxT0CeuMlbuDICtHh01cH2GPxtt0OyBMx4ZN9EzDxFrzQPR7z9zuLdS36mHKN6JhFDX6Nvc%2FRxcDM2DV5SHCcPUiaAa7qZ6QPoNWrVjQ%3D%3D","entryPoint":"auditAttendeesWrite","runtime":"nodejs20","dockerRegistry":"ARTIFACT_REGISTRY","labels":{"deployment-tool":"cli-firebase","firebase-functions-hash":"74436fef8c2ebebe3f9c654a6faa2958a1c805fc"},"eventTrigger":{"eventType":"providers/cloud.firestore/eventTypes/document.write","resource":"projects/refreshing-website/databases/(default)/documents/events/{eventId}/attendees/{attendeeId}"},"minInstances":null,"maxInstances":null,"ingressSettings":null,"environmentVariables":{"FIREBASE_CONFIG":"{\"projectId\":\"refreshing-website\",\"storageBucket\":\"refreshing-website.firebasestorage.app\"}","GCLOUD_PROJECT":"refreshing-website","EVENTARC_CLOUD_EVENT_SOURCE":"projects/refreshing-website/locations/us-central1/functions/auditAttendeesWrite"},"serviceAccountEmail":null,"availableMemoryMb":null,"timeout":null,"vpcConnector":null,"vpcConnectorEgressSettings":null,"sourceToken":"f57d6fd0-2c70-4ab7-b944-19aed713bef8","buildEnvironmentVariables":{"GOOGLE_NODE_RUN_SCRIPTS":""}}
[2026-08-10T03:05:59.678Z] [queue] Retrying task index 3
[2026-08-10T03:05:59.679Z] Checked if tokens are valid: true, expires at: 1786334449855
[2026-08-10T03:05:59.679Z] Checked if tokens are valid: true, expires at: 1786334449855
[2026-08-10T03:05:59.679Z] >>> [apiv2][query] POST https://cloudfunctions.googleapis.com/v1/projects/refreshing-website/locations/us-central1/functions [none]
[2026-08-10T03:05:59.679Z] >>> [apiv2][body] POST https://cloudfunctions.googleapis.com/v1/projects/refreshing-website/locations/us-central1/functions {"name":"projects/refreshing-website/locations/us-central1/functions/markCheckedIn","sourceUploadUrl":"https://storage.googleapis.com/uploads-836972235469.us-central1.cloudfunctions.appspot.com/02c1e8fa-c1af-4e22-a011-38b11d0d0528.zip?GoogleAccessId=service-832093857842@gcf-admin-robot.iam.gserviceaccount.com&Expires=1786331467&Signature=VvDa9HDI3UGM%2FHi4yzU0DUDtxVA0ODbyjK8rjmhZpl77FapwR07yYG27cQvoJq%2FbMXoMdUggMWprpHUxcf63d7X8h7jiO6%2BSK2ngf0ma1u6LkFIZoa%2B%2BhfP4Unu%2BIQLcRs8jHKSJ2C8sXkOilNPe79mOMk3j7FUY9rXyKnX5%2FfOmcW%2F4hkPOqwpVLpIYBugYydoJERfEWFy9K%2BiV0LWOSGO352HW7CqGsJeH94c7yxILlbtxT0CeuMlbuDICtHh01cH2GPxtt0OyBMx4ZN9EzDxFrzQPR7z9zuLdS36mHKN6JhFDX6Nvc%2FRxcDM2DV5SHCcPUiaAa7qZ6QPoNWrVjQ%3D%3D","entryPoint":"markCheckedIn","runtime":"nodejs20","dockerRegistry":"ARTIFACT_REGISTRY","labels":{"deployment-tool":"cli-firebase","deployment-callable":"true","firebase-functions-hash":"74436fef8c2ebebe3f9c654a6faa2958a1c805fc"},"httpsTrigger":{"securityLevel":"SECURE_ALWAYS"},"minInstances":null,"maxInstances":null,"ingressSettings":null,"environmentVariables":{"FIREBASE_CONFIG":"{\"projectId\":\"refreshing-website\",\"storageBucket\":\"refreshing-website.firebasestorage.app\"}","GCLOUD_PROJECT":"refreshing-website","EVENTARC_CLOUD_EVENT_SOURCE":"projects/refreshing-website/locations/us-central1/functions/markCheckedIn"},"serviceAccountEmail":null,"availableMemoryMb":null,"timeout":null,"vpcConnector":null,"vpcConnectorEgressSettings":null,"sourceToken":"f57d6fd0-2c70-4ab7-b944-19aed713bef8","buildEnvironmentVariables":{"GOOGLE_NODE_RUN_SCRIPTS":""}}
[2026-08-10T03:05:59.700Z] [queue] Retrying task index 11
[2026-08-10T03:05:59.700Z] Checked if tokens are valid: true, expires at: 1786334449855
[2026-08-10T03:05:59.700Z] Checked if tokens are valid: true, expires at: 1786334449855
[2026-08-10T03:05:59.700Z] >>> [apiv2][query] POST https://cloudfunctions.googleapis.com/v1/projects/refreshing-website/locations/us-central1/functions [none]
[2026-08-10T03:05:59.700Z] >>> [apiv2][body] POST https://cloudfunctions.googleapis.com/v1/projects/refreshing-website/locations/us-central1/functions {"name":"projects/refreshing-website/locations/us-central1/functions/provisionAdminAccount","sourceUploadUrl":"https://storage.googleapis.com/uploads-836972235469.us-central1.cloudfunctions.appspot.com/02c1e8fa-c1af-4e22-a011-38b11d0d0528.zip?GoogleAccessId=service-832093857842@gcf-admin-robot.iam.gserviceaccount.com&Expires=1786331467&Signature=VvDa9HDI3UGM%2FHi4yzU0DUDtxVA0ODbyjK8rjmhZpl77FapwR07yYG27cQvoJq%2FbMXoMdUggMWprpHUxcf63d7X8h7jiO6%2BSK2ngf0ma1u6LkFIZoa%2B%2BhfP4Unu%2BIQLcRs8jHKSJ2C8sXkOilNPe79mOMk3j7FUY9rXyKnX5%2FfOmcW%2F4hkPOqwpVLpIYBugYydoJERfEWFy9K%2BiV0LWOSGO352HW7CqGsJeH94c7yxILlbtxT0CeuMlbuDICtHh01cH2GPxtt0OyBMx4ZN9EzDxFrzQPR7z9zuLdS36mHKN6JhFDX6Nvc%2FRxcDM2DV5SHCcPUiaAa7qZ6QPoNWrVjQ%3D%3D","entryPoint":"provisionAdminAccount","runtime":"nodejs20","dockerRegistry":"ARTIFACT_REGISTRY","labels":{"deployment-tool":"cli-firebase","deployment-callable":"true","firebase-functions-hash":"74436fef8c2ebebe3f9c654a6faa2958a1c805fc"},"httpsTrigger":{"securityLevel":"SECURE_ALWAYS"},"minInstances":null,"maxInstances":null,"ingressSettings":null,"environmentVariables":{"FIREBASE_CONFIG":"{\"projectId\":\"refreshing-website\",\"storageBucket\":\"refreshing-website.firebasestorage.app\"}","GCLOUD_PROJECT":"refreshing-website","EVENTARC_CLOUD_EVENT_SOURCE":"projects/refreshing-website/locations/us-central1/functions/provisionAdminAccount"},"serviceAccountEmail":null,"availableMemoryMb":null,"timeout":null,"vpcConnector":null,"vpcConnectorEgressSettings":null,"sourceToken":"f57d6fd0-2c70-4ab7-b944-19aed713bef8","buildEnvironmentVariables":{"GOOGLE_NODE_RUN_SCRIPTS":""}}
[2026-08-10T03:05:59.706Z] [queue] Retrying task index 4
[2026-08-10T03:05:59.706Z] Checked if tokens are valid: true, expires at: 1786334449855
[2026-08-10T03:05:59.706Z] Checked if tokens are valid: true, expires at: 1786334449855
[2026-08-10T03:05:59.706Z] >>> [apiv2][query] POST https://cloudfunctions.googleapis.com/v1/projects/refreshing-website/locations/us-central1/functions [none]
[2026-08-10T03:05:59.706Z] >>> [apiv2][body] POST https://cloudfunctions.googleapis.com/v1/projects/refreshing-website/locations/us-central1/functions {"name":"projects/refreshing-website/locations/us-central1/functions/undoCheckIn","sourceUploadUrl":"https://storage.googleapis.com/uploads-836972235469.us-central1.cloudfunctions.appspot.com/02c1e8fa-c1af-4e22-a011-38b11d0d0528.zip?GoogleAccessId=service-832093857842@gcf-admin-robot.iam.gserviceaccount.com&Expires=1786331467&Signature=VvDa9HDI3UGM%2FHi4yzU0DUDtxVA0ODbyjK8rjmhZpl77FapwR07yYG27cQvoJq%2FbMXoMdUggMWprpHUxcf63d7X8h7jiO6%2BSK2ngf0ma1u6LkFIZoa%2B%2BhfP4Unu%2BIQLcRs8jHKSJ2C8sXkOilNPe79mOMk3j7FUY9rXyKnX5%2FfOmcW%2F4hkPOqwpVLpIYBugYydoJERfEWFy9K%2BiV0LWOSGO352HW7CqGsJeH94c7yxILlbtxT0CeuMlbuDICtHh01cH2GPxtt0OyBMx4ZN9EzDxFrzQPR7z9zuLdS36mHKN6JhFDX6Nvc%2FRxcDM2DV5SHCcPUiaAa7qZ6QPoNWrVjQ%3D%3D","entryPoint":"undoCheckIn","runtime":"nodejs20","dockerRegistry":"ARTIFACT_REGISTRY","labels":{"deployment-tool":"cli-firebase","deployment-callable":"true","firebase-functions-hash":"74436fef8c2ebebe3f9c654a6faa2958a1c805fc"},"httpsTrigger":{"securityLevel":"SECURE_ALWAYS"},"minInstances":null,"maxInstances":null,"ingressSettings":null,"environmentVariables":{"FIREBASE_CONFIG":"{\"projectId\":\"refreshing-website\",\"storageBucket\":\"refreshing-website.firebasestorage.app\"}","GCLOUD_PROJECT":"refreshing-website","EVENTARC_CLOUD_EVENT_SOURCE":"projects/refreshing-website/locations/us-central1/functions/undoCheckIn"},"serviceAccountEmail":null,"availableMemoryMb":null,"timeout":null,"vpcConnector":null,"vpcConnectorEgressSettings":null,"sourceToken":"f57d6fd0-2c70-4ab7-b944-19aed713bef8","buildEnvironmentVariables":{"GOOGLE_NODE_RUN_SCRIPTS":""}}
[2026-08-10T03:05:59.711Z] [queue] Retrying task index 5
[2026-08-10T03:05:59.711Z] Checked if tokens are valid: true, expires at: 1786334449855
[2026-08-10T03:05:59.711Z] Checked if tokens are valid: true, expires at: 1786334449855
[2026-08-10T03:05:59.711Z] >>> [apiv2][query] POST https://cloudfunctions.googleapis.com/v1/projects/refreshing-website/locations/us-central1/functions [none]
[2026-08-10T03:05:59.711Z] >>> [apiv2][body] POST https://cloudfunctions.googleapis.com/v1/projects/refreshing-website/locations/us-central1/functions {"name":"projects/refreshing-website/locations/us-central1/functions/syncCheckinView","sourceUploadUrl":"https://storage.googleapis.com/uploads-836972235469.us-central1.cloudfunctions.appspot.com/02c1e8fa-c1af-4e22-a011-38b11d0d0528.zip?GoogleAccessId=service-832093857842@gcf-admin-robot.iam.gserviceaccount.com&Expires=1786331467&Signature=VvDa9HDI3UGM%2FHi4yzU0DUDtxVA0ODbyjK8rjmhZpl77FapwR07yYG27cQvoJq%2FbMXoMdUggMWprpHUxcf63d7X8h7jiO6%2BSK2ngf0ma1u6LkFIZoa%2B%2BhfP4Unu%2BIQLcRs8jHKSJ2C8sXkOilNPe79mOMk3j7FUY9rXyKnX5%2FfOmcW%2F4hkPOqwpVLpIYBugYydoJERfEWFy9K%2BiV0LWOSGO352HW7CqGsJeH94c7yxILlbtxT0CeuMlbuDICtHh01cH2GPxtt0OyBMx4ZN9EzDxFrzQPR7z9zuLdS36mHKN6JhFDX6Nvc%2FRxcDM2DV5SHCcPUiaAa7qZ6QPoNWrVjQ%3D%3D","entryPoint":"syncCheckinView","runtime":"nodejs20","dockerRegistry":"ARTIFACT_REGISTRY","labels":{"deployment-tool":"cli-firebase","firebase-functions-hash":"74436fef8c2ebebe3f9c654a6faa2958a1c805fc"},"eventTrigger":{"eventType":"providers/cloud.firestore/eventTypes/document.write","resource":"projects/refreshing-website/databases/(default)/documents/events/{eventId}/attendees/{attendeeId}"},"minInstances":null,"maxInstances":null,"ingressSettings":null,"environmentVariables":{"FIREBASE_CONFIG":"{\"projectId\":\"refreshing-website\",\"storageBucket\":\"refreshing-website.firebasestorage.app\"}","GCLOUD_PROJECT":"refreshing-website","EVENTARC_CLOUD_EVENT_SOURCE":"projects/refreshing-website/locations/us-central1/functions/syncCheckinView"},"serviceAccountEmail":null,"availableMemoryMb":null,"timeout":null,"vpcConnector":null,"vpcConnectorEgressSettings":null,"sourceToken":"f57d6fd0-2c70-4ab7-b944-19aed713bef8","buildEnvironmentVariables":{"GOOGLE_NODE_RUN_SCRIPTS":""}}
[2026-08-10T03:05:59.713Z] [queue] Retrying task index 2
[2026-08-10T03:05:59.713Z] Checked if tokens are valid: true, expires at: 1786334449855
[2026-08-10T03:05:59.713Z] Checked if tokens are valid: true, expires at: 1786334449855
[2026-08-10T03:05:59.713Z] >>> [apiv2][query] POST https://cloudfunctions.googleapis.com/v1/projects/refreshing-website/locations/us-central1/functions [none]
[2026-08-10T03:05:59.713Z] >>> [apiv2][body] POST https://cloudfunctions.googleapis.com/v1/projects/refreshing-website/locations/us-central1/functions {"name":"projects/refreshing-website/locations/us-central1/functions/revokeUserAccess","sourceUploadUrl":"https://storage.googleapis.com/uploads-836972235469.us-central1.cloudfunctions.appspot.com/02c1e8fa-c1af-4e22-a011-38b11d0d0528.zip?GoogleAccessId=service-832093857842@gcf-admin-robot.iam.gserviceaccount.com&Expires=1786331467&Signature=VvDa9HDI3UGM%2FHi4yzU0DUDtxVA0ODbyjK8rjmhZpl77FapwR07yYG27cQvoJq%2FbMXoMdUggMWprpHUxcf63d7X8h7jiO6%2BSK2ngf0ma1u6LkFIZoa%2B%2BhfP4Unu%2BIQLcRs8jHKSJ2C8sXkOilNPe79mOMk3j7FUY9rXyKnX5%2FfOmcW%2F4hkPOqwpVLpIYBugYydoJERfEWFy9K%2BiV0LWOSGO352HW7CqGsJeH94c7yxILlbtxT0CeuMlbuDICtHh01cH2GPxtt0OyBMx4ZN9EzDxFrzQPR7z9zuLdS36mHKN6JhFDX6Nvc%2FRxcDM2DV5SHCcPUiaAa7qZ6QPoNWrVjQ%3D%3D","entryPoint":"revokeUserAccess","runtime":"nodejs20","dockerRegistry":"ARTIFACT_REGISTRY","labels":{"deployment-tool":"cli-firebase","deployment-callable":"true","firebase-functions-hash":"74436fef8c2ebebe3f9c654a6faa2958a1c805fc"},"httpsTrigger":{"securityLevel":"SECURE_ALWAYS"},"minInstances":null,"maxInstances":null,"ingressSettings":null,"environmentVariables":{"FIREBASE_CONFIG":"{\"projectId\":\"refreshing-website\",\"storageBucket\":\"refreshing-website.firebasestorage.app\"}","GCLOUD_PROJECT":"refreshing-website","EVENTARC_CLOUD_EVENT_SOURCE":"projects/refreshing-website/locations/us-central1/functions/revokeUserAccess"},"serviceAccountEmail":null,"availableMemoryMb":null,"timeout":null,"vpcConnector":null,"vpcConnectorEgressSettings":null,"sourceToken":"f57d6fd0-2c70-4ab7-b944-19aed713bef8","buildEnvironmentVariables":{"GOOGLE_NODE_RUN_SCRIPTS":""}}
[2026-08-10T03:05:59.716Z] [queue] Retrying task index 10
[2026-08-10T03:05:59.716Z] Checked if tokens are valid: true, expires at: 1786334449855
[2026-08-10T03:05:59.717Z] Checked if tokens are valid: true, expires at: 1786334449855
[2026-08-10T03:05:59.717Z] >>> [apiv2][query] POST https://cloudfunctions.googleapis.com/v1/projects/refreshing-website/locations/us-central1/functions [none]
[2026-08-10T03:05:59.717Z] >>> [apiv2][body] POST https://cloudfunctions.googleapis.com/v1/projects/refreshing-website/locations/us-central1/functions {"name":"projects/refreshing-website/locations/us-central1/functions/pruneVersionHistory","sourceUploadUrl":"https://storage.googleapis.com/uploads-836972235469.us-central1.cloudfunctions.appspot.com/02c1e8fa-c1af-4e22-a011-38b11d0d0528.zip?GoogleAccessId=service-832093857842@gcf-admin-robot.iam.gserviceaccount.com&Expires=1786331467&Signature=VvDa9HDI3UGM%2FHi4yzU0DUDtxVA0ODbyjK8rjmhZpl77FapwR07yYG27cQvoJq%2FbMXoMdUggMWprpHUxcf63d7X8h7jiO6%2BSK2ngf0ma1u6LkFIZoa%2B%2BhfP4Unu%2BIQLcRs8jHKSJ2C8sXkOilNPe79mOMk3j7FUY9rXyKnX5%2FfOmcW%2F4hkPOqwpVLpIYBugYydoJERfEWFy9K%2BiV0LWOSGO352HW7CqGsJeH94c7yxILlbtxT0CeuMlbuDICtHh01cH2GPxtt0OyBMx4ZN9EzDxFrzQPR7z9zuLdS36mHKN6JhFDX6Nvc%2FRxcDM2DV5SHCcPUiaAa7qZ6QPoNWrVjQ%3D%3D","entryPoint":"pruneVersionHistory","runtime":"nodejs20","dockerRegistry":"ARTIFACT_REGISTRY","labels":{"deployment-tool":"cli-firebase","deployment-scheduled":"true","firebase-functions-hash":"74436fef8c2ebebe3f9c654a6faa2958a1c805fc"},"eventTrigger":{"eventType":"google.pubsub.topic.publish","resource":"projects/refreshing-website/topics/firebase-schedule-pruneVersionHistory-us-central1"},"minInstances":null,"maxInstances":null,"ingressSettings":null,"environmentVariables":{"FIREBASE_CONFIG":"{\"projectId\":\"refreshing-website\",\"storageBucket\":\"refreshing-website.firebasestorage.app\"}","GCLOUD_PROJECT":"refreshing-website","EVENTARC_CLOUD_EVENT_SOURCE":"projects/refreshing-website/locations/us-central1/functions/pruneVersionHistory"},"serviceAccountEmail":null,"availableMemoryMb":null,"timeout":null,"vpcConnector":null,"vpcConnectorEgressSettings":null,"sourceToken":"f57d6fd0-2c70-4ab7-b944-19aed713bef8","buildEnvironmentVariables":{"GOOGLE_NODE_RUN_SCRIPTS":""}}
[2026-08-10T03:05:59.751Z] [queue] Retrying task index 1
[2026-08-10T03:05:59.751Z] Checked if tokens are valid: true, expires at: 1786334449855
[2026-08-10T03:05:59.752Z] Checked if tokens are valid: true, expires at: 1786334449855
[2026-08-10T03:05:59.752Z] >>> [apiv2][query] POST https://cloudfunctions.googleapis.com/v1/projects/refreshing-website/locations/us-central1/functions [none]
[2026-08-10T03:05:59.752Z] >>> [apiv2][body] POST https://cloudfunctions.googleapis.com/v1/projects/refreshing-website/locations/us-central1/functions {"name":"projects/refreshing-website/locations/us-central1/functions/setUserRole","sourceUploadUrl":"https://storage.googleapis.com/uploads-836972235469.us-central1.cloudfunctions.appspot.com/02c1e8fa-c1af-4e22-a011-38b11d0d0528.zip?GoogleAccessId=service-832093857842@gcf-admin-robot.iam.gserviceaccount.com&Expires=1786331467&Signature=VvDa9HDI3UGM%2FHi4yzU0DUDtxVA0ODbyjK8rjmhZpl77FapwR07yYG27cQvoJq%2FbMXoMdUggMWprpHUxcf63d7X8h7jiO6%2BSK2ngf0ma1u6LkFIZoa%2B%2BhfP4Unu%2BIQLcRs8jHKSJ2C8sXkOilNPe79mOMk3j7FUY9rXyKnX5%2FfOmcW%2F4hkPOqwpVLpIYBugYydoJERfEWFy9K%2BiV0LWOSGO352HW7CqGsJeH94c7yxILlbtxT0CeuMlbuDICtHh01cH2GPxtt0OyBMx4ZN9EzDxFrzQPR7z9zuLdS36mHKN6JhFDX6Nvc%2FRxcDM2DV5SHCcPUiaAa7qZ6QPoNWrVjQ%3D%3D","entryPoint":"setUserRole","runtime":"nodejs20","dockerRegistry":"ARTIFACT_REGISTRY","labels":{"deployment-tool":"cli-firebase","deployment-callable":"true","firebase-functions-hash":"74436fef8c2ebebe3f9c654a6faa2958a1c805fc"},"httpsTrigger":{"securityLevel":"SECURE_ALWAYS"},"minInstances":null,"maxInstances":null,"ingressSettings":null,"environmentVariables":{"FIREBASE_CONFIG":"{\"projectId\":\"refreshing-website\",\"storageBucket\":\"refreshing-website.firebasestorage.app\"}","GCLOUD_PROJECT":"refreshing-website","EVENTARC_CLOUD_EVENT_SOURCE":"projects/refreshing-website/locations/us-central1/functions/setUserRole"},"serviceAccountEmail":null,"availableMemoryMb":null,"timeout":null,"vpcConnector":null,"vpcConnectorEgressSettings":null,"sourceToken":"f57d6fd0-2c70-4ab7-b944-19aed713bef8","buildEnvironmentVariables":{"GOOGLE_NODE_RUN_SCRIPTS":""}}
[2026-08-10T03:05:59.802Z] [queue] Retrying task index 9
[2026-08-10T03:05:59.811Z] Checked if tokens are valid: true, expires at: 1786334449855
[2026-08-10T03:05:59.811Z] Checked if tokens are valid: true, expires at: 1786334449855
[2026-08-10T03:05:59.828Z] >>> [apiv2][query] POST https://cloudfunctions.googleapis.com/v1/projects/refreshing-website/locations/us-central1/functions [none]
[2026-08-10T03:05:59.829Z] >>> [apiv2][body] POST https://cloudfunctions.googleapis.com/v1/projects/refreshing-website/locations/us-central1/functions {"name":"projects/refreshing-website/locations/us-central1/functions/purgeTrash","sourceUploadUrl":"https://storage.googleapis.com/uploads-836972235469.us-central1.cloudfunctions.appspot.com/02c1e8fa-c1af-4e22-a011-38b11d0d0528.zip?GoogleAccessId=service-832093857842@gcf-admin-robot.iam.gserviceaccount.com&Expires=1786331467&Signature=VvDa9HDI3UGM%2FHi4yzU0DUDtxVA0ODbyjK8rjmhZpl77FapwR07yYG27cQvoJq%2FbMXoMdUggMWprpHUxcf63d7X8h7jiO6%2BSK2ngf0ma1u6LkFIZoa%2B%2BhfP4Unu%2BIQLcRs8jHKSJ2C8sXkOilNPe79mOMk3j7FUY9rXyKnX5%2FfOmcW%2F4hkPOqwpVLpIYBugYydoJERfEWFy9K%2BiV0LWOSGO352HW7CqGsJeH94c7yxILlbtxT0CeuMlbuDICtHh01cH2GPxtt0OyBMx4ZN9EzDxFrzQPR7z9zuLdS36mHKN6JhFDX6Nvc%2FRxcDM2DV5SHCcPUiaAa7qZ6QPoNWrVjQ%3D%3D","entryPoint":"purgeTrash","runtime":"nodejs20","dockerRegistry":"ARTIFACT_REGISTRY","labels":{"deployment-tool":"cli-firebase","deployment-scheduled":"true","firebase-functions-hash":"74436fef8c2ebebe3f9c654a6faa2958a1c805fc"},"eventTrigger":{"eventType":"google.pubsub.topic.publish","resource":"projects/refreshing-website/topics/firebase-schedule-purgeTrash-us-central1"},"minInstances":null,"maxInstances":null,"ingressSettings":null,"environmentVariables":{"FIREBASE_CONFIG":"{\"projectId\":\"refreshing-website\",\"storageBucket\":\"refreshing-website.firebasestorage.app\"}","GCLOUD_PROJECT":"refreshing-website","EVENTARC_CLOUD_EVENT_SOURCE":"projects/refreshing-website/locations/us-central1/functions/purgeTrash"},"serviceAccountEmail":null,"availableMemoryMb":null,"timeout":null,"vpcConnector":null,"vpcConnectorEgressSettings":null,"sourceToken":"f57d6fd0-2c70-4ab7-b944-19aed713bef8","buildEnvironmentVariables":{"GOOGLE_NODE_RUN_SCRIPTS":""}}
[2026-08-10T03:05:59.834Z] [queue] Retrying task index 7
[2026-08-10T03:05:59.835Z] Checked if tokens are valid: true, expires at: 1786334449855
[2026-08-10T03:05:59.836Z] Checked if tokens are valid: true, expires at: 1786334449855
[2026-08-10T03:05:59.836Z] >>> [apiv2][query] POST https://cloudfunctions.googleapis.com/v1/projects/refreshing-website/locations/us-central1/functions [none]
[2026-08-10T03:05:59.838Z] >>> [apiv2][body] POST https://cloudfunctions.googleapis.com/v1/projects/refreshing-website/locations/us-central1/functions {"name":"projects/refreshing-website/locations/us-central1/functions/auditSessionsWrite","sourceUploadUrl":"https://storage.googleapis.com/uploads-836972235469.us-central1.cloudfunctions.appspot.com/02c1e8fa-c1af-4e22-a011-38b11d0d0528.zip?GoogleAccessId=service-832093857842@gcf-admin-robot.iam.gserviceaccount.com&Expires=1786331467&Signature=VvDa9HDI3UGM%2FHi4yzU0DUDtxVA0ODbyjK8rjmhZpl77FapwR07yYG27cQvoJq%2FbMXoMdUggMWprpHUxcf63d7X8h7jiO6%2BSK2ngf0ma1u6LkFIZoa%2B%2BhfP4Unu%2BIQLcRs8jHKSJ2C8sXkOilNPe79mOMk3j7FUY9rXyKnX5%2FfOmcW%2F4hkPOqwpVLpIYBugYydoJERfEWFy9K%2BiV0LWOSGO352HW7CqGsJeH94c7yxILlbtxT0CeuMlbuDICtHh01cH2GPxtt0OyBMx4ZN9EzDxFrzQPR7z9zuLdS36mHKN6JhFDX6Nvc%2FRxcDM2DV5SHCcPUiaAa7qZ6QPoNWrVjQ%3D%3D","entryPoint":"auditSessionsWrite","runtime":"nodejs20","dockerRegistry":"ARTIFACT_REGISTRY","labels":{"deployment-tool":"cli-firebase","firebase-functions-hash":"74436fef8c2ebebe3f9c654a6faa2958a1c805fc"},"eventTrigger":{"eventType":"providers/cloud.firestore/eventTypes/document.write","resource":"projects/refreshing-website/databases/(default)/documents/events/{eventId}/sessions/{sessionId}"},"minInstances":null,"maxInstances":null,"ingressSettings":null,"environmentVariables":{"FIREBASE_CONFIG":"{\"projectId\":\"refreshing-website\",\"storageBucket\":\"refreshing-website.firebasestorage.app\"}","GCLOUD_PROJECT":"refreshing-website","EVENTARC_CLOUD_EVENT_SOURCE":"projects/refreshing-website/locations/us-central1/functions/auditSessionsWrite"},"serviceAccountEmail":null,"availableMemoryMb":null,"timeout":null,"vpcConnector":null,"vpcConnectorEgressSettings":null,"sourceToken":"f57d6fd0-2c70-4ab7-b944-19aed713bef8","buildEnvironmentVariables":{"GOOGLE_NODE_RUN_SCRIPTS":""}}
[2026-08-10T03:06:00.456Z] <<< [apiv2][status] POST https://cloudfunctions.googleapis.com/v1/projects/refreshing-website/locations/us-central1/functions 409
[2026-08-10T03:06:00.456Z] <<< [apiv2][body] POST https://cloudfunctions.googleapis.com/v1/projects/refreshing-website/locations/us-central1/functions {"error":{"code":409,"message":"Failed to create 1st Gen function projects/refreshing-website/locations/us-central1/functions/purgeTrash: Function purgeTrash in region us-central1 in project refreshing-website already exists","status":"ALREADY_EXISTS"}}
!  functions: failed to create function projects/refreshing-website/locations/us-central1/functions/purgeTrash 
[2026-08-10T03:06:00.461Z] <<< [apiv2][status] POST https://cloudfunctions.googleapis.com/v1/projects/refreshing-website/locations/us-central1/functions 409
[2026-08-10T03:06:00.461Z] <<< [apiv2][body] POST https://cloudfunctions.googleapis.com/v1/projects/refreshing-website/locations/us-central1/functions {"error":{"code":409,"message":"Failed to create 1st Gen function projects/refreshing-website/locations/us-central1/functions/undoCheckIn: Function undoCheckIn in region us-central1 in project refreshing-website already exists","status":"ALREADY_EXISTS"}}
!  functions: failed to create function projects/refreshing-website/locations/us-central1/functions/undoCheckIn 
[2026-08-10T03:06:00.476Z] <<< [apiv2][status] POST https://cloudfunctions.googleapis.com/v1/projects/refreshing-website/locations/us-central1/functions 409
[2026-08-10T03:06:00.476Z] <<< [apiv2][body] POST https://cloudfunctions.googleapis.com/v1/projects/refreshing-website/locations/us-central1/functions {"error":{"code":409,"message":"Failed to create 1st Gen function projects/refreshing-website/locations/us-central1/functions/auditSessionsWrite: Function auditSessionsWrite in region us-central1 in project refreshing-website already exists","status":"ALREADY_EXISTS"}}
!  functions: failed to create function projects/refreshing-website/locations/us-central1/functions/auditSessionsWrite 
[2026-08-10T03:06:00.479Z] <<< [apiv2][status] POST https://cloudfunctions.googleapis.com/v1/projects/refreshing-website/locations/us-central1/functions 409
[2026-08-10T03:06:00.480Z] <<< [apiv2][body] POST https://cloudfunctions.googleapis.com/v1/projects/refreshing-website/locations/us-central1/functions {"error":{"code":409,"message":"Failed to create 1st Gen function projects/refreshing-website/locations/us-central1/functions/markCheckedIn: Function markCheckedIn in region us-central1 in project refreshing-website already exists","status":"ALREADY_EXISTS"}}
!  functions: failed to create function projects/refreshing-website/locations/us-central1/functions/markCheckedIn 
[2026-08-10T03:06:00.481Z] <<< [apiv2][status] POST https://cloudfunctions.googleapis.com/v1/projects/refreshing-website/locations/us-central1/functions 409
[2026-08-10T03:06:00.481Z] <<< [apiv2][body] POST https://cloudfunctions.googleapis.com/v1/projects/refreshing-website/locations/us-central1/functions {"error":{"code":409,"message":"Failed to create 1st Gen function projects/refreshing-website/locations/us-central1/functions/syncCheckinView: Function syncCheckinView in region us-central1 in project refreshing-website already exists","status":"ALREADY_EXISTS"}}
!  functions: failed to create function projects/refreshing-website/locations/us-central1/functions/syncCheckinView 
[2026-08-10T03:06:00.485Z] <<< [apiv2][status] POST https://cloudfunctions.googleapis.com/v1/projects/refreshing-website/locations/us-central1/functions 409
[2026-08-10T03:06:00.485Z] <<< [apiv2][body] POST https://cloudfunctions.googleapis.com/v1/projects/refreshing-website/locations/us-central1/functions {"error":{"code":409,"message":"Failed to create 1st Gen function projects/refreshing-website/locations/us-central1/functions/auditMinistersWrite: Function auditMinistersWrite in region us-central1 in project refreshing-website already exists","status":"ALREADY_EXISTS"}}
!  functions: failed to create function projects/refreshing-website/locations/us-central1/functions/auditMinistersWrite 
[2026-08-10T03:06:00.492Z] <<< [apiv2][status] POST https://cloudfunctions.googleapis.com/v1/projects/refreshing-website/locations/us-central1/functions 409
[2026-08-10T03:06:00.492Z] <<< [apiv2][body] POST https://cloudfunctions.googleapis.com/v1/projects/refreshing-website/locations/us-central1/functions {"error":{"code":409,"message":"Failed to create 1st Gen function projects/refreshing-website/locations/us-central1/functions/setUserRole: Function setUserRole in region us-central1 in project refreshing-website already exists","status":"ALREADY_EXISTS"}}
!  functions: failed to create function projects/refreshing-website/locations/us-central1/functions/setUserRole 
[2026-08-10T03:06:00.492Z] <<< [apiv2][status] POST https://cloudfunctions.googleapis.com/v1/projects/refreshing-website/locations/us-central1/functions 409
[2026-08-10T03:06:00.493Z] <<< [apiv2][body] POST https://cloudfunctions.googleapis.com/v1/projects/refreshing-website/locations/us-central1/functions {"error":{"code":409,"message":"Failed to create 1st Gen function projects/refreshing-website/locations/us-central1/functions/pruneVersionHistory: Function pruneVersionHistory in region us-central1 in project refreshing-website already exists","status":"ALREADY_EXISTS"}}
!  functions: failed to create function projects/refreshing-website/locations/us-central1/functions/pruneVersionHistory 
[2026-08-10T03:06:00.497Z] <<< [apiv2][status] POST https://cloudfunctions.googleapis.com/v1/projects/refreshing-website/locations/us-central1/functions 409
[2026-08-10T03:06:00.497Z] <<< [apiv2][body] POST https://cloudfunctions.googleapis.com/v1/projects/refreshing-website/locations/us-central1/functions {"error":{"code":409,"message":"Failed to create 1st Gen function projects/refreshing-website/locations/us-central1/functions/auditAttendeesWrite: Function auditAttendeesWrite in region us-central1 in project refreshing-website already exists","status":"ALREADY_EXISTS"}}
!  functions: failed to create function projects/refreshing-website/locations/us-central1/functions/auditAttendeesWrite 
[2026-08-10T03:06:00.508Z] <<< [apiv2][status] POST https://cloudfunctions.googleapis.com/v1/projects/refreshing-website/locations/us-central1/functions 409
[2026-08-10T03:06:00.508Z] <<< [apiv2][body] POST https://cloudfunctions.googleapis.com/v1/projects/refreshing-website/locations/us-central1/functions {"error":{"code":409,"message":"Failed to create 1st Gen function projects/refreshing-website/locations/us-central1/functions/provisionAdminAccount: Function provisionAdminAccount in region us-central1 in project refreshing-website already exists","status":"ALREADY_EXISTS"}}
!  functions: failed to create function projects/refreshing-website/locations/us-central1/functions/provisionAdminAccount 
[2026-08-10T03:06:00.590Z] <<< [apiv2][status] POST https://cloudfunctions.googleapis.com/v1/projects/refreshing-website/locations/us-central1/functions 409
[2026-08-10T03:06:00.590Z] <<< [apiv2][body] POST https://cloudfunctions.googleapis.com/v1/projects/refreshing-website/locations/us-central1/functions {"error":{"code":409,"message":"Failed to create 1st Gen function projects/refreshing-website/locations/us-central1/functions/revokeUserAccess: Function revokeUserAccess in region us-central1 in project refreshing-website already exists","status":"ALREADY_EXISTS"}}
!  functions: failed to create function projects/refreshing-website/locations/us-central1/functions/revokeUserAccess 
[2026-08-10T03:07:40.458Z] [queue] Retrying task index 9
[2026-08-10T03:07:40.458Z] Checked if tokens are valid: true, expires at: 1786334449855
[2026-08-10T03:07:40.458Z] Checked if tokens are valid: true, expires at: 1786334449855
[2026-08-10T03:07:40.458Z] >>> [apiv2][query] POST https://cloudfunctions.googleapis.com/v1/projects/refreshing-website/locations/us-central1/functions [none]
[2026-08-10T03:07:40.459Z] >>> [apiv2][body] POST https://cloudfunctions.googleapis.com/v1/projects/refreshing-website/locations/us-central1/functions {"name":"projects/refreshing-website/locations/us-central1/functions/purgeTrash","sourceUploadUrl":"https://storage.googleapis.com/uploads-836972235469.us-central1.cloudfunctions.appspot.com/02c1e8fa-c1af-4e22-a011-38b11d0d0528.zip?GoogleAccessId=service-832093857842@gcf-admin-robot.iam.gserviceaccount.com&Expires=1786331467&Signature=VvDa9HDI3UGM%2FHi4yzU0DUDtxVA0ODbyjK8rjmhZpl77FapwR07yYG27cQvoJq%2FbMXoMdUggMWprpHUxcf63d7X8h7jiO6%2BSK2ngf0ma1u6LkFIZoa%2B%2BhfP4Unu%2BIQLcRs8jHKSJ2C8sXkOilNPe79mOMk3j7FUY9rXyKnX5%2FfOmcW%2F4hkPOqwpVLpIYBugYydoJERfEWFy9K%2BiV0LWOSGO352HW7CqGsJeH94c7yxILlbtxT0CeuMlbuDICtHh01cH2GPxtt0OyBMx4ZN9EzDxFrzQPR7z9zuLdS36mHKN6JhFDX6Nvc%2FRxcDM2DV5SHCcPUiaAa7qZ6QPoNWrVjQ%3D%3D","entryPoint":"purgeTrash","runtime":"nodejs20","dockerRegistry":"ARTIFACT_REGISTRY","labels":{"deployment-tool":"cli-firebase","deployment-scheduled":"true","firebase-functions-hash":"74436fef8c2ebebe3f9c654a6faa2958a1c805fc"},"eventTrigger":{"eventType":"google.pubsub.topic.publish","resource":"projects/refreshing-website/topics/firebase-schedule-purgeTrash-us-central1"},"minInstances":null,"maxInstances":null,"ingressSettings":null,"environmentVariables":{"FIREBASE_CONFIG":"{\"projectId\":\"refreshing-website\",\"storageBucket\":\"refreshing-website.firebasestorage.app\"}","GCLOUD_PROJECT":"refreshing-website","EVENTARC_CLOUD_EVENT_SOURCE":"projects/refreshing-website/locations/us-central1/functions/purgeTrash"},"serviceAccountEmail":null,"availableMemoryMb":null,"timeout":null,"vpcConnector":null,"vpcConnectorEgressSettings":null,"buildEnvironmentVariables":{"GOOGLE_NODE_RUN_SCRIPTS":""}}
[2026-08-10T03:07:40.462Z] [queue] Retrying task index 4
[2026-08-10T03:07:40.477Z] [queue] Retrying task index 7
[2026-08-10T03:07:40.481Z] [queue] Retrying task index 3
[2026-08-10T03:07:40.482Z] [queue] Retrying task index 5
[2026-08-10T03:07:40.486Z] [queue] Retrying task index 6
[2026-08-10T03:07:40.493Z] [queue] Retrying task index 1
[2026-08-10T03:07:40.493Z] [queue] Retrying task index 10
[2026-08-10T03:07:40.498Z] [queue] Retrying task index 8
[2026-08-10T03:07:40.508Z] [queue] Retrying task index 11
[2026-08-10T03:07:40.591Z] [queue] Retrying task index 2
[2026-08-10T03:07:41.061Z] <<< [apiv2][status] POST https://cloudfunctions.googleapis.com/v1/projects/refreshing-website/locations/us-central1/functions 409
[2026-08-10T03:07:41.061Z] <<< [apiv2][body] POST https://cloudfunctions.googleapis.com/v1/projects/refreshing-website/locations/us-central1/functions {"error":{"code":409,"message":"Failed to create 1st Gen function projects/refreshing-website/locations/us-central1/functions/purgeTrash: Function purgeTrash in region us-central1 in project refreshing-website already exists","status":"ALREADY_EXISTS"}}
!  functions: failed to create function projects/refreshing-website/locations/us-central1/functions/purgeTrash 
[2026-08-10T03:09:21.062Z] [queue] Retrying task index 9
