[2026-08-10T03:14:12.867Z] ----------------------------------------------------------------------
[2026-08-10T03:14:12.875Z] Command:       C:\nvm4w\nodejs\node.exe C:\nvm4w\nodejs\node_modules\firebase-tools\lib\bin\firebase.js deploy --only functions --debug
[2026-08-10T03:14:12.876Z] CLI Version:   15.26.0
[2026-08-10T03:14:12.877Z] Platform:      win32
[2026-08-10T03:14:12.877Z] Node Version:  v20.19.0
[2026-08-10T03:14:12.878Z] Detected Agent: antigravity
[2026-08-10T03:14:12.878Z] Time:          Mon Aug 10 2026 04:14:12 GMT+0100 (West Africa Standard Time)
[2026-08-10T03:14:12.879Z] ----------------------------------------------------------------------

[2026-08-10T03:14:16.829Z] > command requires scopes: ["email","openid","https://www.googleapis.com/auth/cloudplatformprojects.readonly","https://www.googleapis.com/auth/firebase","https://www.googleapis.com/auth/cloud-platform"]
[2026-08-10T03:14:16.829Z] > authorizing via signed-in user (lsbsf.dev@gmail.com)
[2026-08-10T03:14:16.830Z] [iam] checking project refreshing-website for permissions ["cloudfunctions.functions.create","cloudfunctions.functions.delete","cloudfunctions.functions.get","cloudfunctions.functions.list","cloudfunctions.functions.update","cloudfunctions.operations.get","firebase.projects.get"]
[2026-08-10T03:14:16.832Z] Checked if tokens are valid: true, expires at: 1786334449855
[2026-08-10T03:14:16.832Z] Checked if tokens are valid: true, expires at: 1786334449855
[2026-08-10T03:14:16.834Z] >>> [apiv2][query] POST https://cloudresourcemanager.googleapis.com/v1/projects/refreshing-website:testIamPermissions [none]
[2026-08-10T03:14:16.834Z] >>> [apiv2][(partial)header] POST https://cloudresourcemanager.googleapis.com/v1/projects/refreshing-website:testIamPermissions  x-goog-user-project=refreshing-website
[2026-08-10T03:14:16.834Z] >>> [apiv2][body] POST https://cloudresourcemanager.googleapis.com/v1/projects/refreshing-website:testIamPermissions {"permissions":["cloudfunctions.functions.create","cloudfunctions.functions.delete","cloudfunctions.functions.get","cloudfunctions.functions.list","cloudfunctions.functions.update","cloudfunctions.operations.get","firebase.projects.get"]}
[2026-08-10T03:14:18.350Z] <<< [apiv2][status] POST https://cloudresourcemanager.googleapis.com/v1/projects/refreshing-website:testIamPermissions 200
[2026-08-10T03:14:18.350Z] <<< [apiv2][body] POST https://cloudresourcemanager.googleapis.com/v1/projects/refreshing-website:testIamPermissions {"permissions":["cloudfunctions.functions.create","cloudfunctions.functions.delete","cloudfunctions.functions.get","cloudfunctions.functions.list","cloudfunctions.functions.update","cloudfunctions.operations.get","firebase.projects.get"]}
[2026-08-10T03:14:18.351Z] Checked if tokens are valid: true, expires at: 1786334449855
[2026-08-10T03:14:18.351Z] Checked if tokens are valid: true, expires at: 1786334449855
[2026-08-10T03:14:18.351Z] >>> [apiv2][query] POST https://iam.googleapis.com/v1/projects/refreshing-website/serviceAccounts/refreshing-website@appspot.gserviceaccount.com:testIamPermissions [none]
[2026-08-10T03:14:18.351Z] >>> [apiv2][body] POST https://iam.googleapis.com/v1/projects/refreshing-website/serviceAccounts/refreshing-website@appspot.gserviceaccount.com:testIamPermissions {"permissions":["iam.serviceAccounts.actAs"]}
[2026-08-10T03:14:19.769Z] <<< [apiv2][status] POST https://iam.googleapis.com/v1/projects/refreshing-website/serviceAccounts/refreshing-website@appspot.gserviceaccount.com:testIamPermissions 200
[2026-08-10T03:14:19.769Z] <<< [apiv2][body] POST https://iam.googleapis.com/v1/projects/refreshing-website/serviceAccounts/refreshing-website@appspot.gserviceaccount.com:testIamPermissions {"permissions":["iam.serviceAccounts.actAs"]}

=== Deploying to 'refreshing-website'...

i  deploying functions 
[2026-08-10T03:14:19.773Z] Checked if tokens are valid: true, expires at: 1786334449855
[2026-08-10T03:14:19.773Z] Checked if tokens are valid: true, expires at: 1786334449855
[2026-08-10T03:14:19.773Z] >>> [apiv2][query] GET https://cloudresourcemanager.googleapis.com/v1/projects/refreshing-website [none]
[2026-08-10T03:14:20.064Z] <<< [apiv2][status] GET https://cloudresourcemanager.googleapis.com/v1/projects/refreshing-website 200
[2026-08-10T03:14:20.064Z] <<< [apiv2][body] GET https://cloudresourcemanager.googleapis.com/v1/projects/refreshing-website {"projectNumber":"832093857842","projectId":"refreshing-website","lifecycleState":"ACTIVE","name":"refreshing-website","labels":{"firebase":"enabled","firebase-core":"disabled"},"createTime":"2026-07-21T18:11:55.357Z"}
i  functions: preparing codebase default for deployment 
i  functions: ensuring required API cloudfunctions.googleapis.com is enabled... 
i  functions: ensuring required API cloudbuild.googleapis.com is enabled... 
i  artifactregistry: ensuring required API artifactregistry.googleapis.com is enabled... 
[2026-08-10T03:14:20.067Z] Checked if tokens are valid: true, expires at: 1786334449855
[2026-08-10T03:14:20.067Z] Checked if tokens are valid: true, expires at: 1786334449855
[2026-08-10T03:14:20.067Z] >>> [apiv2][query] GET https://firebase.googleapis.com/v1beta1/projects/refreshing-website/adminSdkConfig [none]
[2026-08-10T03:14:21.067Z] <<< [apiv2][status] GET https://firebase.googleapis.com/v1beta1/projects/refreshing-website/adminSdkConfig 200
[2026-08-10T03:14:21.067Z] <<< [apiv2][body] GET https://firebase.googleapis.com/v1beta1/projects/refreshing-website/adminSdkConfig {"projectId":"refreshing-website","storageBucket":"refreshing-website.firebasestorage.app"}
[2026-08-10T03:14:21.068Z] Checked if tokens are valid: true, expires at: 1786334449855
[2026-08-10T03:14:21.068Z] Checked if tokens are valid: true, expires at: 1786334449855
[2026-08-10T03:14:21.068Z] >>> [apiv2][query] GET https://runtimeconfig.googleapis.com/v1beta1/projects/refreshing-website/configs [none]
[2026-08-10T03:14:21.937Z] <<< [apiv2][status] GET https://runtimeconfig.googleapis.com/v1beta1/projects/refreshing-website/configs 200
[2026-08-10T03:14:21.938Z] <<< [apiv2][body] GET https://runtimeconfig.googleapis.com/v1beta1/projects/refreshing-website/configs {}
[2026-08-10T03:14:21.940Z] Validating nodejs source
!  functions: Runtime Node.js 20 was deprecated on 2026-04-30 and will be decommissioned on 2026-10-30, after which you will not be able to deploy without upgrading. Consider upgrading now to avoid disruption. See https://cloud.google.com/functions/docs/runtime-support for full details on the lifecycle policy 
!  functions: package.json indicates an outdated version of firebase-functions. Please upgrade using npm install --save firebase-functions@latest in your functions directory. 
!  functions: Please note that there will be breaking changes when you upgrade. 
[2026-08-10T03:14:24.502Z] > [functions] package.json contents: {
  "name": "functions",
  "scripts": {
    "build": "tsc",
    "serve": "npm run build && firebase emulators:start --only functions",
    "shell": "npm run build && firebase functions:shell",
    "start": "npm run shell",
    "deploy": "firebase deploy --only functions"
  },
  "engines": {
    "node": "20"
  },
  "main": "lib/index.js",
  "dependencies": {
    "firebase-admin": "^11.8.0",
    "firebase-functions": "^4.3.1",
    "zod": "^3.22.4"
  },
  "devDependencies": {
    "typescript": "^5.0.4"
  },
  "private": true
}
[2026-08-10T03:14:24.502Z] Building nodejs source
i  functions: Loading and analyzing source code for codebase default to determine what to deploy 
i  functions: You are using a version of firebase-functions SDK (4.9.0) that does not have support for the newest Firebase Extensions features. Please update firebase-functions SDK to >=5.1.0 to use them correctly 
[2026-08-10T03:14:24.508Z] Could not find functions.yaml. Must use http discovery
[2026-08-10T03:14:24.529Z] Found firebase-functions binary at 'C:\Users\HP\Documents\Github\refrshing-website\functions\node_modules\.bin\firebase-functions'
Serving at port 8217

[2026-08-10T03:14:25.711Z] Got response from /__/functions.yaml {"endpoints":{"createInvite":{"platform":"gcfv1","labels":{},"availableMemoryMb":null,"timeoutSeconds":null,"minInstances":null,"maxInstances":null,"ingressSettings":null,"serviceAccountEmail":null,"vpc":null,"secretEnvironmentVariables":[{"key":"EMAIL_API_KEY"}],"callableTrigger":{},"entryPoint":"createInvite"},"acceptInvite":{"platform":"gcfv1","labels":{},"availableMemoryMb":null,"timeoutSeconds":null,"minInstances":null,"maxInstances":null,"ingressSettings":null,"serviceAccountEmail":null,"vpc":null,"callableTrigger":{},"entryPoint":"acceptInvite"},"setUserRole":{"platform":"gcfv1","labels":{},"availableMemoryMb":null,"timeoutSeconds":null,"minInstances":null,"maxInstances":null,"ingressSettings":null,"serviceAccountEmail":null,"vpc":null,"callableTrigger":{},"entryPoint":"setUserRole"},"revokeUserAccess":{"platform":"gcfv1","labels":{},"availableMemoryMb":null,"timeoutSeconds":null,"minInstances":null,"maxInstances":null,"ingressSettings":null,"serviceAccountEmail":null,"vpc":null,"callableTrigger":{},"entryPoint":"revokeUserAccess"},"markCheckedIn":{"platform":"gcfv1","labels":{},"availableMemoryMb":null,"timeoutSeconds":null,"minInstances":null,"maxInstances":null,"ingressSettings":null,"serviceAccountEmail":null,"vpc":null,"callableTrigger":{},"entryPoint":"markCheckedIn"},"undoCheckIn":{"platform":"gcfv1","labels":{},"availableMemoryMb":null,"timeoutSeconds":null,"minInstances":null,"maxInstances":null,"ingressSettings":null,"serviceAccountEmail":null,"vpc":null,"callableTrigger":{},"entryPoint":"undoCheckIn"},"syncCheckinView":{"platform":"gcfv1","availableMemoryMb":null,"timeoutSeconds":null,"minInstances":null,"maxInstances":null,"ingressSettings":null,"serviceAccountEmail":null,"vpc":null,"eventTrigger":{"eventType":"providers/cloud.firestore/eventTypes/document.write","eventFilters":{"resource":"projects/refreshing-website/databases/(default)/documents/events/{eventId}/attendees/{attendeeId}"},"retry":false},"labels":{},"entryPoint":"syncCheckinView"},"auditMinistersWrite":{"platform":"gcfv1","availableMemoryMb":null,"timeoutSeconds":null,"minInstances":null,"maxInstances":null,"ingressSettings":null,"serviceAccountEmail":null,"vpc":null,"eventTrigger":{"eventType":"providers/cloud.firestore/eventTypes/document.write","eventFilters":{"resource":"projects/refreshing-website/databases/(default)/documents/events/{eventId}/ministers/{ministerId}"},"retry":false},"labels":{},"entryPoint":"auditMinistersWrite"},"auditSessionsWrite":{"platform":"gcfv1","availableMemoryMb":null,"timeoutSeconds":null,"minInstances":null,"maxInstances":null,"ingressSettings":null,"serviceAccountEmail":null,"vpc":null,"eventTrigger":{"eventType":"providers/cloud.firestore/eventTypes/document.write","eventFilters":{"resource":"projects/refreshing-website/databases/(default)/documents/events/{eventId}/sessions/{sessionId}"},"retry":false},"labels":{},"entryPoint":"auditSessionsWrite"},"auditAttendeesWrite":{"platform":"gcfv1","availableMemoryMb":null,"timeoutSeconds":null,"minInstances":null,"maxInstances":null,"ingressSettings":null,"serviceAccountEmail":null,"vpc":null,"eventTrigger":{"eventType":"providers/cloud.firestore/eventTypes/document.write","eventFilters":{"resource":"projects/refreshing-website/databases/(default)/documents/events/{eventId}/attendees/{attendeeId}"},"retry":false},"labels":{},"entryPoint":"auditAttendeesWrite"},"purgeTrash":{"platform":"gcfv1","availableMemoryMb":null,"timeoutSeconds":null,"minInstances":null,"maxInstances":null,"ingressSettings":null,"serviceAccountEmail":null,"vpc":null,"scheduleTrigger":{"schedule":"0 0 * * *","retryConfig":{"retryCount":null,"maxDoublings":null,"maxRetryDuration":null,"maxBackoffDuration":null,"minBackoffDuration":null},"timeZone":null},"labels":{},"entryPoint":"purgeTrash"},"pruneVersionHistory":{"platform":"gcfv1","availableMemoryMb":null,"timeoutSeconds":null,"minInstances":null,"maxInstances":null,"ingressSettings":null,"serviceAccountEmail":null,"vpc":null,"scheduleTrigger":{"schedule":"0 1 * * *","retryConfig":{"retryCount":null,"maxDoublings":null,"maxRetryDuration":null,"maxBackoffDuration":null,"minBackoffDuration":null},"timeZone":null},"labels":{},"entryPoint":"pruneVersionHistory"},"provisionAdminAccount":{"platform":"gcfv1","labels":{},"availableMemoryMb":null,"timeoutSeconds":null,"minInstances":null,"maxInstances":null,"ingressSettings":null,"serviceAccountEmail":null,"vpc":null,"callableTrigger":{},"entryPoint":"provisionAdminAccount"}},"specVersion":"v1alpha1","requiredAPIs":[{"api":"cloudscheduler.googleapis.com","reason":"Needed for scheduled functions."}]}
[2026-08-10T03:14:28.766Z] Checked if tokens are valid: true, expires at: 1786334449855
[2026-08-10T03:14:28.766Z] Checked if tokens are valid: true, expires at: 1786334449855
[2026-08-10T03:14:28.767Z] >>> [apiv2][query] GET https://cloudfunctions.googleapis.com/v1/projects/refreshing-website/locations/-/functions [none]
[2026-08-10T03:14:29.606Z] <<< [apiv2][status] GET https://cloudfunctions.googleapis.com/v1/projects/refreshing-website/locations/-/functions 200
[2026-08-10T03:14:29.606Z] <<< [apiv2][body] GET https://cloudfunctions.googleapis.com/v1/projects/refreshing-website/locations/-/functions {"functions":[{"name":"projects/refreshing-website/locations/us-central1/functions/purgeTrash","eventTrigger":{"eventType":"google.pubsub.topic.publish","resource":"projects/refreshing-website/topics/firebase-schedule-purgeTrash-us-central1","service":"pubsub.googleapis.com","failurePolicy":{}},"status":"ACTIVE","entryPoint":"purgeTrash","timeout":"60s","availableMemoryMb":256,"serviceAccountEmail":"refreshing-website@appspot.gserviceaccount.com","updateTime":"2026-08-10T03:12:38.428Z","versionId":"4","labels":{"deployment-tool":"cli-firebase","deployment-scheduled":"true","firebase-functions-hash":"66461a96366d761d6ebac092da1942afe3a68f84"},"sourceUploadUrl":"https://storage.googleapis.com/uploads-836972235469.us-central1.cloudfunctions.appspot.com/9a96033b-f50a-461a-b3b5-037e2e1e50bc.zip","environmentVariables":{"FIREBASE_CONFIG":"{\"projectId\":\"refreshing-website\",\"storageBucket\":\"refreshing-website.firebasestorage.app\"}","GCLOUD_PROJECT":"refreshing-website","EVENTARC_CLOUD_EVENT_SOURCE":"projects/refreshing-website/locations/us-central1/functions/purgeTrash"},"runtime":"nodejs20","maxInstances":3000,"ingressSettings":"ALLOW_ALL","buildId":"f5832f40-26c0-49b5-a0eb-5b522922e509","buildEnvironmentVariables":{"GOOGLE_NODE_RUN_SCRIPTS":""},"buildName":"projects/832093857842/locations/us-central1/builds/f5832f40-26c0-49b5-a0eb-5b522922e509","dockerRegistry":"ARTIFACT_REGISTRY","automaticUpdatePolicy":{},"buildServiceAccount":"projects/refreshing-website/serviceAccounts/832093857842-compute@developer.gserviceaccount.com","satisfiesPzi":true},{"name":"projects/refreshing-website/locations/us-central1/functions/pruneVersionHistory","eventTrigger":{"eventType":"google.pubsub.topic.publish","resource":"projects/refreshing-website/topics/firebase-schedule-pruneVersionHistory-us-central1","service":"pubsub.googleapis.com","failurePolicy":{}},"status":"ACTIVE","entryPoint":"pruneVersionHistory","timeout":"60s","availableMemoryMb":256,"serviceAccountEmail":"refreshing-website@appspot.gserviceaccount.com","updateTime":"2026-08-10T03:12:38.388Z","versionId":"4","labels":{"deployment-scheduled":"true","firebase-functions-hash":"66461a96366d761d6ebac092da1942afe3a68f84","deployment-tool":"cli-firebase"},"sourceUploadUrl":"https://storage.googleapis.com/uploads-836972235469.us-central1.cloudfunctions.appspot.com/9a96033b-f50a-461a-b3b5-037e2e1e50bc.zip","environmentVariables":{"FIREBASE_CONFIG":"{\"projectId\":\"refreshing-website\",\"storageBucket\":\"refreshing-website.firebasestorage.app\"}","GCLOUD_PROJECT":"refreshing-website","EVENTARC_CLOUD_EVENT_SOURCE":"projects/refreshing-website/locations/us-central1/functions/pruneVersionHistory"},"runtime":"nodejs20","maxInstances":3000,"ingressSettings":"ALLOW_ALL","buildId":"f5832f40-26c0-49b5-a0eb-5b522922e509","buildEnvironmentVariables":{"GOOGLE_NODE_RUN_SCRIPTS":""},"buildName":"projects/832093857842/locations/us-central1/builds/f5832f40-26c0-49b5-a0eb-5b522922e509","dockerRegistry":"ARTIFACT_REGISTRY","automaticUpdatePolicy":{},"buildServiceAccount":"projects/refreshing-website/serviceAccounts/832093857842-compute@developer.gserviceaccount.com","satisfiesPzi":true},{"name":"projects/refreshing-website/locations/us-central1/functions/acceptInvite","httpsTrigger":{"url":"https://us-central1-refreshing-website.cloudfunctions.net/acceptInvite","securityLevel":"SECURE_ALWAYS"},"status":"ACTIVE","entryPoint":"acceptInvite","timeout":"60s","availableMemoryMb":256,"serviceAccountEmail":"refreshing-website@appspot.gserviceaccount.com","updateTime":"2026-08-10T03:12:39.067Z","versionId":"4","labels":{"deployment-callable":"true","firebase-functions-hash":"66461a96366d761d6ebac092da1942afe3a68f84","deployment-tool":"cli-firebase"},"sourceUploadUrl":"https://storage.googleapis.com/uploads-836972235469.us-central1.cloudfunctions.appspot.com/9a96033b-f50a-461a-b3b5-037e2e1e50bc.zip","environmentVariables":{"FIREBASE_CONFIG":"{\"projectId\":\"refreshing-website\",\"storageBucket\":\"refreshing-website.firebasestorage.app\"}","GCLOUD_PROJECT":"refreshing-website","EVENTARC_CLOUD_EVENT_SOURCE":"projects/refreshing-website/locations/us-central1/functions/acceptInvite"},"runtime":"nodejs20","ingressSettings":"ALLOW_ALL","buildId":"f5832f40-26c0-49b5-a0eb-5b522922e509","buildEnvironmentVariables":{"GOOGLE_NODE_RUN_SCRIPTS":""},"buildName":"projects/832093857842/locations/us-central1/builds/f5832f40-26c0-49b5-a0eb-5b522922e509","dockerRegistry":"ARTIFACT_REGISTRY","automaticUpdatePolicy":{},"buildServiceAccount":"projects/refreshing-website/serviceAccounts/832093857842-compute@developer.gserviceaccount.com","satisfiesPzi":true},{"name":"projects/refreshing-website/locations/us-central1/functions/setUserRole","httpsTrigger":{"url":"https://us-central1-refreshing-website.cloudfunctions.net/setUserRole","securityLevel":"SECURE_ALWAYS"},"status":"ACTIVE","entryPoint":"setUserRole","timeout":"60s","availableMemoryMb":256,"serviceAccountEmail":"refreshing-website@appspot.gserviceaccount.com","updateTime":"2026-08-10T03:12:36.232Z","versionId":"4","labels":{"firebase-functions-hash":"66461a96366d761d6ebac092da1942afe3a68f84","deployment-tool":"cli-firebase","deployment-callable":"true"},"sourceUploadUrl":"https://storage.googleapis.com/uploads-836972235469.us-central1.cloudfunctions.appspot.com/9a96033b-f50a-461a-b3b5-037e2e1e50bc.zip","environmentVariables":{"FIREBASE_CONFIG":"{\"projectId\":\"refreshing-website\",\"storageBucket\":\"refreshing-website.firebasestorage.app\"}","GCLOUD_PROJECT":"refreshing-website","EVENTARC_CLOUD_EVENT_SOURCE":"projects/refreshing-website/locations/us-central1/functions/setUserRole"},"runtime":"nodejs20","ingressSettings":"ALLOW_ALL","buildId":"f5832f40-26c0-49b5-a0eb-5b522922e509","buildEnvironmentVariables":{"GOOGLE_NODE_RUN_SCRIPTS":""},"buildName":"projects/832093857842/locations/us-central1/builds/f5832f40-26c0-49b5-a0eb-5b522922e509","dockerRegistry":"ARTIFACT_REGISTRY","automaticUpdatePolicy":{},"buildServiceAccount":"projects/refreshing-website/serviceAccounts/832093857842-compute@developer.gserviceaccount.com","satisfiesPzi":true},{"name":"projects/refreshing-website/locations/us-central1/functions/undoCheckIn","httpsTrigger":{"url":"https://us-central1-refreshing-website.cloudfunctions.net/undoCheckIn","securityLevel":"SECURE_ALWAYS"},"status":"ACTIVE","entryPoint":"undoCheckIn","timeout":"60s","availableMemoryMb":256,"serviceAccountEmail":"refreshing-website@appspot.gserviceaccount.com","updateTime":"2026-08-10T03:12:41.295Z","versionId":"4","labels":{"deployment-tool":"cli-firebase","deployment-callable":"true","firebase-functions-hash":"66461a96366d761d6ebac092da1942afe3a68f84"},"sourceUploadUrl":"https://storage.googleapis.com/uploads-836972235469.us-central1.cloudfunctions.appspot.com/9a96033b-f50a-461a-b3b5-037e2e1e50bc.zip","environmentVariables":{"FIREBASE_CONFIG":"{\"projectId\":\"refreshing-website\",\"storageBucket\":\"refreshing-website.firebasestorage.app\"}","GCLOUD_PROJECT":"refreshing-website","EVENTARC_CLOUD_EVENT_SOURCE":"projects/refreshing-website/locations/us-central1/functions/undoCheckIn"},"runtime":"nodejs20","ingressSettings":"ALLOW_ALL","buildId":"f5832f40-26c0-49b5-a0eb-5b522922e509","buildEnvironmentVariables":{"GOOGLE_NODE_RUN_SCRIPTS":""},"buildName":"projects/832093857842/locations/us-central1/builds/f5832f40-26c0-49b5-a0eb-5b522922e509","dockerRegistry":"ARTIFACT_REGISTRY","automaticUpdatePolicy":{},"buildServiceAccount":"projects/refreshing-website/serviceAccounts/832093857842-compute@developer.gserviceaccount.com","satisfiesPzi":true},{"name":"projects/refreshing-website/locations/us-central1/functions/provisionAdminAccount","httpsTrigger":{"url":"https://us-central1-refreshing-website.cloudfunctions.net/provisionAdminAccount","securityLevel":"SECURE_ALWAYS"},"status":"ACTIVE","entryPoint":"provisionAdminAccount","timeout":"60s","availableMemoryMb":256,"serviceAccountEmail":"refreshing-website@appspot.gserviceaccount.com","updateTime":"2026-08-10T03:12:35.356Z","versionId":"4","labels":{"deployment-callable":"true","firebase-functions-hash":"66461a96366d761d6ebac092da1942afe3a68f84","deployment-tool":"cli-firebase"},"sourceUploadUrl":"https://storage.googleapis.com/uploads-836972235469.us-central1.cloudfunctions.appspot.com/9a96033b-f50a-461a-b3b5-037e2e1e50bc.zip","environmentVariables":{"FIREBASE_CONFIG":"{\"projectId\":\"refreshing-website\",\"storageBucket\":\"refreshing-website.firebasestorage.app\"}","GCLOUD_PROJECT":"refreshing-website","EVENTARC_CLOUD_EVENT_SOURCE":"projects/refreshing-website/locations/us-central1/functions/provisionAdminAccount"},"runtime":"nodejs20","ingressSettings":"ALLOW_ALL","buildId":"f5832f40-26c0-49b5-a0eb-5b522922e509","buildEnvironmentVariables":{"GOOGLE_NODE_RUN_SCRIPTS":""},"buildName":"projects/832093857842/locations/us-central1/builds/f5832f40-26c0-49b5-a0eb-5b522922e509","dockerRegistry":"ARTIFACT_REGISTRY","automaticUpdatePolicy":{},"buildServiceAccount":"projects/refreshing-website/serviceAccounts/832093857842-compute@developer.gserviceaccount.com","satisfiesPzi":true},{"name":"projects/refreshing-website/locations/us-central1/functions/revokeUserAccess","httpsTrigger":{"url":"https://us-central1-refreshing-website.cloudfunctions.net/revokeUserAccess","securityLevel":"SECURE_ALWAYS"},"status":"ACTIVE","entryPoint":"revokeUserAccess","timeout":"60s","availableMemoryMb":256,"serviceAccountEmail":"refreshing-website@appspot.gserviceaccount.com","updateTime":"2026-08-10T03:12:38.596Z","versionId":"4","labels":{"deployment-callable":"true","firebase-functions-hash":"66461a96366d761d6ebac092da1942afe3a68f84","deployment-tool":"cli-firebase"},"sourceUploadUrl":"https://storage.googleapis.com/uploads-836972235469.us-central1.cloudfunctions.appspot.com/9a96033b-f50a-461a-b3b5-037e2e1e50bc.zip","environmentVariables":{"FIREBASE_CONFIG":"{\"projectId\":\"refreshing-website\",\"storageBucket\":\"refreshing-website.firebasestorage.app\"}","GCLOUD_PROJECT":"refreshing-website","EVENTARC_CLOUD_EVENT_SOURCE":"projects/refreshing-website/locations/us-central1/functions/revokeUserAccess"},"runtime":"nodejs20","ingressSettings":"ALLOW_ALL","buildId":"f5832f40-26c0-49b5-a0eb-5b522922e509","buildEnvironmentVariables":{"GOOGLE_NODE_RUN_SCRIPTS":""},"buildName":"projects/832093857842/locations/us-central1/builds/f5832f40-26c0-49b5-a0eb-5b522922e509","dockerRegistry":"ARTIFACT_REGISTRY","automaticUpdatePolicy":{},"buildServiceAccount":"projects/refreshing-website/serviceAccounts/832093857842-compute@developer.gserviceaccount.com","satisfiesPzi":true},{"name":"projects/refreshing-website/locations/us-central1/functions/syncCheckinView","eventTrigger":{"eventType":"providers/cloud.firestore/eventTypes/document.write","resource":"projects/refreshing-website/databases/(default)/documents/events/{eventId}/attendees/{attendeeId}","service":"firestore.googleapis.com","failurePolicy":{}},"status":"ACTIVE","entryPoint":"syncCheckinView","timeout":"60s","availableMemoryMb":256,"serviceAccountEmail":"refreshing-website@appspot.gserviceaccount.com","updateTime":"2026-08-10T03:12:40.842Z","versionId":"4","labels":{"deployment-tool":"cli-firebase","firebase-functions-hash":"66461a96366d761d6ebac092da1942afe3a68f84"},"sourceUploadUrl":"https://storage.googleapis.com/uploads-836972235469.us-central1.cloudfunctions.appspot.com/9a96033b-f50a-461a-b3b5-037e2e1e50bc.zip","environmentVariables":{"FIREBASE_CONFIG":"{\"projectId\":\"refreshing-website\",\"storageBucket\":\"refreshing-website.firebasestorage.app\"}","GCLOUD_PROJECT":"refreshing-website","EVENTARC_CLOUD_EVENT_SOURCE":"projects/refreshing-website/locations/us-central1/functions/syncCheckinView"},"runtime":"nodejs20","maxInstances":3000,"ingressSettings":"ALLOW_ALL","buildId":"f5832f40-26c0-49b5-a0eb-5b522922e509","buildEnvironmentVariables":{"GOOGLE_NODE_RUN_SCRIPTS":""},"buildName":"projects/832093857842/locations/us-central1/builds/f5832f40-26c0-49b5-a0eb-5b522922e509","dockerRegistry":"ARTIFACT_REGISTRY","automaticUpdatePolicy":{},"buildServiceAccount":"projects/refreshing-website/serviceAccounts/832093857842-compute@developer.gserviceaccount.com","satisfiesPzi":true},{"name":"projects/refreshing-website/locations/us-central1/functions/auditMinistersWrite","eventTrigger":{"eventType":"providers/cloud.firestore/eventTypes/document.write","resource":"projects/refreshing-website/databases/(default)/documents/events/{eventId}/ministers/{ministerId}","service":"firestore.googleapis.com","failurePolicy":{}},"status":"ACTIVE","entryPoint":"auditMinistersWrite","timeout":"60s","availableMemoryMb":256,"serviceAccountEmail":"refreshing-website@appspot.gserviceaccount.com","updateTime":"2026-08-10T03:12:38.944Z","versionId":"4","labels":{"deployment-tool":"cli-firebase","firebase-functions-hash":"66461a96366d761d6ebac092da1942afe3a68f84"},"sourceUploadUrl":"https://storage.googleapis.com/uploads-836972235469.us-central1.cloudfunctions.appspot.com/9a96033b-f50a-461a-b3b5-037e2e1e50bc.zip","environmentVariables":{"FIREBASE_CONFIG":"{\"projectId\":\"refreshing-website\",\"storageBucket\":\"refreshing-website.firebasestorage.app\"}","GCLOUD_PROJECT":"refreshing-website","EVENTARC_CLOUD_EVENT_SOURCE":"projects/refreshing-website/locations/us-central1/functions/auditMinistersWrite"},"runtime":"nodejs20","maxInstances":3000,"ingressSettings":"ALLOW_ALL","buildId":"f5832f40-26c0-49b5-a0eb-5b522922e509","buildEnvironmentVariables":{"GOOGLE_NODE_RUN_SCRIPTS":""},"buildName":"projects/832093857842/locations/us-central1/builds/f5832f40-26c0-49b5-a0eb-5b522922e509","dockerRegistry":"ARTIFACT_REGISTRY","automaticUpdatePolicy":{},"buildServiceAccount":"projects/refreshing-website/serviceAccounts/832093857842-compute@developer.gserviceaccount.com","satisfiesPzi":true},{"name":"projects/refreshing-website/locations/us-central1/functions/auditAttendeesWrite","eventTrigger":{"eventType":"providers/cloud.firestore/eventTypes/document.write","resource":"projects/refreshing-website/databases/(default)/documents/events/{eventId}/attendees/{attendeeId}","service":"firestore.googleapis.com","failurePolicy":{}},"status":"ACTIVE","entryPoint":"auditAttendeesWrite","timeout":"60s","availableMemoryMb":256,"serviceAccountEmail":"refreshing-website@appspot.gserviceaccount.com","updateTime":"2026-08-10T03:12:35.311Z","versionId":"4","labels":{"deployment-tool":"cli-firebase","firebase-functions-hash":"66461a96366d761d6ebac092da1942afe3a68f84"},"sourceUploadUrl":"https://storage.googleapis.com/uploads-836972235469.us-central1.cloudfunctions.appspot.com/9a96033b-f50a-461a-b3b5-037e2e1e50bc.zip","environmentVariables":{"FIREBASE_CONFIG":"{\"projectId\":\"refreshing-website\",\"storageBucket\":\"refreshing-website.firebasestorage.app\"}","GCLOUD_PROJECT":"refreshing-website","EVENTARC_CLOUD_EVENT_SOURCE":"projects/refreshing-website/locations/us-central1/functions/auditAttendeesWrite"},"runtime":"nodejs20","maxInstances":3000,"ingressSettings":"ALLOW_ALL","buildId":"f5832f40-26c0-49b5-a0eb-5b522922e509","buildEnvironmentVariables":{"GOOGLE_NODE_RUN_SCRIPTS":""},"buildName":"projects/832093857842/locations/us-central1/builds/f5832f40-26c0-49b5-a0eb-5b522922e509","dockerRegistry":"ARTIFACT_REGISTRY","automaticUpdatePolicy":{},"buildServiceAccount":"projects/refreshing-website/serviceAccounts/832093857842-compute@developer.gserviceaccount.com","satisfiesPzi":true},{"name":"projects/refreshing-website/locations/us-central1/functions/markCheckedIn","httpsTrigger":{"url":"https://us-central1-refreshing-website.cloudfunctions.net/markCheckedIn","securityLevel":"SECURE_ALWAYS"},"status":"ACTIVE","entryPoint":"markCheckedIn","timeout":"60s","availableMemoryMb":256,"serviceAccountEmail":"refreshing-website@appspot.gserviceaccount.com","updateTime":"2026-08-10T03:12:39.310Z","versionId":"4","labels":{"deployment-tool":"cli-firebase","deployment-callable":"true","firebase-functions-hash":"66461a96366d761d6ebac092da1942afe3a68f84"},"sourceUploadUrl":"https://storage.googleapis.com/uploads-836972235469.us-central1.cloudfunctions.appspot.com/9a96033b-f50a-461a-b3b5-037e2e1e50bc.zip","environmentVariables":{"FIREBASE_CONFIG":"{\"projectId\":\"refreshing-website\",\"storageBucket\":\"refreshing-website.firebasestorage.app\"}","GCLOUD_PROJECT":"refreshing-website","EVENTARC_CLOUD_EVENT_SOURCE":"projects/refreshing-website/locations/us-central1/functions/markCheckedIn"},"runtime":"nodejs20","ingressSettings":"ALLOW_ALL","buildId":"f5832f40-26c0-49b5-a0eb-5b522922e509","buildEnvironmentVariables":{"GOOGLE_NODE_RUN_SCRIPTS":""},"buildName":"projects/832093857842/locations/us-central1/builds/f5832f40-26c0-49b5-a0eb-5b522922e509","dockerRegistry":"ARTIFACT_REGISTRY","automaticUpdatePolicy":{},"buildServiceAccount":"projects/refreshing-website/serviceAccounts/832093857842-compute@developer.gserviceaccount.com","satisfiesPzi":true},{"name":"projects/refreshing-website/locations/us-central1/functions/auditSessionsWrite","eventTrigger":{"eventType":"providers/cloud.firestore/eventTypes/document.write","resource":"projects/refreshing-website/databases/(default)/documents/events/{eventId}/sessions/{sessionId}","service":"firestore.googleapis.com","failurePolicy":{}},"status":"ACTIVE","entryPoint":"auditSessionsWrite","timeout":"60s","availableMemoryMb":256,"serviceAccountEmail":"refreshing-website@appspot.gserviceaccount.com","updateTime":"2026-08-10T03:12:38.512Z","versionId":"4","labels":{"deployment-tool":"cli-firebase","firebase-functions-hash":"66461a96366d761d6ebac092da1942afe3a68f84"},"sourceUploadUrl":"https://storage.googleapis.com/uploads-836972235469.us-central1.cloudfunctions.appspot.com/9a96033b-f50a-461a-b3b5-037e2e1e50bc.zip","environmentVariables":{"FIREBASE_CONFIG":"{\"projectId\":\"refreshing-website\",\"storageBucket\":\"refreshing-website.firebasestorage.app\"}","GCLOUD_PROJECT":"refreshing-website","EVENTARC_CLOUD_EVENT_SOURCE":"projects/refreshing-website/locations/us-central1/functions/auditSessionsWrite"},"runtime":"nodejs20","maxInstances":3000,"ingressSettings":"ALLOW_ALL","buildId":"f5832f40-26c0-49b5-a0eb-5b522922e509","buildEnvironmentVariables":{"GOOGLE_NODE_RUN_SCRIPTS":""},"buildName":"projects/832093857842/locations/us-central1/builds/f5832f40-26c0-49b5-a0eb-5b522922e509","dockerRegistry":"ARTIFACT_REGISTRY","automaticUpdatePolicy":{},"buildServiceAccount":"projects/refreshing-website/serviceAccounts/832093857842-compute@developer.gserviceaccount.com","satisfiesPzi":true},{"name":"projects/refreshing-website/locations/us-central1/functions/createInvite","httpsTrigger":{"url":"https://us-central1-refreshing-website.cloudfunctions.net/createInvite","securityLevel":"SECURE_ALWAYS"},"status":"ACTIVE","entryPoint":"createInvite","timeout":"60s","availableMemoryMb":256,"serviceAccountEmail":"refreshing-website@appspot.gserviceaccount.com","updateTime":"2026-08-10T03:12:28.857Z","versionId":"5","labels":{"deployment-tool":"cli-firebase","deployment-callable":"true","firebase-functions-hash":"66461a96366d761d6ebac092da1942afe3a68f84"},"sourceUploadUrl":"https://storage.googleapis.com/uploads-836972235469.us-central1.cloudfunctions.appspot.com/9a96033b-f50a-461a-b3b5-037e2e1e50bc.zip","environmentVariables":{"FIREBASE_CONFIG":"{\"projectId\":\"refreshing-website\",\"storageBucket\":\"refreshing-website.firebasestorage.app\"}","GCLOUD_PROJECT":"refreshing-website","EVENTARC_CLOUD_EVENT_SOURCE":"projects/refreshing-website/locations/us-central1/functions/createInvite"},"runtime":"nodejs20","ingressSettings":"ALLOW_ALL","buildId":"f5832f40-26c0-49b5-a0eb-5b522922e509","buildEnvironmentVariables":{"GOOGLE_NODE_RUN_SCRIPTS":""},"buildName":"projects/832093857842/locations/us-central1/builds/f5832f40-26c0-49b5-a0eb-5b522922e509","dockerRegistry":"ARTIFACT_REGISTRY","automaticUpdatePolicy":{},"buildServiceAccount":"projects/refreshing-website/serviceAccounts/832093857842-compute@developer.gserviceaccount.com","satisfiesPzi":true}]}
[2026-08-10T03:14:29.608Z] Checked if tokens are valid: true, expires at: 1786334449855
[2026-08-10T03:14:29.608Z] Checked if tokens are valid: true, expires at: 1786334449855
[2026-08-10T03:14:29.609Z] >>> [apiv2][query] GET https://cloudfunctions.googleapis.com/v2/projects/refreshing-website/locations/-/functions filter=environment%3D%22GEN_2%22
[2026-08-10T03:14:30.745Z] <<< [apiv2][status] GET https://cloudfunctions.googleapis.com/v2/projects/refreshing-website/locations/-/functions 200
[2026-08-10T03:14:30.745Z] <<< [apiv2][body] GET https://cloudfunctions.googleapis.com/v2/projects/refreshing-website/locations/-/functions {}
[2026-08-10T03:14:30.747Z] Attempting to merge .env secret bindings {} into declared secrets...)}
[2026-08-10T03:14:30.748Z] createInvite declared secrets: [{"key":"EMAIL_API_KEY","secret":"EMAIL_API_KEY","projectId":"refreshing-website"}]
[2026-08-10T03:14:30.748Z] acceptInvite declared secrets: undefined
[2026-08-10T03:14:30.748Z] setUserRole declared secrets: undefined
[2026-08-10T03:14:30.748Z] revokeUserAccess declared secrets: undefined
[2026-08-10T03:14:30.748Z] markCheckedIn declared secrets: undefined
[2026-08-10T03:14:30.748Z] undoCheckIn declared secrets: undefined
[2026-08-10T03:14:30.748Z] syncCheckinView declared secrets: undefined
[2026-08-10T03:14:30.748Z] auditMinistersWrite declared secrets: undefined
[2026-08-10T03:14:30.748Z] auditSessionsWrite declared secrets: undefined
[2026-08-10T03:14:30.749Z] auditAttendeesWrite declared secrets: undefined
[2026-08-10T03:14:30.749Z] purgeTrash declared secrets: undefined
[2026-08-10T03:14:30.749Z] pruneVersionHistory declared secrets: undefined
[2026-08-10T03:14:30.749Z] provisionAdminAccount declared secrets: undefined
i  functions: preparing functions directory for uploading... 
i  functions: packaged C:\Users\HP\Documents\Github\refrshing-website\functions (105.08 KB) for uploading 
[2026-08-10T03:14:30.910Z] Checked if tokens are valid: true, expires at: 1786334449855
[2026-08-10T03:14:30.911Z] Checked if tokens are valid: true, expires at: 1786334449855
[2026-08-10T03:14:30.911Z] >>> [apiv2][query] GET https://firestore.googleapis.com/v1/projects/refreshing-website/databases/(default) [none]
[2026-08-10T03:14:32.404Z] <<< [apiv2][status] GET https://firestore.googleapis.com/v1/projects/refreshing-website/databases/(default) 200
[2026-08-10T03:14:32.404Z] <<< [apiv2][body] GET https://firestore.googleapis.com/v1/projects/refreshing-website/databases/(default) {"name":"projects/refreshing-website/databases/(default)","uid":"3e2a2d90-8083-4eee-976f-ab659e1f4762","createTime":"2026-07-21T18:15:32.051591Z","updateTime":"2026-07-21T18:15:32.051591Z","locationId":"nam5","type":"FIRESTORE_NATIVE","concurrencyMode":"PESSIMISTIC","versionRetentionPeriod":"3600s","earliestVersionTime":"2026-08-10T02:14:31.953603Z","appEngineIntegrationMode":"DISABLED","keyPrefix":"s","pointInTimeRecoveryEnablement":"POINT_IN_TIME_RECOVERY_DISABLED","deleteProtectionState":"DELETE_PROTECTION_DISABLED","databaseEdition":"STANDARD","freeTier":true,"realtimeUpdatesMode":"REALTIME_UPDATES_MODE_ENABLED","etag":"IL/8h4aMlZYDMMPH27S15JUD"}
i  functions: ensuring required API cloudscheduler.googleapis.com is enabled... 
i  functions: ensuring required API secretmanager.googleapis.com is enabled... 
[2026-08-10T03:14:32.409Z] Checked if tokens are valid: true, expires at: 1786334449855
[2026-08-10T03:14:32.409Z] Checked if tokens are valid: true, expires at: 1786334449855
[2026-08-10T03:14:32.410Z] >>> [apiv2][query] GET https://secretmanager.googleapis.com/v1/projects/refreshing-website/secrets/EMAIL_API_KEY/versions/latest [none]
[2026-08-10T03:14:33.455Z] <<< [apiv2][status] GET https://secretmanager.googleapis.com/v1/projects/refreshing-website/secrets/EMAIL_API_KEY/versions/latest 200
[2026-08-10T03:14:33.455Z] <<< [apiv2][body] GET https://secretmanager.googleapis.com/v1/projects/refreshing-website/secrets/EMAIL_API_KEY/versions/latest {"name":"projects/832093857842/secrets/EMAIL_API_KEY/versions/1","createTime":"2026-08-10T02:42:36.567368Z","state":"ENABLED","replicationStatus":{"automatic":{}},"etag":"\"1658a84e978748\""}
[2026-08-10T03:14:33.456Z] Resolved latest secret version of EMAIL_API_KEY to 1.
[2026-08-10T03:14:33.458Z] Checked if tokens are valid: true, expires at: 1786334449855
[2026-08-10T03:14:33.459Z] Checked if tokens are valid: true, expires at: 1786334449855
[2026-08-10T03:14:33.459Z] >>> [apiv2][query] GET https://cloudresourcemanager.googleapis.com/v1/projects/refreshing-website [none]
[2026-08-10T03:14:34.776Z] <<< [apiv2][status] GET https://cloudresourcemanager.googleapis.com/v1/projects/refreshing-website 200
[2026-08-10T03:14:34.776Z] <<< [apiv2][body] GET https://cloudresourcemanager.googleapis.com/v1/projects/refreshing-website {"projectNumber":"832093857842","projectId":"refreshing-website","lifecycleState":"ACTIVE","name":"refreshing-website","labels":{"firebase":"enabled","firebase-core":"disabled"},"createTime":"2026-07-21T18:11:55.357Z"}
i  functions: ensuring refreshing-website@appspot.gserviceaccount.com access to secret EMAIL_API_KEY. 
[2026-08-10T03:14:34.777Z] Checked if tokens are valid: true, expires at: 1786334449855
[2026-08-10T03:14:34.777Z] Checked if tokens are valid: true, expires at: 1786334449855
[2026-08-10T03:14:34.777Z] >>> [apiv2][query] GET https://secretmanager.googleapis.com/v1/projects/refreshing-website/secrets/EMAIL_API_KEY:getIamPolicy [none]
[2026-08-10T03:14:35.283Z] <<< [apiv2][status] GET https://secretmanager.googleapis.com/v1/projects/refreshing-website/secrets/EMAIL_API_KEY:getIamPolicy 200
[2026-08-10T03:14:35.283Z] <<< [apiv2][body] GET https://secretmanager.googleapis.com/v1/projects/refreshing-website/secrets/EMAIL_API_KEY:getIamPolicy {"etag":"ACAB"}
[2026-08-10T03:14:35.284Z] Checked if tokens are valid: true, expires at: 1786334449855
[2026-08-10T03:14:35.284Z] Checked if tokens are valid: true, expires at: 1786334449855
[2026-08-10T03:14:35.284Z] >>> [apiv2][query] POST https://secretmanager.googleapis.com/v1/projects/refreshing-website/secrets/EMAIL_API_KEY:setIamPolicy [none]
[2026-08-10T03:14:35.284Z] >>> [apiv2][body] POST https://secretmanager.googleapis.com/v1/projects/refreshing-website/secrets/EMAIL_API_KEY:setIamPolicy {"policy":{"bindings":[{"role":"roles/secretmanager.secretAccessor","members":["serviceAccount:refreshing-website@appspot.gserviceaccount.com"]}]},"updateMask":"bindings"}
[2026-08-10T03:14:35.990Z] <<< [apiv2][status] POST https://secretmanager.googleapis.com/v1/projects/refreshing-website/secrets/EMAIL_API_KEY:setIamPolicy 200
[2026-08-10T03:14:35.990Z] <<< [apiv2][body] POST https://secretmanager.googleapis.com/v1/projects/refreshing-website/secrets/EMAIL_API_KEY:setIamPolicy {"version":1,"etag":"BwZYqMD4dzY=","bindings":[{"role":"roles/secretmanager.secretAccessor","members":["serviceAccount:refreshing-website@appspot.gserviceaccount.com"]}]}
+  secretmanager: Granted roles/secretmanager.secretAccessor on projects/refreshing-website/secrets/EMAIL_API_KEY to refreshing-website@appspot.gserviceaccount.com 
+  functions: ensured refreshing-website@appspot.gserviceaccount.com access to EMAIL_API_KEY. 
[2026-08-10T03:14:35.992Z] Checked if tokens are valid: true, expires at: 1786334449855
[2026-08-10T03:14:35.993Z] Checked if tokens are valid: true, expires at: 1786334449855
[2026-08-10T03:14:35.993Z] >>> [apiv2][query] POST https://cloudfunctions.googleapis.com/v1/projects/refreshing-website/locations/us-central1/functions:generateUploadUrl [none]
[2026-08-10T03:14:35.993Z] >>> [apiv2][body] POST https://cloudfunctions.googleapis.com/v1/projects/refreshing-website/locations/us-central1/functions:generateUploadUrl {}
[2026-08-10T03:14:36.868Z] <<< [apiv2][status] POST https://cloudfunctions.googleapis.com/v1/projects/refreshing-website/locations/us-central1/functions:generateUploadUrl 200
[2026-08-10T03:14:36.869Z] <<< [apiv2][body] POST https://cloudfunctions.googleapis.com/v1/projects/refreshing-website/locations/us-central1/functions:generateUploadUrl {"uploadUrl":"https://storage.googleapis.com/uploads-836972235469.us-central1.cloudfunctions.appspot.com/d25e375b-b285-4ae6-92e7-2788b17d669c.zip?GoogleAccessId=service-832093857842@gcf-admin-robot.iam.gserviceaccount.com&Expires=1786333476&Signature=vodKr4jEv8OxG2kgtja5bkjca7lc4oW09Rk0uIElcJWMVvGfHW3uZTtf0Pxaa9GxMn8AMyP29kWMN9T5upIvLBuEwjRBEITXuHhGqefqzbyP995sP%2FwVvGjBen%2FRGzS8u0F12UgYd%2B6vfLlhqyiKHsaJd1XlNcOVZH5%2BKvMKO3A719qEdkg8Tv8sn%2F7n8PLZFCYQBZr53ba2f1Ap6poBC%2F3XWkvGpzx6V1xj%2F7EwWkOE%2Flk24kM%2F9rpvQ2EESgJWOfdwoBhFXmz8XxdR3comtFOtedwxI99qUzVIOU6uhTBZwOGE3LlH8G7NPmspxSBdg1FRMa5CjozRjP1w4n7c4A%3D%3D"}
[2026-08-10T03:14:36.870Z] >>> [apiv2][query] PUT https://storage.googleapis.com/uploads-836972235469.us-central1.cloudfunctions.appspot.com/d25e375b-b285-4ae6-92e7-2788b17d669c.zip GoogleAccessId=service-832093857842%40gcf-admin-robot.iam.gserviceaccount.com&Expires=1786333476&Signature=vodKr4jEv8OxG2kgtja5bkjca7lc4oW09Rk0uIElcJWMVvGfHW3uZTtf0Pxaa9GxMn8AMyP29kWMN9T5upIvLBuEwjRBEITXuHhGqefqzbyP995sP%2FwVvGjBen%2FRGzS8u0F12UgYd%2B6vfLlhqyiKHsaJd1XlNcOVZH5%2BKvMKO3A719qEdkg8Tv8sn%2F7n8PLZFCYQBZr53ba2f1Ap6poBC%2F3XWkvGpzx6V1xj%2F7EwWkOE%2Flk24kM%2F9rpvQ2EESgJWOfdwoBhFXmz8XxdR3comtFOtedwxI99qUzVIOU6uhTBZwOGE3LlH8G7NPmspxSBdg1FRMa5CjozRjP1w4n7c4A%3D%3D
[2026-08-10T03:14:36.870Z] >>> [apiv2][body] PUT https://storage.googleapis.com/uploads-836972235469.us-central1.cloudfunctions.appspot.com/d25e375b-b285-4ae6-92e7-2788b17d669c.zip [stream]
[2026-08-10T03:14:38.034Z] <<< [apiv2][status] PUT https://storage.googleapis.com/uploads-836972235469.us-central1.cloudfunctions.appspot.com/d25e375b-b285-4ae6-92e7-2788b17d669c.zip 200
[2026-08-10T03:14:38.035Z] <<< [apiv2][body] PUT https://storage.googleapis.com/uploads-836972235469.us-central1.cloudfunctions.appspot.com/d25e375b-b285-4ae6-92e7-2788b17d669c.zip [omitted]
+  functions: functions source uploaded successfully 
i  functions: updating Node.js 20 (1st Gen) function createInvite(us-central1)... 
i  functions: updating Node.js 20 (1st Gen) function acceptInvite(us-central1)... 
i  functions: updating Node.js 20 (1st Gen) function setUserRole(us-central1)... 
i  functions: updating Node.js 20 (1st Gen) function revokeUserAccess(us-central1)... 
i  functions: updating Node.js 20 (1st Gen) function markCheckedIn(us-central1)... 
i  functions: updating Node.js 20 (1st Gen) function undoCheckIn(us-central1)... 
i  functions: updating Node.js 20 (1st Gen) function syncCheckinView(us-central1)... 
i  functions: updating Node.js 20 (1st Gen) function auditMinistersWrite(us-central1)... 
i  functions: updating Node.js 20 (1st Gen) function auditSessionsWrite(us-central1)... 
i  functions: updating Node.js 20 (1st Gen) function auditAttendeesWrite(us-central1)... 
i  functions: updating Node.js 20 (1st Gen) function purgeTrash(us-central1)... 
i  functions: updating Node.js 20 (1st Gen) function pruneVersionHistory(us-central1)... 
i  functions: updating Node.js 20 (1st Gen) function provisionAdminAccount(us-central1)... 
[2026-08-10T03:14:38.043Z] Checked if tokens are valid: true, expires at: 1786334449855
[2026-08-10T03:14:38.043Z] Checked if tokens are valid: true, expires at: 1786334449855
[2026-08-10T03:14:38.043Z] >>> [apiv2][query] PATCH https://cloudfunctions.googleapis.com/v1/projects/refreshing-website/locations/us-central1/functions/createInvite updateMask=name%2CsourceUploadUrl%2CentryPoint%2Cruntime%2CdockerRegistry%2Clabels%2ChttpsTrigger.securityLevel%2CminInstances%2CmaxInstances%2CingressSettings%2CenvironmentVariables%2CsecretEnvironmentVariables%2CserviceAccountEmail%2CavailableMemoryMb%2Ctimeout%2CvpcConnector%2CvpcConnectorEgressSettings%2CsourceToken%2CbuildEnvironmentVariables
[2026-08-10T03:14:38.043Z] >>> [apiv2][body] PATCH https://cloudfunctions.googleapis.com/v1/projects/refreshing-website/locations/us-central1/functions/createInvite {"name":"projects/refreshing-website/locations/us-central1/functions/createInvite","sourceUploadUrl":"https://storage.googleapis.com/uploads-836972235469.us-central1.cloudfunctions.appspot.com/d25e375b-b285-4ae6-92e7-2788b17d669c.zip?GoogleAccessId=service-832093857842@gcf-admin-robot.iam.gserviceaccount.com&Expires=1786333476&Signature=vodKr4jEv8OxG2kgtja5bkjca7lc4oW09Rk0uIElcJWMVvGfHW3uZTtf0Pxaa9GxMn8AMyP29kWMN9T5upIvLBuEwjRBEITXuHhGqefqzbyP995sP%2FwVvGjBen%2FRGzS8u0F12UgYd%2B6vfLlhqyiKHsaJd1XlNcOVZH5%2BKvMKO3A719qEdkg8Tv8sn%2F7n8PLZFCYQBZr53ba2f1Ap6poBC%2F3XWkvGpzx6V1xj%2F7EwWkOE%2Flk24kM%2F9rpvQ2EESgJWOfdwoBhFXmz8XxdR3comtFOtedwxI99qUzVIOU6uhTBZwOGE3LlH8G7NPmspxSBdg1FRMa5CjozRjP1w4n7c4A%3D%3D","entryPoint":"createInvite","runtime":"nodejs20","dockerRegistry":"ARTIFACT_REGISTRY","labels":{"deployment-tool":"cli-firebase","deployment-callable":"true","firebase-functions-hash":"fd8dcf7cb78b07320b04390e661a2227bbaf8243"},"httpsTrigger":{"securityLevel":"SECURE_ALWAYS"},"minInstances":null,"maxInstances":null,"ingressSettings":null,"environmentVariables":{"FIREBASE_CONFIG":"{\"projectId\":\"refreshing-website\",\"storageBucket\":\"refreshing-website.firebasestorage.app\"}","GCLOUD_PROJECT":"refreshing-website","EVENTARC_CLOUD_EVENT_SOURCE":"projects/refreshing-website/locations/us-central1/functions/createInvite"},"secretEnvironmentVariables":[{"key":"EMAIL_API_KEY","secret":"EMAIL_API_KEY","projectId":"refreshing-website","version":"1"}],"serviceAccountEmail":null,"availableMemoryMb":null,"timeout":null,"vpcConnector":null,"vpcConnectorEgressSettings":null,"buildEnvironmentVariables":{"GOOGLE_NODE_RUN_SCRIPTS":""}}
[2026-08-10T03:14:38.735Z] <<< [apiv2][status] PATCH https://cloudfunctions.googleapis.com/v1/projects/refreshing-website/locations/us-central1/functions/createInvite 200
[2026-08-10T03:14:38.735Z] <<< [apiv2][body] PATCH https://cloudfunctions.googleapis.com/v1/projects/refreshing-website/locations/us-central1/functions/createInvite {"name":"operations/cmVmcmVzaGluZy13ZWJzaXRlL3VzLWNlbnRyYWwxL2NyZWF0ZUludml0ZS95N1Fqb1o3TTQ1Yw","metadata":{"@type":"type.googleapis.com/google.cloud.functions.v1.OperationMetadataV1","target":"projects/refreshing-website/locations/us-central1/functions/createInvite","type":"UPDATE_FUNCTION","request":{"@type":"type.googleapis.com/google.cloud.functions.v1.CloudFunction","name":"projects/refreshing-website/locations/us-central1/functions/createInvite","httpsTrigger":{"url":"https://us-central1-refreshing-website.cloudfunctions.net/createInvite","securityLevel":"SECURE_ALWAYS"},"status":"ACTIVE","entryPoint":"createInvite","updateTime":"2026-08-10T03:12:28.857Z","versionId":"5","labels":{"deployment-tool":"cli-firebase","deployment-callable":"true","firebase-functions-hash":"fd8dcf7cb78b07320b04390e661a2227bbaf8243"},"sourceUploadUrl":"https://storage.googleapis.com/uploads-836972235469.us-central1.cloudfunctions.appspot.com/d25e375b-b285-4ae6-92e7-2788b17d669c.zip?GoogleAccessId=service-832093857842@gcf-admin-robot.iam.gserviceaccount.com&Expires=1786333476&Signature=vodKr4jEv8OxG2kgtja5bkjca7lc4oW09Rk0uIElcJWMVvGfHW3uZTtf0Pxaa9GxMn8AMyP29kWMN9T5upIvLBuEwjRBEITXuHhGqefqzbyP995sP%2FwVvGjBen%2FRGzS8u0F12UgYd%2B6vfLlhqyiKHsaJd1XlNcOVZH5%2BKvMKO3A719qEdkg8Tv8sn%2F7n8PLZFCYQBZr53ba2f1Ap6poBC%2F3XWkvGpzx6V1xj%2F7EwWkOE%2Flk24kM%2F9rpvQ2EESgJWOfdwoBhFXmz8XxdR3comtFOtedwxI99qUzVIOU6uhTBZwOGE3LlH8G7NPmspxSBdg1FRMa5CjozRjP1w4n7c4A%3D%3D","environmentVariables":{"FIREBASE_CONFIG":"{\"projectId\":\"refreshing-website\",\"storageBucket\":\"refreshing-website.firebasestorage.app\"}","GCLOUD_PROJECT":"refreshing-website","EVENTARC_CLOUD_EVENT_SOURCE":"projects/refreshing-website/locations/us-central1/functions/createInvite"},"runtime":"nodejs20","buildId":"f5832f40-26c0-49b5-a0eb-5b522922e509","buildEnvironmentVariables":{"GOOGLE_NODE_RUN_SCRIPTS":""},"secretEnvironmentVariables":[{"key":"EMAIL_API_KEY","projectId":"refreshing-website","secret":"EMAIL_API_KEY","version":"1"}],"buildName":"projects/832093857842/locations/us-central1/builds/f5832f40-26c0-49b5-a0eb-5b522922e509","dockerRegistry":"ARTIFACT_REGISTRY","automaticUpdatePolicy":{},"buildServiceAccount":"projects/refreshing-website/serviceAccounts/832093857842-compute@developer.gserviceaccount.com"},"versionId":"6","updateTime":"2026-08-10T03:14:38Z"}}
[2026-08-10T03:14:38.735Z] Checked if tokens are valid: true, expires at: 1786334449855
[2026-08-10T03:14:38.736Z] Checked if tokens are valid: true, expires at: 1786334449855
[2026-08-10T03:14:38.736Z] >>> [apiv2][query] GET https://cloudfunctions.googleapis.com/v1/operations/cmVmcmVzaGluZy13ZWJzaXRlL3VzLWNlbnRyYWwxL2NyZWF0ZUludml0ZS95N1Fqb1o3TTQ1Yw [none]
[2026-08-10T03:14:39.092Z] <<< [apiv2][status] GET https://cloudfunctions.googleapis.com/v1/operations/cmVmcmVzaGluZy13ZWJzaXRlL3VzLWNlbnRyYWwxL2NyZWF0ZUludml0ZS95N1Fqb1o3TTQ1Yw 200
[2026-08-10T03:14:39.092Z] <<< [apiv2][body] GET https://cloudfunctions.googleapis.com/v1/operations/cmVmcmVzaGluZy13ZWJzaXRlL3VzLWNlbnRyYWwxL2NyZWF0ZUludml0ZS95N1Fqb1o3TTQ1Yw {"name":"operations/cmVmcmVzaGluZy13ZWJzaXRlL3VzLWNlbnRyYWwxL2NyZWF0ZUludml0ZS95N1Fqb1o3TTQ1Yw","metadata":{"@type":"type.googleapis.com/google.cloud.functions.v1.OperationMetadataV1","target":"projects/refreshing-website/locations/us-central1/functions/createInvite","type":"UPDATE_FUNCTION","request":{"@type":"type.googleapis.com/google.cloud.functions.v1.CloudFunction","name":"projects/refreshing-website/locations/us-central1/functions/createInvite","httpsTrigger":{"url":"https://us-central1-refreshing-website.cloudfunctions.net/createInvite","securityLevel":"SECURE_ALWAYS"},"status":"ACTIVE","entryPoint":"createInvite","updateTime":"2026-08-10T03:12:28.857Z","versionId":"5","labels":{"deployment-tool":"cli-firebase","deployment-callable":"true","firebase-functions-hash":"fd8dcf7cb78b07320b04390e661a2227bbaf8243"},"sourceUploadUrl":"https://storage.googleapis.com/uploads-836972235469.us-central1.cloudfunctions.appspot.com/d25e375b-b285-4ae6-92e7-2788b17d669c.zip?GoogleAccessId=service-832093857842@gcf-admin-robot.iam.gserviceaccount.com&Expires=1786333476&Signature=vodKr4jEv8OxG2kgtja5bkjca7lc4oW09Rk0uIElcJWMVvGfHW3uZTtf0Pxaa9GxMn8AMyP29kWMN9T5upIvLBuEwjRBEITXuHhGqefqzbyP995sP%2FwVvGjBen%2FRGzS8u0F12UgYd%2B6vfLlhqyiKHsaJd1XlNcOVZH5%2BKvMKO3A719qEdkg8Tv8sn%2F7n8PLZFCYQBZr53ba2f1Ap6poBC%2F3XWkvGpzx6V1xj%2F7EwWkOE%2Flk24kM%2F9rpvQ2EESgJWOfdwoBhFXmz8XxdR3comtFOtedwxI99qUzVIOU6uhTBZwOGE3LlH8G7NPmspxSBdg1FRMa5CjozRjP1w4n7c4A%3D%3D","environmentVariables":{"FIREBASE_CONFIG":"{\"projectId\":\"refreshing-website\",\"storageBucket\":\"refreshing-website.firebasestorage.app\"}","GCLOUD_PROJECT":"refreshing-website","EVENTARC_CLOUD_EVENT_SOURCE":"projects/refreshing-website/locations/us-central1/functions/createInvite"},"runtime":"nodejs20","buildId":"f5832f40-26c0-49b5-a0eb-5b522922e509","buildEnvironmentVariables":{"GOOGLE_NODE_RUN_SCRIPTS":""},"secretEnvironmentVariables":[{"key":"EMAIL_API_KEY","projectId":"refreshing-website","secret":"EMAIL_API_KEY","version":"1"}],"buildName":"projects/832093857842/locations/us-central1/builds/f5832f40-26c0-49b5-a0eb-5b522922e509","dockerRegistry":"ARTIFACT_REGISTRY","automaticUpdatePolicy":{},"buildServiceAccount":"projects/refreshing-website/serviceAccounts/832093857842-compute@developer.gserviceaccount.com"},"versionId":"6","updateTime":"2026-08-10T03:14:38Z"}}
[2026-08-10T03:14:39.593Z] [update-default-us-central1-createInvite] Retrying task index 0
[2026-08-10T03:14:39.593Z] Checked if tokens are valid: true, expires at: 1786334449855
[2026-08-10T03:14:39.593Z] Checked if tokens are valid: true, expires at: 1786334449855
[2026-08-10T03:14:39.594Z] >>> [apiv2][query] GET https://cloudfunctions.googleapis.com/v1/operations/cmVmcmVzaGluZy13ZWJzaXRlL3VzLWNlbnRyYWwxL2NyZWF0ZUludml0ZS95N1Fqb1o3TTQ1Yw [none]
[2026-08-10T03:14:39.939Z] <<< [apiv2][status] GET https://cloudfunctions.googleapis.com/v1/operations/cmVmcmVzaGluZy13ZWJzaXRlL3VzLWNlbnRyYWwxL2NyZWF0ZUludml0ZS95N1Fqb1o3TTQ1Yw 200
[2026-08-10T03:14:39.939Z] <<< [apiv2][body] GET https://cloudfunctions.googleapis.com/v1/operations/cmVmcmVzaGluZy13ZWJzaXRlL3VzLWNlbnRyYWwxL2NyZWF0ZUludml0ZS95N1Fqb1o3TTQ1Yw {"name":"operations/cmVmcmVzaGluZy13ZWJzaXRlL3VzLWNlbnRyYWwxL2NyZWF0ZUludml0ZS95N1Fqb1o3TTQ1Yw","metadata":{"@type":"type.googleapis.com/google.cloud.functions.v1.OperationMetadataV1","target":"projects/refreshing-website/locations/us-central1/functions/createInvite","type":"UPDATE_FUNCTION","request":{"@type":"type.googleapis.com/google.cloud.functions.v1.CloudFunction","name":"projects/refreshing-website/locations/us-central1/functions/createInvite","httpsTrigger":{"url":"https://us-central1-refreshing-website.cloudfunctions.net/createInvite","securityLevel":"SECURE_ALWAYS"},"status":"ACTIVE","entryPoint":"createInvite","updateTime":"2026-08-10T03:12:28.857Z","versionId":"5","labels":{"deployment-tool":"cli-firebase","deployment-callable":"true","firebase-functions-hash":"fd8dcf7cb78b07320b04390e661a2227bbaf8243"},"sourceUploadUrl":"https://storage.googleapis.com/uploads-836972235469.us-central1.cloudfunctions.appspot.com/d25e375b-b285-4ae6-92e7-2788b17d669c.zip?GoogleAccessId=service-832093857842@gcf-admin-robot.iam.gserviceaccount.com&Expires=1786333476&Signature=vodKr4jEv8OxG2kgtja5bkjca7lc4oW09Rk0uIElcJWMVvGfHW3uZTtf0Pxaa9GxMn8AMyP29kWMN9T5upIvLBuEwjRBEITXuHhGqefqzbyP995sP%2FwVvGjBen%2FRGzS8u0F12UgYd%2B6vfLlhqyiKHsaJd1XlNcOVZH5%2BKvMKO3A719qEdkg8Tv8sn%2F7n8PLZFCYQBZr53ba2f1Ap6poBC%2F3XWkvGpzx6V1xj%2F7EwWkOE%2Flk24kM%2F9rpvQ2EESgJWOfdwoBhFXmz8XxdR3comtFOtedwxI99qUzVIOU6uhTBZwOGE3LlH8G7NPmspxSBdg1FRMa5CjozRjP1w4n7c4A%3D%3D","environmentVariables":{"FIREBASE_CONFIG":"{\"projectId\":\"refreshing-website\",\"storageBucket\":\"refreshing-website.firebasestorage.app\"}","GCLOUD_PROJECT":"refreshing-website","EVENTARC_CLOUD_EVENT_SOURCE":"projects/refreshing-website/locations/us-central1/functions/createInvite"},"runtime":"nodejs20","buildId":"f5832f40-26c0-49b5-a0eb-5b522922e509","buildEnvironmentVariables":{"GOOGLE_NODE_RUN_SCRIPTS":""},"secretEnvironmentVariables":[{"key":"EMAIL_API_KEY","projectId":"refreshing-website","secret":"EMAIL_API_KEY","version":"1"}],"buildName":"projects/832093857842/locations/us-central1/builds/f5832f40-26c0-49b5-a0eb-5b522922e509","dockerRegistry":"ARTIFACT_REGISTRY","automaticUpdatePolicy":{},"buildServiceAccount":"projects/refreshing-website/serviceAccounts/832093857842-compute@developer.gserviceaccount.com"},"versionId":"6","updateTime":"2026-08-10T03:14:38Z","buildId":"8396bccd-d1fd-4519-bbd2-33cc12b1fb18","buildName":"projects/832093857842/locations/us-central1/builds/8396bccd-d1fd-4519-bbd2-33cc12b1fb18"}}
[2026-08-10T03:14:40.940Z] [update-default-us-central1-createInvite] Retrying task index 0
[2026-08-10T03:14:40.940Z] Checked if tokens are valid: true, expires at: 1786334449855
[2026-08-10T03:14:40.940Z] Checked if tokens are valid: true, expires at: 1786334449855
[2026-08-10T03:14:40.940Z] >>> [apiv2][query] GET https://cloudfunctions.googleapis.com/v1/operations/cmVmcmVzaGluZy13ZWJzaXRlL3VzLWNlbnRyYWwxL2NyZWF0ZUludml0ZS95N1Fqb1o3TTQ1Yw [none]
[2026-08-10T03:14:41.254Z] <<< [apiv2][status] GET https://cloudfunctions.googleapis.com/v1/operations/cmVmcmVzaGluZy13ZWJzaXRlL3VzLWNlbnRyYWwxL2NyZWF0ZUludml0ZS95N1Fqb1o3TTQ1Yw 200
[2026-08-10T03:14:41.257Z] <<< [apiv2][body] GET https://cloudfunctions.googleapis.com/v1/operations/cmVmcmVzaGluZy13ZWJzaXRlL3VzLWNlbnRyYWwxL2NyZWF0ZUludml0ZS95N1Fqb1o3TTQ1Yw {"name":"operations/cmVmcmVzaGluZy13ZWJzaXRlL3VzLWNlbnRyYWwxL2NyZWF0ZUludml0ZS95N1Fqb1o3TTQ1Yw","metadata":{"@type":"type.googleapis.com/google.cloud.functions.v1.OperationMetadataV1","target":"projects/refreshing-website/locations/us-central1/functions/createInvite","type":"UPDATE_FUNCTION","request":{"@type":"type.googleapis.com/google.cloud.functions.v1.CloudFunction","name":"projects/refreshing-website/locations/us-central1/functions/createInvite","httpsTrigger":{"url":"https://us-central1-refreshing-website.cloudfunctions.net/createInvite","securityLevel":"SECURE_ALWAYS"},"status":"ACTIVE","entryPoint":"createInvite","updateTime":"2026-08-10T03:12:28.857Z","versionId":"5","labels":{"deployment-tool":"cli-firebase","deployment-callable":"true","firebase-functions-hash":"fd8dcf7cb78b07320b04390e661a2227bbaf8243"},"sourceUploadUrl":"https://storage.googleapis.com/uploads-836972235469.us-central1.cloudfunctions.appspot.com/d25e375b-b285-4ae6-92e7-2788b17d669c.zip?GoogleAccessId=service-832093857842@gcf-admin-robot.iam.gserviceaccount.com&Expires=1786333476&Signature=vodKr4jEv8OxG2kgtja5bkjca7lc4oW09Rk0uIElcJWMVvGfHW3uZTtf0Pxaa9GxMn8AMyP29kWMN9T5upIvLBuEwjRBEITXuHhGqefqzbyP995sP%2FwVvGjBen%2FRGzS8u0F12UgYd%2B6vfLlhqyiKHsaJd1XlNcOVZH5%2BKvMKO3A719qEdkg8Tv8sn%2F7n8PLZFCYQBZr53ba2f1Ap6poBC%2F3XWkvGpzx6V1xj%2F7EwWkOE%2Flk24kM%2F9rpvQ2EESgJWOfdwoBhFXmz8XxdR3comtFOtedwxI99qUzVIOU6uhTBZwOGE3LlH8G7NPmspxSBdg1FRMa5CjozRjP1w4n7c4A%3D%3D","environmentVariables":{"FIREBASE_CONFIG":"{\"projectId\":\"refreshing-website\",\"storageBucket\":\"refreshing-website.firebasestorage.app\"}","GCLOUD_PROJECT":"refreshing-website","EVENTARC_CLOUD_EVENT_SOURCE":"projects/refreshing-website/locations/us-central1/functions/createInvite"},"runtime":"nodejs20","buildId":"f5832f40-26c0-49b5-a0eb-5b522922e509","buildEnvironmentVariables":{"GOOGLE_NODE_RUN_SCRIPTS":""},"secretEnvironmentVariables":[{"key":"EMAIL_API_KEY","projectId":"refreshing-website","secret":"EMAIL_API_KEY","version":"1"}],"buildName":"projects/832093857842/locations/us-central1/builds/f5832f40-26c0-49b5-a0eb-5b522922e509","dockerRegistry":"ARTIFACT_REGISTRY","automaticUpdatePolicy":{},"buildServiceAccount":"projects/refreshing-website/serviceAccounts/832093857842-compute@developer.gserviceaccount.com"},"versionId":"6","updateTime":"2026-08-10T03:14:38Z","buildId":"8396bccd-d1fd-4519-bbd2-33cc12b1fb18","buildName":"projects/832093857842/locations/us-central1/builds/8396bccd-d1fd-4519-bbd2-33cc12b1fb18"}}
[2026-08-10T03:14:43.260Z] [update-default-us-central1-createInvite] Retrying task index 0
[2026-08-10T03:14:43.261Z] Checked if tokens are valid: true, expires at: 1786334449855
[2026-08-10T03:14:43.262Z] Checked if tokens are valid: true, expires at: 1786334449855
[2026-08-10T03:14:43.262Z] >>> [apiv2][query] GET https://cloudfunctions.googleapis.com/v1/operations/cmVmcmVzaGluZy13ZWJzaXRlL3VzLWNlbnRyYWwxL2NyZWF0ZUludml0ZS95N1Fqb1o3TTQ1Yw [none]
[2026-08-10T03:14:43.632Z] <<< [apiv2][status] GET https://cloudfunctions.googleapis.com/v1/operations/cmVmcmVzaGluZy13ZWJzaXRlL3VzLWNlbnRyYWwxL2NyZWF0ZUludml0ZS95N1Fqb1o3TTQ1Yw 200
[2026-08-10T03:14:43.632Z] <<< [apiv2][body] GET https://cloudfunctions.googleapis.com/v1/operations/cmVmcmVzaGluZy13ZWJzaXRlL3VzLWNlbnRyYWwxL2NyZWF0ZUludml0ZS95N1Fqb1o3TTQ1Yw {"name":"operations/cmVmcmVzaGluZy13ZWJzaXRlL3VzLWNlbnRyYWwxL2NyZWF0ZUludml0ZS95N1Fqb1o3TTQ1Yw","metadata":{"@type":"type.googleapis.com/google.cloud.functions.v1.OperationMetadataV1","target":"projects/refreshing-website/locations/us-central1/functions/createInvite","type":"UPDATE_FUNCTION","request":{"@type":"type.googleapis.com/google.cloud.functions.v1.CloudFunction","name":"projects/refreshing-website/locations/us-central1/functions/createInvite","httpsTrigger":{"url":"https://us-central1-refreshing-website.cloudfunctions.net/createInvite","securityLevel":"SECURE_ALWAYS"},"status":"ACTIVE","entryPoint":"createInvite","updateTime":"2026-08-10T03:12:28.857Z","versionId":"5","labels":{"deployment-tool":"cli-firebase","deployment-callable":"true","firebase-functions-hash":"fd8dcf7cb78b07320b04390e661a2227bbaf8243"},"sourceUploadUrl":"https://storage.googleapis.com/uploads-836972235469.us-central1.cloudfunctions.appspot.com/d25e375b-b285-4ae6-92e7-2788b17d669c.zip?GoogleAccessId=service-832093857842@gcf-admin-robot.iam.gserviceaccount.com&Expires=1786333476&Signature=vodKr4jEv8OxG2kgtja5bkjca7lc4oW09Rk0uIElcJWMVvGfHW3uZTtf0Pxaa9GxMn8AMyP29kWMN9T5upIvLBuEwjRBEITXuHhGqefqzbyP995sP%2FwVvGjBen%2FRGzS8u0F12UgYd%2B6vfLlhqyiKHsaJd1XlNcOVZH5%2BKvMKO3A719qEdkg8Tv8sn%2F7n8PLZFCYQBZr53ba2f1Ap6poBC%2F3XWkvGpzx6V1xj%2F7EwWkOE%2Flk24kM%2F9rpvQ2EESgJWOfdwoBhFXmz8XxdR3comtFOtedwxI99qUzVIOU6uhTBZwOGE3LlH8G7NPmspxSBdg1FRMa5CjozRjP1w4n7c4A%3D%3D","environmentVariables":{"FIREBASE_CONFIG":"{\"projectId\":\"refreshing-website\",\"storageBucket\":\"refreshing-website.firebasestorage.app\"}","GCLOUD_PROJECT":"refreshing-website","EVENTARC_CLOUD_EVENT_SOURCE":"projects/refreshing-website/locations/us-central1/functions/createInvite"},"runtime":"nodejs20","buildId":"f5832f40-26c0-49b5-a0eb-5b522922e509","buildEnvironmentVariables":{"GOOGLE_NODE_RUN_SCRIPTS":""},"secretEnvironmentVariables":[{"key":"EMAIL_API_KEY","projectId":"refreshing-website","secret":"EMAIL_API_KEY","version":"1"}],"buildName":"projects/832093857842/locations/us-central1/builds/f5832f40-26c0-49b5-a0eb-5b522922e509","dockerRegistry":"ARTIFACT_REGISTRY","automaticUpdatePolicy":{},"buildServiceAccount":"projects/refreshing-website/serviceAccounts/832093857842-compute@developer.gserviceaccount.com"},"versionId":"6","updateTime":"2026-08-10T03:14:38Z","buildId":"8396bccd-d1fd-4519-bbd2-33cc12b1fb18","buildName":"projects/832093857842/locations/us-central1/builds/8396bccd-d1fd-4519-bbd2-33cc12b1fb18"}}
[2026-08-10T03:14:47.633Z] [update-default-us-central1-createInvite] Retrying task index 0
[2026-08-10T03:14:47.634Z] Checked if tokens are valid: true, expires at: 1786334449855
[2026-08-10T03:14:47.634Z] Checked if tokens are valid: true, expires at: 1786334449855
[2026-08-10T03:14:47.634Z] >>> [apiv2][query] GET https://cloudfunctions.googleapis.com/v1/operations/cmVmcmVzaGluZy13ZWJzaXRlL3VzLWNlbnRyYWwxL2NyZWF0ZUludml0ZS95N1Fqb1o3TTQ1Yw [none]
[2026-08-10T03:14:48.102Z] <<< [apiv2][status] GET https://cloudfunctions.googleapis.com/v1/operations/cmVmcmVzaGluZy13ZWJzaXRlL3VzLWNlbnRyYWwxL2NyZWF0ZUludml0ZS95N1Fqb1o3TTQ1Yw 200
[2026-08-10T03:14:48.102Z] <<< [apiv2][body] GET https://cloudfunctions.googleapis.com/v1/operations/cmVmcmVzaGluZy13ZWJzaXRlL3VzLWNlbnRyYWwxL2NyZWF0ZUludml0ZS95N1Fqb1o3TTQ1Yw {"name":"operations/cmVmcmVzaGluZy13ZWJzaXRlL3VzLWNlbnRyYWwxL2NyZWF0ZUludml0ZS95N1Fqb1o3TTQ1Yw","metadata":{"@type":"type.googleapis.com/google.cloud.functions.v1.OperationMetadataV1","target":"projects/refreshing-website/locations/us-central1/functions/createInvite","type":"UPDATE_FUNCTION","request":{"@type":"type.googleapis.com/google.cloud.functions.v1.CloudFunction","name":"projects/refreshing-website/locations/us-central1/functions/createInvite","httpsTrigger":{"url":"https://us-central1-refreshing-website.cloudfunctions.net/createInvite","securityLevel":"SECURE_ALWAYS"},"status":"ACTIVE","entryPoint":"createInvite","updateTime":"2026-08-10T03:12:28.857Z","versionId":"5","labels":{"deployment-tool":"cli-firebase","deployment-callable":"true","firebase-functions-hash":"fd8dcf7cb78b07320b04390e661a2227bbaf8243"},"sourceUploadUrl":"https://storage.googleapis.com/uploads-836972235469.us-central1.cloudfunctions.appspot.com/d25e375b-b285-4ae6-92e7-2788b17d669c.zip?GoogleAccessId=service-832093857842@gcf-admin-robot.iam.gserviceaccount.com&Expires=1786333476&Signature=vodKr4jEv8OxG2kgtja5bkjca7lc4oW09Rk0uIElcJWMVvGfHW3uZTtf0Pxaa9GxMn8AMyP29kWMN9T5upIvLBuEwjRBEITXuHhGqefqzbyP995sP%2FwVvGjBen%2FRGzS8u0F12UgYd%2B6vfLlhqyiKHsaJd1XlNcOVZH5%2BKvMKO3A719qEdkg8Tv8sn%2F7n8PLZFCYQBZr53ba2f1Ap6poBC%2F3XWkvGpzx6V1xj%2F7EwWkOE%2Flk24kM%2F9rpvQ2EESgJWOfdwoBhFXmz8XxdR3comtFOtedwxI99qUzVIOU6uhTBZwOGE3LlH8G7NPmspxSBdg1FRMa5CjozRjP1w4n7c4A%3D%3D","environmentVariables":{"FIREBASE_CONFIG":"{\"projectId\":\"refreshing-website\",\"storageBucket\":\"refreshing-website.firebasestorage.app\"}","GCLOUD_PROJECT":"refreshing-website","EVENTARC_CLOUD_EVENT_SOURCE":"projects/refreshing-website/locations/us-central1/functions/createInvite"},"runtime":"nodejs20","buildId":"f5832f40-26c0-49b5-a0eb-5b522922e509","buildEnvironmentVariables":{"GOOGLE_NODE_RUN_SCRIPTS":""},"secretEnvironmentVariables":[{"key":"EMAIL_API_KEY","projectId":"refreshing-website","secret":"EMAIL_API_KEY","version":"1"}],"buildName":"projects/832093857842/locations/us-central1/builds/f5832f40-26c0-49b5-a0eb-5b522922e509","dockerRegistry":"ARTIFACT_REGISTRY","automaticUpdatePolicy":{},"buildServiceAccount":"projects/refreshing-website/serviceAccounts/832093857842-compute@developer.gserviceaccount.com"},"versionId":"6","updateTime":"2026-08-10T03:14:38Z","buildId":"8396bccd-d1fd-4519-bbd2-33cc12b1fb18","buildName":"projects/832093857842/locations/us-central1/builds/8396bccd-d1fd-4519-bbd2-33cc12b1fb18"}}
[2026-08-10T03:14:56.103Z] [update-default-us-central1-createInvite] Retrying task index 0
[2026-08-10T03:14:56.103Z] Checked if tokens are valid: true, expires at: 1786334449855
[2026-08-10T03:14:56.103Z] Checked if tokens are valid: true, expires at: 1786334449855
[2026-08-10T03:14:56.103Z] >>> [apiv2][query] GET https://cloudfunctions.googleapis.com/v1/operations/cmVmcmVzaGluZy13ZWJzaXRlL3VzLWNlbnRyYWwxL2NyZWF0ZUludml0ZS95N1Fqb1o3TTQ1Yw [none]
[2026-08-10T03:14:56.608Z] <<< [apiv2][status] GET https://cloudfunctions.googleapis.com/v1/operations/cmVmcmVzaGluZy13ZWJzaXRlL3VzLWNlbnRyYWwxL2NyZWF0ZUludml0ZS95N1Fqb1o3TTQ1Yw 200
[2026-08-10T03:14:56.608Z] <<< [apiv2][body] GET https://cloudfunctions.googleapis.com/v1/operations/cmVmcmVzaGluZy13ZWJzaXRlL3VzLWNlbnRyYWwxL2NyZWF0ZUludml0ZS95N1Fqb1o3TTQ1Yw {"name":"operations/cmVmcmVzaGluZy13ZWJzaXRlL3VzLWNlbnRyYWwxL2NyZWF0ZUludml0ZS95N1Fqb1o3TTQ1Yw","metadata":{"@type":"type.googleapis.com/google.cloud.functions.v1.OperationMetadataV1","target":"projects/refreshing-website/locations/us-central1/functions/createInvite","type":"UPDATE_FUNCTION","request":{"@type":"type.googleapis.com/google.cloud.functions.v1.CloudFunction","name":"projects/refreshing-website/locations/us-central1/functions/createInvite","httpsTrigger":{"url":"https://us-central1-refreshing-website.cloudfunctions.net/createInvite","securityLevel":"SECURE_ALWAYS"},"status":"ACTIVE","entryPoint":"createInvite","updateTime":"2026-08-10T03:12:28.857Z","versionId":"5","labels":{"deployment-tool":"cli-firebase","deployment-callable":"true","firebase-functions-hash":"fd8dcf7cb78b07320b04390e661a2227bbaf8243"},"sourceUploadUrl":"https://storage.googleapis.com/uploads-836972235469.us-central1.cloudfunctions.appspot.com/d25e375b-b285-4ae6-92e7-2788b17d669c.zip?GoogleAccessId=service-832093857842@gcf-admin-robot.iam.gserviceaccount.com&Expires=1786333476&Signature=vodKr4jEv8OxG2kgtja5bkjca7lc4oW09Rk0uIElcJWMVvGfHW3uZTtf0Pxaa9GxMn8AMyP29kWMN9T5upIvLBuEwjRBEITXuHhGqefqzbyP995sP%2FwVvGjBen%2FRGzS8u0F12UgYd%2B6vfLlhqyiKHsaJd1XlNcOVZH5%2BKvMKO3A719qEdkg8Tv8sn%2F7n8PLZFCYQBZr53ba2f1Ap6poBC%2F3XWkvGpzx6V1xj%2F7EwWkOE%2Flk24kM%2F9rpvQ2EESgJWOfdwoBhFXmz8XxdR3comtFOtedwxI99qUzVIOU6uhTBZwOGE3LlH8G7NPmspxSBdg1FRMa5CjozRjP1w4n7c4A%3D%3D","environmentVariables":{"FIREBASE_CONFIG":"{\"projectId\":\"refreshing-website\",\"storageBucket\":\"refreshing-website.firebasestorage.app\"}","GCLOUD_PROJECT":"refreshing-website","EVENTARC_CLOUD_EVENT_SOURCE":"projects/refreshing-website/locations/us-central1/functions/createInvite"},"runtime":"nodejs20","buildId":"f5832f40-26c0-49b5-a0eb-5b522922e509","buildEnvironmentVariables":{"GOOGLE_NODE_RUN_SCRIPTS":""},"secretEnvironmentVariables":[{"key":"EMAIL_API_KEY","projectId":"refreshing-website","secret":"EMAIL_API_KEY","version":"1"}],"buildName":"projects/832093857842/locations/us-central1/builds/f5832f40-26c0-49b5-a0eb-5b522922e509","dockerRegistry":"ARTIFACT_REGISTRY","automaticUpdatePolicy":{},"buildServiceAccount":"projects/refreshing-website/serviceAccounts/832093857842-compute@developer.gserviceaccount.com"},"versionId":"6","updateTime":"2026-08-10T03:14:38Z","buildId":"8396bccd-d1fd-4519-bbd2-33cc12b1fb18","buildName":"projects/832093857842/locations/us-central1/builds/8396bccd-d1fd-4519-bbd2-33cc12b1fb18"}}
[2026-08-10T03:15:06.610Z] [update-default-us-central1-createInvite] Retrying task index 0
[2026-08-10T03:15:06.611Z] Checked if tokens are valid: true, expires at: 1786334449855
[2026-08-10T03:15:06.611Z] Checked if tokens are valid: true, expires at: 1786334449855
[2026-08-10T03:15:06.611Z] >>> [apiv2][query] GET https://cloudfunctions.googleapis.com/v1/operations/cmVmcmVzaGluZy13ZWJzaXRlL3VzLWNlbnRyYWwxL2NyZWF0ZUludml0ZS95N1Fqb1o3TTQ1Yw [none]
[2026-08-10T03:15:07.274Z] <<< [apiv2][status] GET https://cloudfunctions.googleapis.com/v1/operations/cmVmcmVzaGluZy13ZWJzaXRlL3VzLWNlbnRyYWwxL2NyZWF0ZUludml0ZS95N1Fqb1o3TTQ1Yw 200
[2026-08-10T03:15:07.274Z] <<< [apiv2][body] GET https://cloudfunctions.googleapis.com/v1/operations/cmVmcmVzaGluZy13ZWJzaXRlL3VzLWNlbnRyYWwxL2NyZWF0ZUludml0ZS95N1Fqb1o3TTQ1Yw {"name":"operations/cmVmcmVzaGluZy13ZWJzaXRlL3VzLWNlbnRyYWwxL2NyZWF0ZUludml0ZS95N1Fqb1o3TTQ1Yw","metadata":{"@type":"type.googleapis.com/google.cloud.functions.v1.OperationMetadataV1","target":"projects/refreshing-website/locations/us-central1/functions/createInvite","type":"UPDATE_FUNCTION","request":{"@type":"type.googleapis.com/google.cloud.functions.v1.CloudFunction","name":"projects/refreshing-website/locations/us-central1/functions/createInvite","httpsTrigger":{"url":"https://us-central1-refreshing-website.cloudfunctions.net/createInvite","securityLevel":"SECURE_ALWAYS"},"status":"ACTIVE","entryPoint":"createInvite","updateTime":"2026-08-10T03:12:28.857Z","versionId":"5","labels":{"deployment-tool":"cli-firebase","deployment-callable":"true","firebase-functions-hash":"fd8dcf7cb78b07320b04390e661a2227bbaf8243"},"sourceUploadUrl":"https://storage.googleapis.com/uploads-836972235469.us-central1.cloudfunctions.appspot.com/d25e375b-b285-4ae6-92e7-2788b17d669c.zip?GoogleAccessId=service-832093857842@gcf-admin-robot.iam.gserviceaccount.com&Expires=1786333476&Signature=vodKr4jEv8OxG2kgtja5bkjca7lc4oW09Rk0uIElcJWMVvGfHW3uZTtf0Pxaa9GxMn8AMyP29kWMN9T5upIvLBuEwjRBEITXuHhGqefqzbyP995sP%2FwVvGjBen%2FRGzS8u0F12UgYd%2B6vfLlhqyiKHsaJd1XlNcOVZH5%2BKvMKO3A719qEdkg8Tv8sn%2F7n8PLZFCYQBZr53ba2f1Ap6poBC%2F3XWkvGpzx6V1xj%2F7EwWkOE%2Flk24kM%2F9rpvQ2EESgJWOfdwoBhFXmz8XxdR3comtFOtedwxI99qUzVIOU6uhTBZwOGE3LlH8G7NPmspxSBdg1FRMa5CjozRjP1w4n7c4A%3D%3D","environmentVariables":{"FIREBASE_CONFIG":"{\"projectId\":\"refreshing-website\",\"storageBucket\":\"refreshing-website.firebasestorage.app\"}","GCLOUD_PROJECT":"refreshing-website","EVENTARC_CLOUD_EVENT_SOURCE":"projects/refreshing-website/locations/us-central1/functions/createInvite"},"runtime":"nodejs20","buildId":"f5832f40-26c0-49b5-a0eb-5b522922e509","buildEnvironmentVariables":{"GOOGLE_NODE_RUN_SCRIPTS":""},"secretEnvironmentVariables":[{"key":"EMAIL_API_KEY","projectId":"refreshing-website","secret":"EMAIL_API_KEY","version":"1"}],"buildName":"projects/832093857842/locations/us-central1/builds/f5832f40-26c0-49b5-a0eb-5b522922e509","dockerRegistry":"ARTIFACT_REGISTRY","automaticUpdatePolicy":{},"buildServiceAccount":"projects/refreshing-website/serviceAccounts/832093857842-compute@developer.gserviceaccount.com"},"versionId":"6","updateTime":"2026-08-10T03:14:38Z","buildId":"8396bccd-d1fd-4519-bbd2-33cc12b1fb18","buildName":"projects/832093857842/locations/us-central1/builds/8396bccd-d1fd-4519-bbd2-33cc12b1fb18"}}
[2026-08-10T03:15:17.276Z] [update-default-us-central1-createInvite] Retrying task index 0
[2026-08-10T03:15:17.276Z] Checked if tokens are valid: true, expires at: 1786334449855
[2026-08-10T03:15:17.276Z] Checked if tokens are valid: true, expires at: 1786334449855
[2026-08-10T03:15:17.276Z] >>> [apiv2][query] GET https://cloudfunctions.googleapis.com/v1/operations/cmVmcmVzaGluZy13ZWJzaXRlL3VzLWNlbnRyYWwxL2NyZWF0ZUludml0ZS95N1Fqb1o3TTQ1Yw [none]
[2026-08-10T03:15:17.772Z] <<< [apiv2][status] GET https://cloudfunctions.googleapis.com/v1/operations/cmVmcmVzaGluZy13ZWJzaXRlL3VzLWNlbnRyYWwxL2NyZWF0ZUludml0ZS95N1Fqb1o3TTQ1Yw 200
[2026-08-10T03:15:17.772Z] <<< [apiv2][body] GET https://cloudfunctions.googleapis.com/v1/operations/cmVmcmVzaGluZy13ZWJzaXRlL3VzLWNlbnRyYWwxL2NyZWF0ZUludml0ZS95N1Fqb1o3TTQ1Yw {"name":"operations/cmVmcmVzaGluZy13ZWJzaXRlL3VzLWNlbnRyYWwxL2NyZWF0ZUludml0ZS95N1Fqb1o3TTQ1Yw","metadata":{"@type":"type.googleapis.com/google.cloud.functions.v1.OperationMetadataV1","target":"projects/refreshing-website/locations/us-central1/functions/createInvite","type":"UPDATE_FUNCTION","request":{"@type":"type.googleapis.com/google.cloud.functions.v1.CloudFunction","name":"projects/refreshing-website/locations/us-central1/functions/createInvite","httpsTrigger":{"url":"https://us-central1-refreshing-website.cloudfunctions.net/createInvite","securityLevel":"SECURE_ALWAYS"},"status":"ACTIVE","entryPoint":"createInvite","updateTime":"2026-08-10T03:12:28.857Z","versionId":"5","labels":{"deployment-tool":"cli-firebase","deployment-callable":"true","firebase-functions-hash":"fd8dcf7cb78b07320b04390e661a2227bbaf8243"},"sourceUploadUrl":"https://storage.googleapis.com/uploads-836972235469.us-central1.cloudfunctions.appspot.com/d25e375b-b285-4ae6-92e7-2788b17d669c.zip?GoogleAccessId=service-832093857842@gcf-admin-robot.iam.gserviceaccount.com&Expires=1786333476&Signature=vodKr4jEv8OxG2kgtja5bkjca7lc4oW09Rk0uIElcJWMVvGfHW3uZTtf0Pxaa9GxMn8AMyP29kWMN9T5upIvLBuEwjRBEITXuHhGqefqzbyP995sP%2FwVvGjBen%2FRGzS8u0F12UgYd%2B6vfLlhqyiKHsaJd1XlNcOVZH5%2BKvMKO3A719qEdkg8Tv8sn%2F7n8PLZFCYQBZr53ba2f1Ap6poBC%2F3XWkvGpzx6V1xj%2F7EwWkOE%2Flk24kM%2F9rpvQ2EESgJWOfdwoBhFXmz8XxdR3comtFOtedwxI99qUzVIOU6uhTBZwOGE3LlH8G7NPmspxSBdg1FRMa5CjozRjP1w4n7c4A%3D%3D","environmentVariables":{"FIREBASE_CONFIG":"{\"projectId\":\"refreshing-website\",\"storageBucket\":\"refreshing-website.firebasestorage.app\"}","GCLOUD_PROJECT":"refreshing-website","EVENTARC_CLOUD_EVENT_SOURCE":"projects/refreshing-website/locations/us-central1/functions/createInvite"},"runtime":"nodejs20","buildId":"f5832f40-26c0-49b5-a0eb-5b522922e509","buildEnvironmentVariables":{"GOOGLE_NODE_RUN_SCRIPTS":""},"secretEnvironmentVariables":[{"key":"EMAIL_API_KEY","projectId":"refreshing-website","secret":"EMAIL_API_KEY","version":"1"}],"buildName":"projects/832093857842/locations/us-central1/builds/f5832f40-26c0-49b5-a0eb-5b522922e509","dockerRegistry":"ARTIFACT_REGISTRY","automaticUpdatePolicy":{},"buildServiceAccount":"projects/refreshing-website/serviceAccounts/832093857842-compute@developer.gserviceaccount.com"},"versionId":"6","updateTime":"2026-08-10T03:14:38Z","buildId":"8396bccd-d1fd-4519-bbd2-33cc12b1fb18","buildName":"projects/832093857842/locations/us-central1/builds/8396bccd-d1fd-4519-bbd2-33cc12b1fb18"}}
[2026-08-10T03:15:27.774Z] [update-default-us-central1-createInvite] Retrying task index 0
[2026-08-10T03:15:27.775Z] Checked if tokens are valid: true, expires at: 1786334449855
[2026-08-10T03:15:27.776Z] Checked if tokens are valid: true, expires at: 1786334449855
[2026-08-10T03:15:27.776Z] >>> [apiv2][query] GET https://cloudfunctions.googleapis.com/v1/operations/cmVmcmVzaGluZy13ZWJzaXRlL3VzLWNlbnRyYWwxL2NyZWF0ZUludml0ZS95N1Fqb1o3TTQ1Yw [none]
[2026-08-10T03:15:28.259Z] <<< [apiv2][status] GET https://cloudfunctions.googleapis.com/v1/operations/cmVmcmVzaGluZy13ZWJzaXRlL3VzLWNlbnRyYWwxL2NyZWF0ZUludml0ZS95N1Fqb1o3TTQ1Yw 200
[2026-08-10T03:15:28.260Z] <<< [apiv2][body] GET https://cloudfunctions.googleapis.com/v1/operations/cmVmcmVzaGluZy13ZWJzaXRlL3VzLWNlbnRyYWwxL2NyZWF0ZUludml0ZS95N1Fqb1o3TTQ1Yw {"name":"operations/cmVmcmVzaGluZy13ZWJzaXRlL3VzLWNlbnRyYWwxL2NyZWF0ZUludml0ZS95N1Fqb1o3TTQ1Yw","metadata":{"@type":"type.googleapis.com/google.cloud.functions.v1.OperationMetadataV1","target":"projects/refreshing-website/locations/us-central1/functions/createInvite","type":"UPDATE_FUNCTION","request":{"@type":"type.googleapis.com/google.cloud.functions.v1.CloudFunction","name":"projects/refreshing-website/locations/us-central1/functions/createInvite","httpsTrigger":{"url":"https://us-central1-refreshing-website.cloudfunctions.net/createInvite","securityLevel":"SECURE_ALWAYS"},"status":"ACTIVE","entryPoint":"createInvite","updateTime":"2026-08-10T03:12:28.857Z","versionId":"5","labels":{"deployment-tool":"cli-firebase","deployment-callable":"true","firebase-functions-hash":"fd8dcf7cb78b07320b04390e661a2227bbaf8243"},"sourceUploadUrl":"https://storage.googleapis.com/uploads-836972235469.us-central1.cloudfunctions.appspot.com/d25e375b-b285-4ae6-92e7-2788b17d669c.zip?GoogleAccessId=service-832093857842@gcf-admin-robot.iam.gserviceaccount.com&Expires=1786333476&Signature=vodKr4jEv8OxG2kgtja5bkjca7lc4oW09Rk0uIElcJWMVvGfHW3uZTtf0Pxaa9GxMn8AMyP29kWMN9T5upIvLBuEwjRBEITXuHhGqefqzbyP995sP%2FwVvGjBen%2FRGzS8u0F12UgYd%2B6vfLlhqyiKHsaJd1XlNcOVZH5%2BKvMKO3A719qEdkg8Tv8sn%2F7n8PLZFCYQBZr53ba2f1Ap6poBC%2F3XWkvGpzx6V1xj%2F7EwWkOE%2Flk24kM%2F9rpvQ2EESgJWOfdwoBhFXmz8XxdR3comtFOtedwxI99qUzVIOU6uhTBZwOGE3LlH8G7NPmspxSBdg1FRMa5CjozRjP1w4n7c4A%3D%3D","environmentVariables":{"FIREBASE_CONFIG":"{\"projectId\":\"refreshing-website\",\"storageBucket\":\"refreshing-website.firebasestorage.app\"}","GCLOUD_PROJECT":"refreshing-website","EVENTARC_CLOUD_EVENT_SOURCE":"projects/refreshing-website/locations/us-central1/functions/createInvite"},"runtime":"nodejs20","buildId":"f5832f40-26c0-49b5-a0eb-5b522922e509","buildEnvironmentVariables":{"GOOGLE_NODE_RUN_SCRIPTS":""},"secretEnvironmentVariables":[{"key":"EMAIL_API_KEY","projectId":"refreshing-website","secret":"EMAIL_API_KEY","version":"1"}],"buildName":"projects/832093857842/locations/us-central1/builds/f5832f40-26c0-49b5-a0eb-5b522922e509","dockerRegistry":"ARTIFACT_REGISTRY","automaticUpdatePolicy":{},"buildServiceAccount":"projects/refreshing-website/serviceAccounts/832093857842-compute@developer.gserviceaccount.com"},"versionId":"6","updateTime":"2026-08-10T03:14:38Z","buildId":"8396bccd-d1fd-4519-bbd2-33cc12b1fb18","sourceToken":"34a41cb0-eee3-467d-a60b-d9de6c7ee8e3","buildName":"projects/832093857842/locations/us-central1/builds/8396bccd-d1fd-4519-bbd2-33cc12b1fb18"}}
[2026-08-10T03:15:28.260Z] Got source token 34a41cb0-eee3-467d-a60b-d9de6c7ee8e3 for region us-central1
[2026-08-10T03:15:28.261Z] Checked if tokens are valid: true, expires at: 1786334449855
[2026-08-10T03:15:28.261Z] Checked if tokens are valid: true, expires at: 1786334449855
[2026-08-10T03:15:28.262Z] Checked if tokens are valid: true, expires at: 1786334449855
[2026-08-10T03:15:28.263Z] Checked if tokens are valid: true, expires at: 1786334449855
[2026-08-10T03:15:28.264Z] Checked if tokens are valid: true, expires at: 1786334449855
[2026-08-10T03:15:28.264Z] Checked if tokens are valid: true, expires at: 1786334449855
[2026-08-10T03:15:28.265Z] Checked if tokens are valid: true, expires at: 1786334449855
[2026-08-10T03:15:28.265Z] Checked if tokens are valid: true, expires at: 1786334449855
[2026-08-10T03:15:28.266Z] Checked if tokens are valid: true, expires at: 1786334449855
[2026-08-10T03:15:28.266Z] Checked if tokens are valid: true, expires at: 1786334449855
[2026-08-10T03:15:28.267Z] Checked if tokens are valid: true, expires at: 1786334449855
[2026-08-10T03:15:28.267Z] Checked if tokens are valid: true, expires at: 1786334449855
[2026-08-10T03:15:28.268Z] Checked if tokens are valid: true, expires at: 1786334449855
[2026-08-10T03:15:28.268Z] Checked if tokens are valid: true, expires at: 1786334449855
[2026-08-10T03:15:28.268Z] Checked if tokens are valid: true, expires at: 1786334449855
[2026-08-10T03:15:28.269Z] Checked if tokens are valid: true, expires at: 1786334449855
[2026-08-10T03:15:28.269Z] Checked if tokens are valid: true, expires at: 1786334449855
[2026-08-10T03:15:28.269Z] Checked if tokens are valid: true, expires at: 1786334449855
[2026-08-10T03:15:28.270Z] Checked if tokens are valid: true, expires at: 1786334449855
[2026-08-10T03:15:28.270Z] Checked if tokens are valid: true, expires at: 1786334449855
[2026-08-10T03:15:28.271Z] Checked if tokens are valid: true, expires at: 1786334449855
[2026-08-10T03:15:28.271Z] Checked if tokens are valid: true, expires at: 1786334449855
[2026-08-10T03:15:28.271Z] Checked if tokens are valid: true, expires at: 1786334449855
[2026-08-10T03:15:28.271Z] Checked if tokens are valid: true, expires at: 1786334449855
[2026-08-10T03:15:28.272Z] >>> [apiv2][query] PATCH https://cloudfunctions.googleapis.com/v1/projects/refreshing-website/locations/us-central1/functions/acceptInvite updateMask=name%2CsourceUploadUrl%2CentryPoint%2Cruntime%2CdockerRegistry%2Clabels%2ChttpsTrigger.securityLevel%2CminInstances%2CmaxInstances%2CingressSettings%2CenvironmentVariables%2CserviceAccountEmail%2CavailableMemoryMb%2Ctimeout%2CvpcConnector%2CvpcConnectorEgressSettings%2CsourceToken%2CbuildEnvironmentVariables
[2026-08-10T03:15:28.273Z] >>> [apiv2][body] PATCH https://cloudfunctions.googleapis.com/v1/projects/refreshing-website/locations/us-central1/functions/acceptInvite {"name":"projects/refreshing-website/locations/us-central1/functions/acceptInvite","sourceUploadUrl":"https://storage.googleapis.com/uploads-836972235469.us-central1.cloudfunctions.appspot.com/d25e375b-b285-4ae6-92e7-2788b17d669c.zip?GoogleAccessId=service-832093857842@gcf-admin-robot.iam.gserviceaccount.com&Expires=1786333476&Signature=vodKr4jEv8OxG2kgtja5bkjca7lc4oW09Rk0uIElcJWMVvGfHW3uZTtf0Pxaa9GxMn8AMyP29kWMN9T5upIvLBuEwjRBEITXuHhGqefqzbyP995sP%2FwVvGjBen%2FRGzS8u0F12UgYd%2B6vfLlhqyiKHsaJd1XlNcOVZH5%2BKvMKO3A719qEdkg8Tv8sn%2F7n8PLZFCYQBZr53ba2f1Ap6poBC%2F3XWkvGpzx6V1xj%2F7EwWkOE%2Flk24kM%2F9rpvQ2EESgJWOfdwoBhFXmz8XxdR3comtFOtedwxI99qUzVIOU6uhTBZwOGE3LlH8G7NPmspxSBdg1FRMa5CjozRjP1w4n7c4A%3D%3D","entryPoint":"acceptInvite","runtime":"nodejs20","dockerRegistry":"ARTIFACT_REGISTRY","labels":{"deployment-tool":"cli-firebase","deployment-callable":"true","firebase-functions-hash":"4d0e9bd4750926bf686d9a2578c78b22796053a7"},"httpsTrigger":{"securityLevel":"SECURE_ALWAYS"},"minInstances":null,"maxInstances":null,"ingressSettings":null,"environmentVariables":{"FIREBASE_CONFIG":"{\"projectId\":\"refreshing-website\",\"storageBucket\":\"refreshing-website.firebasestorage.app\"}","GCLOUD_PROJECT":"refreshing-website","EVENTARC_CLOUD_EVENT_SOURCE":"projects/refreshing-website/locations/us-central1/functions/acceptInvite"},"serviceAccountEmail":null,"availableMemoryMb":null,"timeout":null,"vpcConnector":null,"vpcConnectorEgressSettings":null,"sourceToken":"34a41cb0-eee3-467d-a60b-d9de6c7ee8e3","buildEnvironmentVariables":{"GOOGLE_NODE_RUN_SCRIPTS":""}}
[2026-08-10T03:15:28.276Z] >>> [apiv2][query] PATCH https://cloudfunctions.googleapis.com/v1/projects/refreshing-website/locations/us-central1/functions/setUserRole updateMask=name%2CsourceUploadUrl%2CentryPoint%2Cruntime%2CdockerRegistry%2Clabels%2ChttpsTrigger.securityLevel%2CminInstances%2CmaxInstances%2CingressSettings%2CenvironmentVariables%2CserviceAccountEmail%2CavailableMemoryMb%2Ctimeout%2CvpcConnector%2CvpcConnectorEgressSettings%2CsourceToken%2CbuildEnvironmentVariables
[2026-08-10T03:15:28.277Z] >>> [apiv2][body] PATCH https://cloudfunctions.googleapis.com/v1/projects/refreshing-website/locations/us-central1/functions/setUserRole {"name":"projects/refreshing-website/locations/us-central1/functions/setUserRole","sourceUploadUrl":"https://storage.googleapis.com/uploads-836972235469.us-central1.cloudfunctions.appspot.com/d25e375b-b285-4ae6-92e7-2788b17d669c.zip?GoogleAccessId=service-832093857842@gcf-admin-robot.iam.gserviceaccount.com&Expires=1786333476&Signature=vodKr4jEv8OxG2kgtja5bkjca7lc4oW09Rk0uIElcJWMVvGfHW3uZTtf0Pxaa9GxMn8AMyP29kWMN9T5upIvLBuEwjRBEITXuHhGqefqzbyP995sP%2FwVvGjBen%2FRGzS8u0F12UgYd%2B6vfLlhqyiKHsaJd1XlNcOVZH5%2BKvMKO3A719qEdkg8Tv8sn%2F7n8PLZFCYQBZr53ba2f1Ap6poBC%2F3XWkvGpzx6V1xj%2F7EwWkOE%2Flk24kM%2F9rpvQ2EESgJWOfdwoBhFXmz8XxdR3comtFOtedwxI99qUzVIOU6uhTBZwOGE3LlH8G7NPmspxSBdg1FRMa5CjozRjP1w4n7c4A%3D%3D","entryPoint":"setUserRole","runtime":"nodejs20","dockerRegistry":"ARTIFACT_REGISTRY","labels":{"deployment-tool":"cli-firebase","deployment-callable":"true","firebase-functions-hash":"4d0e9bd4750926bf686d9a2578c78b22796053a7"},"httpsTrigger":{"securityLevel":"SECURE_ALWAYS"},"minInstances":null,"maxInstances":null,"ingressSettings":null,"environmentVariables":{"FIREBASE_CONFIG":"{\"projectId\":\"refreshing-website\",\"storageBucket\":\"refreshing-website.firebasestorage.app\"}","GCLOUD_PROJECT":"refreshing-website","EVENTARC_CLOUD_EVENT_SOURCE":"projects/refreshing-website/locations/us-central1/functions/setUserRole"},"serviceAccountEmail":null,"availableMemoryMb":null,"timeout":null,"vpcConnector":null,"vpcConnectorEgressSettings":null,"sourceToken":"34a41cb0-eee3-467d-a60b-d9de6c7ee8e3","buildEnvironmentVariables":{"GOOGLE_NODE_RUN_SCRIPTS":""}}
[2026-08-10T03:15:28.278Z] >>> [apiv2][query] PATCH https://cloudfunctions.googleapis.com/v1/projects/refreshing-website/locations/us-central1/functions/revokeUserAccess updateMask=name%2CsourceUploadUrl%2CentryPoint%2Cruntime%2CdockerRegistry%2Clabels%2ChttpsTrigger.securityLevel%2CminInstances%2CmaxInstances%2CingressSettings%2CenvironmentVariables%2CserviceAccountEmail%2CavailableMemoryMb%2Ctimeout%2CvpcConnector%2CvpcConnectorEgressSettings%2CsourceToken%2CbuildEnvironmentVariables
[2026-08-10T03:15:28.278Z] >>> [apiv2][body] PATCH https://cloudfunctions.googleapis.com/v1/projects/refreshing-website/locations/us-central1/functions/revokeUserAccess {"name":"projects/refreshing-website/locations/us-central1/functions/revokeUserAccess","sourceUploadUrl":"https://storage.googleapis.com/uploads-836972235469.us-central1.cloudfunctions.appspot.com/d25e375b-b285-4ae6-92e7-2788b17d669c.zip?GoogleAccessId=service-832093857842@gcf-admin-robot.iam.gserviceaccount.com&Expires=1786333476&Signature=vodKr4jEv8OxG2kgtja5bkjca7lc4oW09Rk0uIElcJWMVvGfHW3uZTtf0Pxaa9GxMn8AMyP29kWMN9T5upIvLBuEwjRBEITXuHhGqefqzbyP995sP%2FwVvGjBen%2FRGzS8u0F12UgYd%2B6vfLlhqyiKHsaJd1XlNcOVZH5%2BKvMKO3A719qEdkg8Tv8sn%2F7n8PLZFCYQBZr53ba2f1Ap6poBC%2F3XWkvGpzx6V1xj%2F7EwWkOE%2Flk24kM%2F9rpvQ2EESgJWOfdwoBhFXmz8XxdR3comtFOtedwxI99qUzVIOU6uhTBZwOGE3LlH8G7NPmspxSBdg1FRMa5CjozRjP1w4n7c4A%3D%3D","entryPoint":"revokeUserAccess","runtime":"nodejs20","dockerRegistry":"ARTIFACT_REGISTRY","labels":{"deployment-tool":"cli-firebase","deployment-callable":"true","firebase-functions-hash":"4d0e9bd4750926bf686d9a2578c78b22796053a7"},"httpsTrigger":{"securityLevel":"SECURE_ALWAYS"},"minInstances":null,"maxInstances":null,"ingressSettings":null,"environmentVariables":{"FIREBASE_CONFIG":"{\"projectId\":\"refreshing-website\",\"storageBucket\":\"refreshing-website.firebasestorage.app\"}","GCLOUD_PROJECT":"refreshing-website","EVENTARC_CLOUD_EVENT_SOURCE":"projects/refreshing-website/locations/us-central1/functions/revokeUserAccess"},"serviceAccountEmail":null,"availableMemoryMb":null,"timeout":null,"vpcConnector":null,"vpcConnectorEgressSettings":null,"sourceToken":"34a41cb0-eee3-467d-a60b-d9de6c7ee8e3","buildEnvironmentVariables":{"GOOGLE_NODE_RUN_SCRIPTS":""}}
[2026-08-10T03:15:28.280Z] >>> [apiv2][query] PATCH https://cloudfunctions.googleapis.com/v1/projects/refreshing-website/locations/us-central1/functions/markCheckedIn updateMask=name%2CsourceUploadUrl%2CentryPoint%2Cruntime%2CdockerRegistry%2Clabels%2ChttpsTrigger.securityLevel%2CminInstances%2CmaxInstances%2CingressSettings%2CenvironmentVariables%2CserviceAccountEmail%2CavailableMemoryMb%2Ctimeout%2CvpcConnector%2CvpcConnectorEgressSettings%2CsourceToken%2CbuildEnvironmentVariables
[2026-08-10T03:15:28.281Z] >>> [apiv2][body] PATCH https://cloudfunctions.googleapis.com/v1/projects/refreshing-website/locations/us-central1/functions/markCheckedIn {"name":"projects/refreshing-website/locations/us-central1/functions/markCheckedIn","sourceUploadUrl":"https://storage.googleapis.com/uploads-836972235469.us-central1.cloudfunctions.appspot.com/d25e375b-b285-4ae6-92e7-2788b17d669c.zip?GoogleAccessId=service-832093857842@gcf-admin-robot.iam.gserviceaccount.com&Expires=1786333476&Signature=vodKr4jEv8OxG2kgtja5bkjca7lc4oW09Rk0uIElcJWMVvGfHW3uZTtf0Pxaa9GxMn8AMyP29kWMN9T5upIvLBuEwjRBEITXuHhGqefqzbyP995sP%2FwVvGjBen%2FRGzS8u0F12UgYd%2B6vfLlhqyiKHsaJd1XlNcOVZH5%2BKvMKO3A719qEdkg8Tv8sn%2F7n8PLZFCYQBZr53ba2f1Ap6poBC%2F3XWkvGpzx6V1xj%2F7EwWkOE%2Flk24kM%2F9rpvQ2EESgJWOfdwoBhFXmz8XxdR3comtFOtedwxI99qUzVIOU6uhTBZwOGE3LlH8G7NPmspxSBdg1FRMa5CjozRjP1w4n7c4A%3D%3D","entryPoint":"markCheckedIn","runtime":"nodejs20","dockerRegistry":"ARTIFACT_REGISTRY","labels":{"deployment-tool":"cli-firebase","deployment-callable":"true","firebase-functions-hash":"4d0e9bd4750926bf686d9a2578c78b22796053a7"},"httpsTrigger":{"securityLevel":"SECURE_ALWAYS"},"minInstances":null,"maxInstances":null,"ingressSettings":null,"environmentVariables":{"FIREBASE_CONFIG":"{\"projectId\":\"refreshing-website\",\"storageBucket\":\"refreshing-website.firebasestorage.app\"}","GCLOUD_PROJECT":"refreshing-website","EVENTARC_CLOUD_EVENT_SOURCE":"projects/refreshing-website/locations/us-central1/functions/markCheckedIn"},"serviceAccountEmail":null,"availableMemoryMb":null,"timeout":null,"vpcConnector":null,"vpcConnectorEgressSettings":null,"sourceToken":"34a41cb0-eee3-467d-a60b-d9de6c7ee8e3","buildEnvironmentVariables":{"GOOGLE_NODE_RUN_SCRIPTS":""}}
[2026-08-10T03:15:28.283Z] >>> [apiv2][query] PATCH https://cloudfunctions.googleapis.com/v1/projects/refreshing-website/locations/us-central1/functions/undoCheckIn updateMask=name%2CsourceUploadUrl%2CentryPoint%2Cruntime%2CdockerRegistry%2Clabels%2ChttpsTrigger.securityLevel%2CminInstances%2CmaxInstances%2CingressSettings%2CenvironmentVariables%2CserviceAccountEmail%2CavailableMemoryMb%2Ctimeout%2CvpcConnector%2CvpcConnectorEgressSettings%2CsourceToken%2CbuildEnvironmentVariables
[2026-08-10T03:15:28.284Z] >>> [apiv2][body] PATCH https://cloudfunctions.googleapis.com/v1/projects/refreshing-website/locations/us-central1/functions/undoCheckIn {"name":"projects/refreshing-website/locations/us-central1/functions/undoCheckIn","sourceUploadUrl":"https://storage.googleapis.com/uploads-836972235469.us-central1.cloudfunctions.appspot.com/d25e375b-b285-4ae6-92e7-2788b17d669c.zip?GoogleAccessId=service-832093857842@gcf-admin-robot.iam.gserviceaccount.com&Expires=1786333476&Signature=vodKr4jEv8OxG2kgtja5bkjca7lc4oW09Rk0uIElcJWMVvGfHW3uZTtf0Pxaa9GxMn8AMyP29kWMN9T5upIvLBuEwjRBEITXuHhGqefqzbyP995sP%2FwVvGjBen%2FRGzS8u0F12UgYd%2B6vfLlhqyiKHsaJd1XlNcOVZH5%2BKvMKO3A719qEdkg8Tv8sn%2F7n8PLZFCYQBZr53ba2f1Ap6poBC%2F3XWkvGpzx6V1xj%2F7EwWkOE%2Flk24kM%2F9rpvQ2EESgJWOfdwoBhFXmz8XxdR3comtFOtedwxI99qUzVIOU6uhTBZwOGE3LlH8G7NPmspxSBdg1FRMa5CjozRjP1w4n7c4A%3D%3D","entryPoint":"undoCheckIn","runtime":"nodejs20","dockerRegistry":"ARTIFACT_REGISTRY","labels":{"deployment-tool":"cli-firebase","deployment-callable":"true","firebase-functions-hash":"4d0e9bd4750926bf686d9a2578c78b22796053a7"},"httpsTrigger":{"securityLevel":"SECURE_ALWAYS"},"minInstances":null,"maxInstances":null,"ingressSettings":null,"environmentVariables":{"FIREBASE_CONFIG":"{\"projectId\":\"refreshing-website\",\"storageBucket\":\"refreshing-website.firebasestorage.app\"}","GCLOUD_PROJECT":"refreshing-website","EVENTARC_CLOUD_EVENT_SOURCE":"projects/refreshing-website/locations/us-central1/functions/undoCheckIn"},"serviceAccountEmail":null,"availableMemoryMb":null,"timeout":null,"vpcConnector":null,"vpcConnectorEgressSettings":null,"sourceToken":"34a41cb0-eee3-467d-a60b-d9de6c7ee8e3","buildEnvironmentVariables":{"GOOGLE_NODE_RUN_SCRIPTS":""}}
[2026-08-10T03:15:28.286Z] >>> [apiv2][query] PATCH https://cloudfunctions.googleapis.com/v1/projects/refreshing-website/locations/us-central1/functions/syncCheckinView updateMask=name%2CsourceUploadUrl%2CentryPoint%2Cruntime%2CdockerRegistry%2Clabels%2CeventTrigger.eventType%2CeventTrigger.resource%2CeventTrigger.failurePolicy%2CminInstances%2CmaxInstances%2CingressSettings%2CenvironmentVariables%2CserviceAccountEmail%2CavailableMemoryMb%2Ctimeout%2CvpcConnector%2CvpcConnectorEgressSettings%2CsourceToken%2CbuildEnvironmentVariables
[2026-08-10T03:15:28.287Z] >>> [apiv2][body] PATCH https://cloudfunctions.googleapis.com/v1/projects/refreshing-website/locations/us-central1/functions/syncCheckinView {"name":"projects/refreshing-website/locations/us-central1/functions/syncCheckinView","sourceUploadUrl":"https://storage.googleapis.com/uploads-836972235469.us-central1.cloudfunctions.appspot.com/d25e375b-b285-4ae6-92e7-2788b17d669c.zip?GoogleAccessId=service-832093857842@gcf-admin-robot.iam.gserviceaccount.com&Expires=1786333476&Signature=vodKr4jEv8OxG2kgtja5bkjca7lc4oW09Rk0uIElcJWMVvGfHW3uZTtf0Pxaa9GxMn8AMyP29kWMN9T5upIvLBuEwjRBEITXuHhGqefqzbyP995sP%2FwVvGjBen%2FRGzS8u0F12UgYd%2B6vfLlhqyiKHsaJd1XlNcOVZH5%2BKvMKO3A719qEdkg8Tv8sn%2F7n8PLZFCYQBZr53ba2f1Ap6poBC%2F3XWkvGpzx6V1xj%2F7EwWkOE%2Flk24kM%2F9rpvQ2EESgJWOfdwoBhFXmz8XxdR3comtFOtedwxI99qUzVIOU6uhTBZwOGE3LlH8G7NPmspxSBdg1FRMa5CjozRjP1w4n7c4A%3D%3D","entryPoint":"syncCheckinView","runtime":"nodejs20","dockerRegistry":"ARTIFACT_REGISTRY","labels":{"deployment-tool":"cli-firebase","firebase-functions-hash":"4d0e9bd4750926bf686d9a2578c78b22796053a7"},"eventTrigger":{"eventType":"providers/cloud.firestore/eventTypes/document.write","resource":"projects/refreshing-website/databases/(default)/documents/events/{eventId}/attendees/{attendeeId}"},"minInstances":null,"maxInstances":null,"ingressSettings":null,"environmentVariables":{"FIREBASE_CONFIG":"{\"projectId\":\"refreshing-website\",\"storageBucket\":\"refreshing-website.firebasestorage.app\"}","GCLOUD_PROJECT":"refreshing-website","EVENTARC_CLOUD_EVENT_SOURCE":"projects/refreshing-website/locations/us-central1/functions/syncCheckinView"},"serviceAccountEmail":null,"availableMemoryMb":null,"timeout":null,"vpcConnector":null,"vpcConnectorEgressSettings":null,"sourceToken":"34a41cb0-eee3-467d-a60b-d9de6c7ee8e3","buildEnvironmentVariables":{"GOOGLE_NODE_RUN_SCRIPTS":""}}
[2026-08-10T03:15:28.288Z] >>> [apiv2][query] PATCH https://cloudfunctions.googleapis.com/v1/projects/refreshing-website/locations/us-central1/functions/auditMinistersWrite updateMask=name%2CsourceUploadUrl%2CentryPoint%2Cruntime%2CdockerRegistry%2Clabels%2CeventTrigger.eventType%2CeventTrigger.resource%2CeventTrigger.failurePolicy%2CminInstances%2CmaxInstances%2CingressSettings%2CenvironmentVariables%2CserviceAccountEmail%2CavailableMemoryMb%2Ctimeout%2CvpcConnector%2CvpcConnectorEgressSettings%2CsourceToken%2CbuildEnvironmentVariables
[2026-08-10T03:15:28.289Z] >>> [apiv2][body] PATCH https://cloudfunctions.googleapis.com/v1/projects/refreshing-website/locations/us-central1/functions/auditMinistersWrite {"name":"projects/refreshing-website/locations/us-central1/functions/auditMinistersWrite","sourceUploadUrl":"https://storage.googleapis.com/uploads-836972235469.us-central1.cloudfunctions.appspot.com/d25e375b-b285-4ae6-92e7-2788b17d669c.zip?GoogleAccessId=service-832093857842@gcf-admin-robot.iam.gserviceaccount.com&Expires=1786333476&Signature=vodKr4jEv8OxG2kgtja5bkjca7lc4oW09Rk0uIElcJWMVvGfHW3uZTtf0Pxaa9GxMn8AMyP29kWMN9T5upIvLBuEwjRBEITXuHhGqefqzbyP995sP%2FwVvGjBen%2FRGzS8u0F12UgYd%2B6vfLlhqyiKHsaJd1XlNcOVZH5%2BKvMKO3A719qEdkg8Tv8sn%2F7n8PLZFCYQBZr53ba2f1Ap6poBC%2F3XWkvGpzx6V1xj%2F7EwWkOE%2Flk24kM%2F9rpvQ2EESgJWOfdwoBhFXmz8XxdR3comtFOtedwxI99qUzVIOU6uhTBZwOGE3LlH8G7NPmspxSBdg1FRMa5CjozRjP1w4n7c4A%3D%3D","entryPoint":"auditMinistersWrite","runtime":"nodejs20","dockerRegistry":"ARTIFACT_REGISTRY","labels":{"deployment-tool":"cli-firebase","firebase-functions-hash":"4d0e9bd4750926bf686d9a2578c78b22796053a7"},"eventTrigger":{"eventType":"providers/cloud.firestore/eventTypes/document.write","resource":"projects/refreshing-website/databases/(default)/documents/events/{eventId}/ministers/{ministerId}"},"minInstances":null,"maxInstances":null,"ingressSettings":null,"environmentVariables":{"FIREBASE_CONFIG":"{\"projectId\":\"refreshing-website\",\"storageBucket\":\"refreshing-website.firebasestorage.app\"}","GCLOUD_PROJECT":"refreshing-website","EVENTARC_CLOUD_EVENT_SOURCE":"projects/refreshing-website/locations/us-central1/functions/auditMinistersWrite"},"serviceAccountEmail":null,"availableMemoryMb":null,"timeout":null,"vpcConnector":null,"vpcConnectorEgressSettings":null,"sourceToken":"34a41cb0-eee3-467d-a60b-d9de6c7ee8e3","buildEnvironmentVariables":{"GOOGLE_NODE_RUN_SCRIPTS":""}}
[2026-08-10T03:15:28.290Z] >>> [apiv2][query] PATCH https://cloudfunctions.googleapis.com/v1/projects/refreshing-website/locations/us-central1/functions/auditSessionsWrite updateMask=name%2CsourceUploadUrl%2CentryPoint%2Cruntime%2CdockerRegistry%2Clabels%2CeventTrigger.eventType%2CeventTrigger.resource%2CeventTrigger.failurePolicy%2CminInstances%2CmaxInstances%2CingressSettings%2CenvironmentVariables%2CserviceAccountEmail%2CavailableMemoryMb%2Ctimeout%2CvpcConnector%2CvpcConnectorEgressSettings%2CsourceToken%2CbuildEnvironmentVariables
[2026-08-10T03:15:28.291Z] >>> [apiv2][body] PATCH https://cloudfunctions.googleapis.com/v1/projects/refreshing-website/locations/us-central1/functions/auditSessionsWrite {"name":"projects/refreshing-website/locations/us-central1/functions/auditSessionsWrite","sourceUploadUrl":"https://storage.googleapis.com/uploads-836972235469.us-central1.cloudfunctions.appspot.com/d25e375b-b285-4ae6-92e7-2788b17d669c.zip?GoogleAccessId=service-832093857842@gcf-admin-robot.iam.gserviceaccount.com&Expires=1786333476&Signature=vodKr4jEv8OxG2kgtja5bkjca7lc4oW09Rk0uIElcJWMVvGfHW3uZTtf0Pxaa9GxMn8AMyP29kWMN9T5upIvLBuEwjRBEITXuHhGqefqzbyP995sP%2FwVvGjBen%2FRGzS8u0F12UgYd%2B6vfLlhqyiKHsaJd1XlNcOVZH5%2BKvMKO3A719qEdkg8Tv8sn%2F7n8PLZFCYQBZr53ba2f1Ap6poBC%2F3XWkvGpzx6V1xj%2F7EwWkOE%2Flk24kM%2F9rpvQ2EESgJWOfdwoBhFXmz8XxdR3comtFOtedwxI99qUzVIOU6uhTBZwOGE3LlH8G7NPmspxSBdg1FRMa5CjozRjP1w4n7c4A%3D%3D","entryPoint":"auditSessionsWrite","runtime":"nodejs20","dockerRegistry":"ARTIFACT_REGISTRY","labels":{"deployment-tool":"cli-firebase","firebase-functions-hash":"4d0e9bd4750926bf686d9a2578c78b22796053a7"},"eventTrigger":{"eventType":"providers/cloud.firestore/eventTypes/document.write","resource":"projects/refreshing-website/databases/(default)/documents/events/{eventId}/sessions/{sessionId}"},"minInstances":null,"maxInstances":null,"ingressSettings":null,"environmentVariables":{"FIREBASE_CONFIG":"{\"projectId\":\"refreshing-website\",\"storageBucket\":\"refreshing-website.firebasestorage.app\"}","GCLOUD_PROJECT":"refreshing-website","EVENTARC_CLOUD_EVENT_SOURCE":"projects/refreshing-website/locations/us-central1/functions/auditSessionsWrite"},"serviceAccountEmail":null,"availableMemoryMb":null,"timeout":null,"vpcConnector":null,"vpcConnectorEgressSettings":null,"sourceToken":"34a41cb0-eee3-467d-a60b-d9de6c7ee8e3","buildEnvironmentVariables":{"GOOGLE_NODE_RUN_SCRIPTS":""}}
[2026-08-10T03:15:28.293Z] >>> [apiv2][query] PATCH https://cloudfunctions.googleapis.com/v1/projects/refreshing-website/locations/us-central1/functions/auditAttendeesWrite updateMask=name%2CsourceUploadUrl%2CentryPoint%2Cruntime%2CdockerRegistry%2Clabels%2CeventTrigger.eventType%2CeventTrigger.resource%2CeventTrigger.failurePolicy%2CminInstances%2CmaxInstances%2CingressSettings%2CenvironmentVariables%2CserviceAccountEmail%2CavailableMemoryMb%2Ctimeout%2CvpcConnector%2CvpcConnectorEgressSettings%2CsourceToken%2CbuildEnvironmentVariables
[2026-08-10T03:15:28.293Z] >>> [apiv2][body] PATCH https://cloudfunctions.googleapis.com/v1/projects/refreshing-website/locations/us-central1/functions/auditAttendeesWrite {"name":"projects/refreshing-website/locations/us-central1/functions/auditAttendeesWrite","sourceUploadUrl":"https://storage.googleapis.com/uploads-836972235469.us-central1.cloudfunctions.appspot.com/d25e375b-b285-4ae6-92e7-2788b17d669c.zip?GoogleAccessId=service-832093857842@gcf-admin-robot.iam.gserviceaccount.com&Expires=1786333476&Signature=vodKr4jEv8OxG2kgtja5bkjca7lc4oW09Rk0uIElcJWMVvGfHW3uZTtf0Pxaa9GxMn8AMyP29kWMN9T5upIvLBuEwjRBEITXuHhGqefqzbyP995sP%2FwVvGjBen%2FRGzS8u0F12UgYd%2B6vfLlhqyiKHsaJd1XlNcOVZH5%2BKvMKO3A719qEdkg8Tv8sn%2F7n8PLZFCYQBZr53ba2f1Ap6poBC%2F3XWkvGpzx6V1xj%2F7EwWkOE%2Flk24kM%2F9rpvQ2EESgJWOfdwoBhFXmz8XxdR3comtFOtedwxI99qUzVIOU6uhTBZwOGE3LlH8G7NPmspxSBdg1FRMa5CjozRjP1w4n7c4A%3D%3D","entryPoint":"auditAttendeesWrite","runtime":"nodejs20","dockerRegistry":"ARTIFACT_REGISTRY","labels":{"deployment-tool":"cli-firebase","firebase-functions-hash":"4d0e9bd4750926bf686d9a2578c78b22796053a7"},"eventTrigger":{"eventType":"providers/cloud.firestore/eventTypes/document.write","resource":"projects/refreshing-website/databases/(default)/documents/events/{eventId}/attendees/{attendeeId}"},"minInstances":null,"maxInstances":null,"ingressSettings":null,"environmentVariables":{"FIREBASE_CONFIG":"{\"projectId\":\"refreshing-website\",\"storageBucket\":\"refreshing-website.firebasestorage.app\"}","GCLOUD_PROJECT":"refreshing-website","EVENTARC_CLOUD_EVENT_SOURCE":"projects/refreshing-website/locations/us-central1/functions/auditAttendeesWrite"},"serviceAccountEmail":null,"availableMemoryMb":null,"timeout":null,"vpcConnector":null,"vpcConnectorEgressSettings":null,"sourceToken":"34a41cb0-eee3-467d-a60b-d9de6c7ee8e3","buildEnvironmentVariables":{"GOOGLE_NODE_RUN_SCRIPTS":""}}
[2026-08-10T03:15:28.294Z] >>> [apiv2][query] PATCH https://cloudfunctions.googleapis.com/v1/projects/refreshing-website/locations/us-central1/functions/purgeTrash updateMask=name%2CsourceUploadUrl%2CentryPoint%2Cruntime%2CdockerRegistry%2Clabels%2CeventTrigger.eventType%2CeventTrigger.resource%2CminInstances%2CmaxInstances%2CingressSettings%2CenvironmentVariables%2CserviceAccountEmail%2CavailableMemoryMb%2Ctimeout%2CvpcConnector%2CvpcConnectorEgressSettings%2CsourceToken%2CbuildEnvironmentVariables
[2026-08-10T03:15:28.294Z] >>> [apiv2][body] PATCH https://cloudfunctions.googleapis.com/v1/projects/refreshing-website/locations/us-central1/functions/purgeTrash {"name":"projects/refreshing-website/locations/us-central1/functions/purgeTrash","sourceUploadUrl":"https://storage.googleapis.com/uploads-836972235469.us-central1.cloudfunctions.appspot.com/d25e375b-b285-4ae6-92e7-2788b17d669c.zip?GoogleAccessId=service-832093857842@gcf-admin-robot.iam.gserviceaccount.com&Expires=1786333476&Signature=vodKr4jEv8OxG2kgtja5bkjca7lc4oW09Rk0uIElcJWMVvGfHW3uZTtf0Pxaa9GxMn8AMyP29kWMN9T5upIvLBuEwjRBEITXuHhGqefqzbyP995sP%2FwVvGjBen%2FRGzS8u0F12UgYd%2B6vfLlhqyiKHsaJd1XlNcOVZH5%2BKvMKO3A719qEdkg8Tv8sn%2F7n8PLZFCYQBZr53ba2f1Ap6poBC%2F3XWkvGpzx6V1xj%2F7EwWkOE%2Flk24kM%2F9rpvQ2EESgJWOfdwoBhFXmz8XxdR3comtFOtedwxI99qUzVIOU6uhTBZwOGE3LlH8G7NPmspxSBdg1FRMa5CjozRjP1w4n7c4A%3D%3D","entryPoint":"purgeTrash","runtime":"nodejs20","dockerRegistry":"ARTIFACT_REGISTRY","labels":{"deployment-tool":"cli-firebase","deployment-scheduled":"true","firebase-functions-hash":"4d0e9bd4750926bf686d9a2578c78b22796053a7"},"eventTrigger":{"eventType":"google.pubsub.topic.publish","resource":"projects/refreshing-website/topics/firebase-schedule-purgeTrash-us-central1"},"minInstances":null,"maxInstances":null,"ingressSettings":null,"environmentVariables":{"FIREBASE_CONFIG":"{\"projectId\":\"refreshing-website\",\"storageBucket\":\"refreshing-website.firebasestorage.app\"}","GCLOUD_PROJECT":"refreshing-website","EVENTARC_CLOUD_EVENT_SOURCE":"projects/refreshing-website/locations/us-central1/functions/purgeTrash"},"serviceAccountEmail":null,"availableMemoryMb":null,"timeout":null,"vpcConnector":null,"vpcConnectorEgressSettings":null,"sourceToken":"34a41cb0-eee3-467d-a60b-d9de6c7ee8e3","buildEnvironmentVariables":{"GOOGLE_NODE_RUN_SCRIPTS":""}}
[2026-08-10T03:15:28.296Z] >>> [apiv2][query] PATCH https://cloudfunctions.googleapis.com/v1/projects/refreshing-website/locations/us-central1/functions/pruneVersionHistory updateMask=name%2CsourceUploadUrl%2CentryPoint%2Cruntime%2CdockerRegistry%2Clabels%2CeventTrigger.eventType%2CeventTrigger.resource%2CminInstances%2CmaxInstances%2CingressSettings%2CenvironmentVariables%2CserviceAccountEmail%2CavailableMemoryMb%2Ctimeout%2CvpcConnector%2CvpcConnectorEgressSettings%2CsourceToken%2CbuildEnvironmentVariables
[2026-08-10T03:15:28.297Z] >>> [apiv2][body] PATCH https://cloudfunctions.googleapis.com/v1/projects/refreshing-website/locations/us-central1/functions/pruneVersionHistory {"name":"projects/refreshing-website/locations/us-central1/functions/pruneVersionHistory","sourceUploadUrl":"https://storage.googleapis.com/uploads-836972235469.us-central1.cloudfunctions.appspot.com/d25e375b-b285-4ae6-92e7-2788b17d669c.zip?GoogleAccessId=service-832093857842@gcf-admin-robot.iam.gserviceaccount.com&Expires=1786333476&Signature=vodKr4jEv8OxG2kgtja5bkjca7lc4oW09Rk0uIElcJWMVvGfHW3uZTtf0Pxaa9GxMn8AMyP29kWMN9T5upIvLBuEwjRBEITXuHhGqefqzbyP995sP%2FwVvGjBen%2FRGzS8u0F12UgYd%2B6vfLlhqyiKHsaJd1XlNcOVZH5%2BKvMKO3A719qEdkg8Tv8sn%2F7n8PLZFCYQBZr53ba2f1Ap6poBC%2F3XWkvGpzx6V1xj%2F7EwWkOE%2Flk24kM%2F9rpvQ2EESgJWOfdwoBhFXmz8XxdR3comtFOtedwxI99qUzVIOU6uhTBZwOGE3LlH8G7NPmspxSBdg1FRMa5CjozRjP1w4n7c4A%3D%3D","entryPoint":"pruneVersionHistory","runtime":"nodejs20","dockerRegistry":"ARTIFACT_REGISTRY","labels":{"deployment-tool":"cli-firebase","deployment-scheduled":"true","firebase-functions-hash":"4d0e9bd4750926bf686d9a2578c78b22796053a7"},"eventTrigger":{"eventType":"google.pubsub.topic.publish","resource":"projects/refreshing-website/topics/firebase-schedule-pruneVersionHistory-us-central1"},"minInstances":null,"maxInstances":null,"ingressSettings":null,"environmentVariables":{"FIREBASE_CONFIG":"{\"projectId\":\"refreshing-website\",\"storageBucket\":\"refreshing-website.firebasestorage.app\"}","GCLOUD_PROJECT":"refreshing-website","EVENTARC_CLOUD_EVENT_SOURCE":"projects/refreshing-website/locations/us-central1/functions/pruneVersionHistory"},"serviceAccountEmail":null,"availableMemoryMb":null,"timeout":null,"vpcConnector":null,"vpcConnectorEgressSettings":null,"sourceToken":"34a41cb0-eee3-467d-a60b-d9de6c7ee8e3","buildEnvironmentVariables":{"GOOGLE_NODE_RUN_SCRIPTS":""}}
[2026-08-10T03:15:28.298Z] >>> [apiv2][query] PATCH https://cloudfunctions.googleapis.com/v1/projects/refreshing-website/locations/us-central1/functions/provisionAdminAccount updateMask=name%2CsourceUploadUrl%2CentryPoint%2Cruntime%2CdockerRegistry%2Clabels%2ChttpsTrigger.securityLevel%2CminInstances%2CmaxInstances%2CingressSettings%2CenvironmentVariables%2CserviceAccountEmail%2CavailableMemoryMb%2Ctimeout%2CvpcConnector%2CvpcConnectorEgressSettings%2CsourceToken%2CbuildEnvironmentVariables
[2026-08-10T03:15:28.299Z] >>> [apiv2][body] PATCH https://cloudfunctions.googleapis.com/v1/projects/refreshing-website/locations/us-central1/functions/provisionAdminAccount {"name":"projects/refreshing-website/locations/us-central1/functions/provisionAdminAccount","sourceUploadUrl":"https://storage.googleapis.com/uploads-836972235469.us-central1.cloudfunctions.appspot.com/d25e375b-b285-4ae6-92e7-2788b17d669c.zip?GoogleAccessId=service-832093857842@gcf-admin-robot.iam.gserviceaccount.com&Expires=1786333476&Signature=vodKr4jEv8OxG2kgtja5bkjca7lc4oW09Rk0uIElcJWMVvGfHW3uZTtf0Pxaa9GxMn8AMyP29kWMN9T5upIvLBuEwjRBEITXuHhGqefqzbyP995sP%2FwVvGjBen%2FRGzS8u0F12UgYd%2B6vfLlhqyiKHsaJd1XlNcOVZH5%2BKvMKO3A719qEdkg8Tv8sn%2F7n8PLZFCYQBZr53ba2f1Ap6poBC%2F3XWkvGpzx6V1xj%2F7EwWkOE%2Flk24kM%2F9rpvQ2EESgJWOfdwoBhFXmz8XxdR3comtFOtedwxI99qUzVIOU6uhTBZwOGE3LlH8G7NPmspxSBdg1FRMa5CjozRjP1w4n7c4A%3D%3D","entryPoint":"provisionAdminAccount","runtime":"nodejs20","dockerRegistry":"ARTIFACT_REGISTRY","labels":{"deployment-tool":"cli-firebase","deployment-callable":"true","firebase-functions-hash":"4d0e9bd4750926bf686d9a2578c78b22796053a7"},"httpsTrigger":{"securityLevel":"SECURE_ALWAYS"},"minInstances":null,"maxInstances":null,"ingressSettings":null,"environmentVariables":{"FIREBASE_CONFIG":"{\"projectId\":\"refreshing-website\",\"storageBucket\":\"refreshing-website.firebasestorage.app\"}","GCLOUD_PROJECT":"refreshing-website","EVENTARC_CLOUD_EVENT_SOURCE":"projects/refreshing-website/locations/us-central1/functions/provisionAdminAccount"},"serviceAccountEmail":null,"availableMemoryMb":null,"timeout":null,"vpcConnector":null,"vpcConnectorEgressSettings":null,"sourceToken":"34a41cb0-eee3-467d-a60b-d9de6c7ee8e3","buildEnvironmentVariables":{"GOOGLE_NODE_RUN_SCRIPTS":""}}
[2026-08-10T03:15:28.908Z] <<< [apiv2][status] PATCH https://cloudfunctions.googleapis.com/v1/projects/refreshing-website/locations/us-central1/functions/acceptInvite 200
[2026-08-10T03:15:28.908Z] <<< [apiv2][body] PATCH https://cloudfunctions.googleapis.com/v1/projects/refreshing-website/locations/us-central1/functions/acceptInvite {"name":"operations/cmVmcmVzaGluZy13ZWJzaXRlL3VzLWNlbnRyYWwxL2FjY2VwdEludml0ZS9oeWo4Q1MxbTh0UQ","metadata":{"@type":"type.googleapis.com/google.cloud.functions.v1.OperationMetadataV1","target":"projects/refreshing-website/locations/us-central1/functions/acceptInvite","type":"UPDATE_FUNCTION","request":{"@type":"type.googleapis.com/google.cloud.functions.v1.CloudFunction","name":"projects/refreshing-website/locations/us-central1/functions/acceptInvite","httpsTrigger":{"url":"https://us-central1-refreshing-website.cloudfunctions.net/acceptInvite","securityLevel":"SECURE_ALWAYS"},"status":"ACTIVE","entryPoint":"acceptInvite","updateTime":"2026-08-10T03:12:39.067Z","versionId":"4","labels":{"deployment-tool":"cli-firebase","deployment-callable":"true","firebase-functions-hash":"4d0e9bd4750926bf686d9a2578c78b22796053a7"},"sourceUploadUrl":"https://storage.googleapis.com/uploads-836972235469.us-central1.cloudfunctions.appspot.com/d25e375b-b285-4ae6-92e7-2788b17d669c.zip?GoogleAccessId=service-832093857842@gcf-admin-robot.iam.gserviceaccount.com&Expires=1786333476&Signature=vodKr4jEv8OxG2kgtja5bkjca7lc4oW09Rk0uIElcJWMVvGfHW3uZTtf0Pxaa9GxMn8AMyP29kWMN9T5upIvLBuEwjRBEITXuHhGqefqzbyP995sP%2FwVvGjBen%2FRGzS8u0F12UgYd%2B6vfLlhqyiKHsaJd1XlNcOVZH5%2BKvMKO3A719qEdkg8Tv8sn%2F7n8PLZFCYQBZr53ba2f1Ap6poBC%2F3XWkvGpzx6V1xj%2F7EwWkOE%2Flk24kM%2F9rpvQ2EESgJWOfdwoBhFXmz8XxdR3comtFOtedwxI99qUzVIOU6uhTBZwOGE3LlH8G7NPmspxSBdg1FRMa5CjozRjP1w4n7c4A%3D%3D","environmentVariables":{"FIREBASE_CONFIG":"{\"projectId\":\"refreshing-website\",\"storageBucket\":\"refreshing-website.firebasestorage.app\"}","GCLOUD_PROJECT":"refreshing-website","EVENTARC_CLOUD_EVENT_SOURCE":"projects/refreshing-website/locations/us-central1/functions/acceptInvite"},"runtime":"nodejs20","buildId":"f5832f40-26c0-49b5-a0eb-5b522922e509","buildEnvironmentVariables":{"GOOGLE_NODE_RUN_SCRIPTS":""},"sourceToken":"34a41cb0-eee3-467d-a60b-d9de6c7ee8e3","buildName":"projects/832093857842/locations/us-central1/builds/f5832f40-26c0-49b5-a0eb-5b522922e509","dockerRegistry":"ARTIFACT_REGISTRY","automaticUpdatePolicy":{},"buildServiceAccount":"projects/refreshing-website/serviceAccounts/832093857842-compute@developer.gserviceaccount.com"},"versionId":"5","updateTime":"2026-08-10T03:15:28Z","sourceToken":"34a41cb0-eee3-467d-a60b-d9de6c7ee8e3"}}
[2026-08-10T03:15:28.910Z] Checked if tokens are valid: true, expires at: 1786334449855
[2026-08-10T03:15:28.910Z] Checked if tokens are valid: true, expires at: 1786334449855
[2026-08-10T03:15:28.911Z] >>> [apiv2][query] GET https://cloudfunctions.googleapis.com/v1/operations/cmVmcmVzaGluZy13ZWJzaXRlL3VzLWNlbnRyYWwxL2FjY2VwdEludml0ZS9oeWo4Q1MxbTh0UQ [none]
[2026-08-10T03:15:29.090Z] <<< [apiv2][status] PATCH https://cloudfunctions.googleapis.com/v1/projects/refreshing-website/locations/us-central1/functions/markCheckedIn 200
[2026-08-10T03:15:29.090Z] <<< [apiv2][body] PATCH https://cloudfunctions.googleapis.com/v1/projects/refreshing-website/locations/us-central1/functions/markCheckedIn {"name":"operations/cmVmcmVzaGluZy13ZWJzaXRlL3VzLWNlbnRyYWwxL21hcmtDaGVja2VkSW4vdUJkcW51U2xPSjA","metadata":{"@type":"type.googleapis.com/google.cloud.functions.v1.OperationMetadataV1","target":"projects/refreshing-website/locations/us-central1/functions/markCheckedIn","type":"UPDATE_FUNCTION","request":{"@type":"type.googleapis.com/google.cloud.functions.v1.CloudFunction","name":"projects/refreshing-website/locations/us-central1/functions/markCheckedIn","httpsTrigger":{"url":"https://us-central1-refreshing-website.cloudfunctions.net/markCheckedIn","securityLevel":"SECURE_ALWAYS"},"status":"ACTIVE","entryPoint":"markCheckedIn","updateTime":"2026-08-10T03:12:39.310Z","versionId":"4","labels":{"deployment-tool":"cli-firebase","deployment-callable":"true","firebase-functions-hash":"4d0e9bd4750926bf686d9a2578c78b22796053a7"},"sourceUploadUrl":"https://storage.googleapis.com/uploads-836972235469.us-central1.cloudfunctions.appspot.com/d25e375b-b285-4ae6-92e7-2788b17d669c.zip?GoogleAccessId=service-832093857842@gcf-admin-robot.iam.gserviceaccount.com&Expires=1786333476&Signature=vodKr4jEv8OxG2kgtja5bkjca7lc4oW09Rk0uIElcJWMVvGfHW3uZTtf0Pxaa9GxMn8AMyP29kWMN9T5upIvLBuEwjRBEITXuHhGqefqzbyP995sP%2FwVvGjBen%2FRGzS8u0F12UgYd%2B6vfLlhqyiKHsaJd1XlNcOVZH5%2BKvMKO3A719qEdkg8Tv8sn%2F7n8PLZFCYQBZr53ba2f1Ap6poBC%2F3XWkvGpzx6V1xj%2F7EwWkOE%2Flk24kM%2F9rpvQ2EESgJWOfdwoBhFXmz8XxdR3comtFOtedwxI99qUzVIOU6uhTBZwOGE3LlH8G7NPmspxSBdg1FRMa5CjozRjP1w4n7c4A%3D%3D","environmentVariables":{"FIREBASE_CONFIG":"{\"projectId\":\"refreshing-website\",\"storageBucket\":\"refreshing-website.firebasestorage.app\"}","GCLOUD_PROJECT":"refreshing-website","EVENTARC_CLOUD_EVENT_SOURCE":"projects/refreshing-website/locations/us-central1/functions/markCheckedIn"},"runtime":"nodejs20","buildId":"f5832f40-26c0-49b5-a0eb-5b522922e509","buildEnvironmentVariables":{"GOOGLE_NODE_RUN_SCRIPTS":""},"sourceToken":"34a41cb0-eee3-467d-a60b-d9de6c7ee8e3","buildName":"projects/832093857842/locations/us-central1/builds/f5832f40-26c0-49b5-a0eb-5b522922e509","dockerRegistry":"ARTIFACT_REGISTRY","automaticUpdatePolicy":{},"buildServiceAccount":"projects/refreshing-website/serviceAccounts/832093857842-compute@developer.gserviceaccount.com"},"versionId":"5","updateTime":"2026-08-10T03:15:28Z","sourceToken":"34a41cb0-eee3-467d-a60b-d9de6c7ee8e3"}}
[2026-08-10T03:15:29.091Z] Checked if tokens are valid: true, expires at: 1786334449855
[2026-08-10T03:15:29.091Z] Checked if tokens are valid: true, expires at: 1786334449855
[2026-08-10T03:15:29.091Z] >>> [apiv2][query] GET https://cloudfunctions.googleapis.com/v1/operations/cmVmcmVzaGluZy13ZWJzaXRlL3VzLWNlbnRyYWwxL21hcmtDaGVja2VkSW4vdUJkcW51U2xPSjA [none]
[2026-08-10T03:15:29.106Z] <<< [apiv2][status] PATCH https://cloudfunctions.googleapis.com/v1/projects/refreshing-website/locations/us-central1/functions/auditMinistersWrite 200
[2026-08-10T03:15:29.107Z] <<< [apiv2][body] PATCH https://cloudfunctions.googleapis.com/v1/projects/refreshing-website/locations/us-central1/functions/auditMinistersWrite {"name":"operations/cmVmcmVzaGluZy13ZWJzaXRlL3VzLWNlbnRyYWwxL2F1ZGl0TWluaXN0ZXJzV3JpdGUvWlg4VjVGREpJUW8","metadata":{"@type":"type.googleapis.com/google.cloud.functions.v1.OperationMetadataV1","target":"projects/refreshing-website/locations/us-central1/functions/auditMinistersWrite","type":"UPDATE_FUNCTION","request":{"@type":"type.googleapis.com/google.cloud.functions.v1.CloudFunction","name":"projects/refreshing-website/locations/us-central1/functions/auditMinistersWrite","eventTrigger":{"eventType":"providers/cloud.firestore/eventTypes/document.write","resource":"projects/refreshing-website/databases/(default)/documents/events/{eventId}/ministers/{ministerId}","service":"firestore.googleapis.com"},"status":"ACTIVE","entryPoint":"auditMinistersWrite","updateTime":"2026-08-10T03:12:38.944Z","versionId":"4","labels":{"deployment-tool":"cli-firebase","firebase-functions-hash":"4d0e9bd4750926bf686d9a2578c78b22796053a7"},"sourceUploadUrl":"https://storage.googleapis.com/uploads-836972235469.us-central1.cloudfunctions.appspot.com/d25e375b-b285-4ae6-92e7-2788b17d669c.zip?GoogleAccessId=service-832093857842@gcf-admin-robot.iam.gserviceaccount.com&Expires=1786333476&Signature=vodKr4jEv8OxG2kgtja5bkjca7lc4oW09Rk0uIElcJWMVvGfHW3uZTtf0Pxaa9GxMn8AMyP29kWMN9T5upIvLBuEwjRBEITXuHhGqefqzbyP995sP%2FwVvGjBen%2FRGzS8u0F12UgYd%2B6vfLlhqyiKHsaJd1XlNcOVZH5%2BKvMKO3A719qEdkg8Tv8sn%2F7n8PLZFCYQBZr53ba2f1Ap6poBC%2F3XWkvGpzx6V1xj%2F7EwWkOE%2Flk24kM%2F9rpvQ2EESgJWOfdwoBhFXmz8XxdR3comtFOtedwxI99qUzVIOU6uhTBZwOGE3LlH8G7NPmspxSBdg1FRMa5CjozRjP1w4n7c4A%3D%3D","environmentVariables":{"FIREBASE_CONFIG":"{\"projectId\":\"refreshing-website\",\"storageBucket\":\"refreshing-website.firebasestorage.app\"}","GCLOUD_PROJECT":"refreshing-website","EVENTARC_CLOUD_EVENT_SOURCE":"projects/refreshing-website/locations/us-central1/functions/auditMinistersWrite"},"runtime":"nodejs20","buildId":"f5832f40-26c0-49b5-a0eb-5b522922e509","buildEnvironmentVariables":{"GOOGLE_NODE_RUN_SCRIPTS":""},"sourceToken":"34a41cb0-eee3-467d-a60b-d9de6c7ee8e3","buildName":"projects/832093857842/locations/us-central1/builds/f5832f40-26c0-49b5-a0eb-5b522922e509","dockerRegistry":"ARTIFACT_REGISTRY","automaticUpdatePolicy":{},"buildServiceAccount":"projects/refreshing-website/serviceAccounts/832093857842-compute@developer.gserviceaccount.com"},"versionId":"5","updateTime":"2026-08-10T03:15:28Z","sourceToken":"34a41cb0-eee3-467d-a60b-d9de6c7ee8e3"}}
[2026-08-10T03:15:29.107Z] Checked if tokens are valid: true, expires at: 1786334449855
[2026-08-10T03:15:29.107Z] Checked if tokens are valid: true, expires at: 1786334449855
[2026-08-10T03:15:29.108Z] >>> [apiv2][query] GET https://cloudfunctions.googleapis.com/v1/operations/cmVmcmVzaGluZy13ZWJzaXRlL3VzLWNlbnRyYWwxL2F1ZGl0TWluaXN0ZXJzV3JpdGUvWlg4VjVGREpJUW8 [none]
[2026-08-10T03:15:29.119Z] <<< [apiv2][status] PATCH https://cloudfunctions.googleapis.com/v1/projects/refreshing-website/locations/us-central1/functions/syncCheckinView 200
[2026-08-10T03:15:29.119Z] <<< [apiv2][body] PATCH https://cloudfunctions.googleapis.com/v1/projects/refreshing-website/locations/us-central1/functions/syncCheckinView {"name":"operations/cmVmcmVzaGluZy13ZWJzaXRlL3VzLWNlbnRyYWwxL3N5bmNDaGVja2luVmlldy9uQTM1UGJGYXpiZw","metadata":{"@type":"type.googleapis.com/google.cloud.functions.v1.OperationMetadataV1","target":"projects/refreshing-website/locations/us-central1/functions/syncCheckinView","type":"UPDATE_FUNCTION","request":{"@type":"type.googleapis.com/google.cloud.functions.v1.CloudFunction","name":"projects/refreshing-website/locations/us-central1/functions/syncCheckinView","eventTrigger":{"eventType":"providers/cloud.firestore/eventTypes/document.write","resource":"projects/refreshing-website/databases/(default)/documents/events/{eventId}/attendees/{attendeeId}","service":"firestore.googleapis.com"},"status":"ACTIVE","entryPoint":"syncCheckinView","updateTime":"2026-08-10T03:12:40.842Z","versionId":"4","labels":{"deployment-tool":"cli-firebase","firebase-functions-hash":"4d0e9bd4750926bf686d9a2578c78b22796053a7"},"sourceUploadUrl":"https://storage.googleapis.com/uploads-836972235469.us-central1.cloudfunctions.appspot.com/d25e375b-b285-4ae6-92e7-2788b17d669c.zip?GoogleAccessId=service-832093857842@gcf-admin-robot.iam.gserviceaccount.com&Expires=1786333476&Signature=vodKr4jEv8OxG2kgtja5bkjca7lc4oW09Rk0uIElcJWMVvGfHW3uZTtf0Pxaa9GxMn8AMyP29kWMN9T5upIvLBuEwjRBEITXuHhGqefqzbyP995sP%2FwVvGjBen%2FRGzS8u0F12UgYd%2B6vfLlhqyiKHsaJd1XlNcOVZH5%2BKvMKO3A719qEdkg8Tv8sn%2F7n8PLZFCYQBZr53ba2f1Ap6poBC%2F3XWkvGpzx6V1xj%2F7EwWkOE%2Flk24kM%2F9rpvQ2EESgJWOfdwoBhFXmz8XxdR3comtFOtedwxI99qUzVIOU6uhTBZwOGE3LlH8G7NPmspxSBdg1FRMa5CjozRjP1w4n7c4A%3D%3D","environmentVariables":{"FIREBASE_CONFIG":"{\"projectId\":\"refreshing-website\",\"storageBucket\":\"refreshing-website.firebasestorage.app\"}","GCLOUD_PROJECT":"refreshing-website","EVENTARC_CLOUD_EVENT_SOURCE":"projects/refreshing-website/locations/us-central1/functions/syncCheckinView"},"runtime":"nodejs20","buildId":"f5832f40-26c0-49b5-a0eb-5b522922e509","buildEnvironmentVariables":{"GOOGLE_NODE_RUN_SCRIPTS":""},"sourceToken":"34a41cb0-eee3-467d-a60b-d9de6c7ee8e3","buildName":"projects/832093857842/locations/us-central1/builds/f5832f40-26c0-49b5-a0eb-5b522922e509","dockerRegistry":"ARTIFACT_REGISTRY","automaticUpdatePolicy":{},"buildServiceAccount":"projects/refreshing-website/serviceAccounts/832093857842-compute@developer.gserviceaccount.com"},"versionId":"5","updateTime":"2026-08-10T03:15:28Z","sourceToken":"34a41cb0-eee3-467d-a60b-d9de6c7ee8e3"}}
[2026-08-10T03:15:29.120Z] Checked if tokens are valid: true, expires at: 1786334449855
[2026-08-10T03:15:29.120Z] Checked if tokens are valid: true, expires at: 1786334449855
[2026-08-10T03:15:29.120Z] >>> [apiv2][query] GET https://cloudfunctions.googleapis.com/v1/operations/cmVmcmVzaGluZy13ZWJzaXRlL3VzLWNlbnRyYWwxL3N5bmNDaGVja2luVmlldy9uQTM1UGJGYXpiZw [none]
[2026-08-10T03:15:29.126Z] <<< [apiv2][status] PATCH https://cloudfunctions.googleapis.com/v1/projects/refreshing-website/locations/us-central1/functions/auditSessionsWrite 200
[2026-08-10T03:15:29.126Z] <<< [apiv2][body] PATCH https://cloudfunctions.googleapis.com/v1/projects/refreshing-website/locations/us-central1/functions/auditSessionsWrite {"name":"operations/cmVmcmVzaGluZy13ZWJzaXRlL3VzLWNlbnRyYWwxL2F1ZGl0U2Vzc2lvbnNXcml0ZS9ZOHJSeDdXZ0xrUQ","metadata":{"@type":"type.googleapis.com/google.cloud.functions.v1.OperationMetadataV1","target":"projects/refreshing-website/locations/us-central1/functions/auditSessionsWrite","type":"UPDATE_FUNCTION","request":{"@type":"type.googleapis.com/google.cloud.functions.v1.CloudFunction","name":"projects/refreshing-website/locations/us-central1/functions/auditSessionsWrite","eventTrigger":{"eventType":"providers/cloud.firestore/eventTypes/document.write","resource":"projects/refreshing-website/databases/(default)/documents/events/{eventId}/sessions/{sessionId}","service":"firestore.googleapis.com"},"status":"ACTIVE","entryPoint":"auditSessionsWrite","updateTime":"2026-08-10T03:12:38.512Z","versionId":"4","labels":{"deployment-tool":"cli-firebase","firebase-functions-hash":"4d0e9bd4750926bf686d9a2578c78b22796053a7"},"sourceUploadUrl":"https://storage.googleapis.com/uploads-836972235469.us-central1.cloudfunctions.appspot.com/d25e375b-b285-4ae6-92e7-2788b17d669c.zip?GoogleAccessId=service-832093857842@gcf-admin-robot.iam.gserviceaccount.com&Expires=1786333476&Signature=vodKr4jEv8OxG2kgtja5bkjca7lc4oW09Rk0uIElcJWMVvGfHW3uZTtf0Pxaa9GxMn8AMyP29kWMN9T5upIvLBuEwjRBEITXuHhGqefqzbyP995sP%2FwVvGjBen%2FRGzS8u0F12UgYd%2B6vfLlhqyiKHsaJd1XlNcOVZH5%2BKvMKO3A719qEdkg8Tv8sn%2F7n8PLZFCYQBZr53ba2f1Ap6poBC%2F3XWkvGpzx6V1xj%2F7EwWkOE%2Flk24kM%2F9rpvQ2EESgJWOfdwoBhFXmz8XxdR3comtFOtedwxI99qUzVIOU6uhTBZwOGE3LlH8G7NPmspxSBdg1FRMa5CjozRjP1w4n7c4A%3D%3D","environmentVariables":{"FIREBASE_CONFIG":"{\"projectId\":\"refreshing-website\",\"storageBucket\":\"refreshing-website.firebasestorage.app\"}","GCLOUD_PROJECT":"refreshing-website","EVENTARC_CLOUD_EVENT_SOURCE":"projects/refreshing-website/locations/us-central1/functions/auditSessionsWrite"},"runtime":"nodejs20","buildId":"f5832f40-26c0-49b5-a0eb-5b522922e509","buildEnvironmentVariables":{"GOOGLE_NODE_RUN_SCRIPTS":""},"sourceToken":"34a41cb0-eee3-467d-a60b-d9de6c7ee8e3","buildName":"projects/832093857842/locations/us-central1/builds/f5832f40-26c0-49b5-a0eb-5b522922e509","dockerRegistry":"ARTIFACT_REGISTRY","automaticUpdatePolicy":{},"buildServiceAccount":"projects/refreshing-website/serviceAccounts/832093857842-compute@developer.gserviceaccount.com"},"versionId":"5","updateTime":"2026-08-10T03:15:28Z","sourceToken":"34a41cb0-eee3-467d-a60b-d9de6c7ee8e3"}}
[2026-08-10T03:15:29.127Z] Checked if tokens are valid: true, expires at: 1786334449855
[2026-08-10T03:15:29.127Z] Checked if tokens are valid: true, expires at: 1786334449855
[2026-08-10T03:15:29.127Z] >>> [apiv2][query] GET https://cloudfunctions.googleapis.com/v1/operations/cmVmcmVzaGluZy13ZWJzaXRlL3VzLWNlbnRyYWwxL2F1ZGl0U2Vzc2lvbnNXcml0ZS9ZOHJSeDdXZ0xrUQ [none]
[2026-08-10T03:15:29.131Z] <<< [apiv2][status] PATCH https://cloudfunctions.googleapis.com/v1/projects/refreshing-website/locations/us-central1/functions/revokeUserAccess 200
[2026-08-10T03:15:29.132Z] <<< [apiv2][body] PATCH https://cloudfunctions.googleapis.com/v1/projects/refreshing-website/locations/us-central1/functions/revokeUserAccess {"name":"operations/cmVmcmVzaGluZy13ZWJzaXRlL3VzLWNlbnRyYWwxL3Jldm9rZVVzZXJBY2Nlc3MvOFVjcEI3M05NdTQ","metadata":{"@type":"type.googleapis.com/google.cloud.functions.v1.OperationMetadataV1","target":"projects/refreshing-website/locations/us-central1/functions/revokeUserAccess","type":"UPDATE_FUNCTION","request":{"@type":"type.googleapis.com/google.cloud.functions.v1.CloudFunction","name":"projects/refreshing-website/locations/us-central1/functions/revokeUserAccess","httpsTrigger":{"url":"https://us-central1-refreshing-website.cloudfunctions.net/revokeUserAccess","securityLevel":"SECURE_ALWAYS"},"status":"ACTIVE","entryPoint":"revokeUserAccess","updateTime":"2026-08-10T03:12:38.596Z","versionId":"4","labels":{"deployment-tool":"cli-firebase","deployment-callable":"true","firebase-functions-hash":"4d0e9bd4750926bf686d9a2578c78b22796053a7"},"sourceUploadUrl":"https://storage.googleapis.com/uploads-836972235469.us-central1.cloudfunctions.appspot.com/d25e375b-b285-4ae6-92e7-2788b17d669c.zip?GoogleAccessId=service-832093857842@gcf-admin-robot.iam.gserviceaccount.com&Expires=1786333476&Signature=vodKr4jEv8OxG2kgtja5bkjca7lc4oW09Rk0uIElcJWMVvGfHW3uZTtf0Pxaa9GxMn8AMyP29kWMN9T5upIvLBuEwjRBEITXuHhGqefqzbyP995sP%2FwVvGjBen%2FRGzS8u0F12UgYd%2B6vfLlhqyiKHsaJd1XlNcOVZH5%2BKvMKO3A719qEdkg8Tv8sn%2F7n8PLZFCYQBZr53ba2f1Ap6poBC%2F3XWkvGpzx6V1xj%2F7EwWkOE%2Flk24kM%2F9rpvQ2EESgJWOfdwoBhFXmz8XxdR3comtFOtedwxI99qUzVIOU6uhTBZwOGE3LlH8G7NPmspxSBdg1FRMa5CjozRjP1w4n7c4A%3D%3D","environmentVariables":{"FIREBASE_CONFIG":"{\"projectId\":\"refreshing-website\",\"storageBucket\":\"refreshing-website.firebasestorage.app\"}","GCLOUD_PROJECT":"refreshing-website","EVENTARC_CLOUD_EVENT_SOURCE":"projects/refreshing-website/locations/us-central1/functions/revokeUserAccess"},"runtime":"nodejs20","buildId":"f5832f40-26c0-49b5-a0eb-5b522922e509","buildEnvironmentVariables":{"GOOGLE_NODE_RUN_SCRIPTS":""},"sourceToken":"34a41cb0-eee3-467d-a60b-d9de6c7ee8e3","buildName":"projects/832093857842/locations/us-central1/builds/f5832f40-26c0-49b5-a0eb-5b522922e509","dockerRegistry":"ARTIFACT_REGISTRY","automaticUpdatePolicy":{},"buildServiceAccount":"projects/refreshing-website/serviceAccounts/832093857842-compute@developer.gserviceaccount.com"},"versionId":"5","updateTime":"2026-08-10T03:15:28Z","sourceToken":"34a41cb0-eee3-467d-a60b-d9de6c7ee8e3"}}
[2026-08-10T03:15:29.132Z] Checked if tokens are valid: true, expires at: 1786334449855
[2026-08-10T03:15:29.132Z] Checked if tokens are valid: true, expires at: 1786334449855
[2026-08-10T03:15:29.133Z] >>> [apiv2][query] GET https://cloudfunctions.googleapis.com/v1/operations/cmVmcmVzaGluZy13ZWJzaXRlL3VzLWNlbnRyYWwxL3Jldm9rZVVzZXJBY2Nlc3MvOFVjcEI3M05NdTQ [none]
[2026-08-10T03:15:29.141Z] <<< [apiv2][status] PATCH https://cloudfunctions.googleapis.com/v1/projects/refreshing-website/locations/us-central1/functions/undoCheckIn 200
[2026-08-10T03:15:29.141Z] <<< [apiv2][body] PATCH https://cloudfunctions.googleapis.com/v1/projects/refreshing-website/locations/us-central1/functions/undoCheckIn {"name":"operations/cmVmcmVzaGluZy13ZWJzaXRlL3VzLWNlbnRyYWwxL3VuZG9DaGVja0luL0E0ckIyRFREX0ln","metadata":{"@type":"type.googleapis.com/google.cloud.functions.v1.OperationMetadataV1","target":"projects/refreshing-website/locations/us-central1/functions/undoCheckIn","type":"UPDATE_FUNCTION","request":{"@type":"type.googleapis.com/google.cloud.functions.v1.CloudFunction","name":"projects/refreshing-website/locations/us-central1/functions/undoCheckIn","httpsTrigger":{"url":"https://us-central1-refreshing-website.cloudfunctions.net/undoCheckIn","securityLevel":"SECURE_ALWAYS"},"status":"ACTIVE","entryPoint":"undoCheckIn","updateTime":"2026-08-10T03:12:41.295Z","versionId":"4","labels":{"deployment-tool":"cli-firebase","deployment-callable":"true","firebase-functions-hash":"4d0e9bd4750926bf686d9a2578c78b22796053a7"},"sourceUploadUrl":"https://storage.googleapis.com/uploads-836972235469.us-central1.cloudfunctions.appspot.com/d25e375b-b285-4ae6-92e7-2788b17d669c.zip?GoogleAccessId=service-832093857842@gcf-admin-robot.iam.gserviceaccount.com&Expires=1786333476&Signature=vodKr4jEv8OxG2kgtja5bkjca7lc4oW09Rk0uIElcJWMVvGfHW3uZTtf0Pxaa9GxMn8AMyP29kWMN9T5upIvLBuEwjRBEITXuHhGqefqzbyP995sP%2FwVvGjBen%2FRGzS8u0F12UgYd%2B6vfLlhqyiKHsaJd1XlNcOVZH5%2BKvMKO3A719qEdkg8Tv8sn%2F7n8PLZFCYQBZr53ba2f1Ap6poBC%2F3XWkvGpzx6V1xj%2F7EwWkOE%2Flk24kM%2F9rpvQ2EESgJWOfdwoBhFXmz8XxdR3comtFOtedwxI99qUzVIOU6uhTBZwOGE3LlH8G7NPmspxSBdg1FRMa5CjozRjP1w4n7c4A%3D%3D","environmentVariables":{"FIREBASE_CONFIG":"{\"projectId\":\"refreshing-website\",\"storageBucket\":\"refreshing-website.firebasestorage.app\"}","GCLOUD_PROJECT":"refreshing-website","EVENTARC_CLOUD_EVENT_SOURCE":"projects/refreshing-website/locations/us-central1/functions/undoCheckIn"},"runtime":"nodejs20","buildId":"f5832f40-26c0-49b5-a0eb-5b522922e509","buildEnvironmentVariables":{"GOOGLE_NODE_RUN_SCRIPTS":""},"sourceToken":"34a41cb0-eee3-467d-a60b-d9de6c7ee8e3","buildName":"projects/832093857842/locations/us-central1/builds/f5832f40-26c0-49b5-a0eb-5b522922e509","dockerRegistry":"ARTIFACT_REGISTRY","automaticUpdatePolicy":{},"buildServiceAccount":"projects/refreshing-website/serviceAccounts/832093857842-compute@developer.gserviceaccount.com"},"versionId":"5","updateTime":"2026-08-10T03:15:28Z","sourceToken":"34a41cb0-eee3-467d-a60b-d9de6c7ee8e3"}}
[2026-08-10T03:15:29.142Z] Checked if tokens are valid: true, expires at: 1786334449855
[2026-08-10T03:15:29.142Z] Checked if tokens are valid: true, expires at: 1786334449855
[2026-08-10T03:15:29.142Z] >>> [apiv2][query] GET https://cloudfunctions.googleapis.com/v1/operations/cmVmcmVzaGluZy13ZWJzaXRlL3VzLWNlbnRyYWwxL3VuZG9DaGVja0luL0E0ckIyRFREX0ln [none]
[2026-08-10T03:15:29.144Z] <<< [apiv2][status] PATCH https://cloudfunctions.googleapis.com/v1/projects/refreshing-website/locations/us-central1/functions/pruneVersionHistory 200
[2026-08-10T03:15:29.145Z] <<< [apiv2][body] PATCH https://cloudfunctions.googleapis.com/v1/projects/refreshing-website/locations/us-central1/functions/pruneVersionHistory {"name":"operations/cmVmcmVzaGluZy13ZWJzaXRlL3VzLWNlbnRyYWwxL3BydW5lVmVyc2lvbkhpc3RvcnkvY1JoNlZvNHZmYkE","metadata":{"@type":"type.googleapis.com/google.cloud.functions.v1.OperationMetadataV1","target":"projects/refreshing-website/locations/us-central1/functions/pruneVersionHistory","type":"UPDATE_FUNCTION","request":{"@type":"type.googleapis.com/google.cloud.functions.v1.CloudFunction","name":"projects/refreshing-website/locations/us-central1/functions/pruneVersionHistory","eventTrigger":{"eventType":"google.pubsub.topic.publish","resource":"projects/refreshing-website/topics/firebase-schedule-pruneVersionHistory-us-central1","service":"pubsub.googleapis.com","failurePolicy":{}},"status":"ACTIVE","entryPoint":"pruneVersionHistory","updateTime":"2026-08-10T03:12:38.388Z","versionId":"4","labels":{"deployment-tool":"cli-firebase","deployment-scheduled":"true","firebase-functions-hash":"4d0e9bd4750926bf686d9a2578c78b22796053a7"},"sourceUploadUrl":"https://storage.googleapis.com/uploads-836972235469.us-central1.cloudfunctions.appspot.com/d25e375b-b285-4ae6-92e7-2788b17d669c.zip?GoogleAccessId=service-832093857842@gcf-admin-robot.iam.gserviceaccount.com&Expires=1786333476&Signature=vodKr4jEv8OxG2kgtja5bkjca7lc4oW09Rk0uIElcJWMVvGfHW3uZTtf0Pxaa9GxMn8AMyP29kWMN9T5upIvLBuEwjRBEITXuHhGqefqzbyP995sP%2FwVvGjBen%2FRGzS8u0F12UgYd%2B6vfLlhqyiKHsaJd1XlNcOVZH5%2BKvMKO3A719qEdkg8Tv8sn%2F7n8PLZFCYQBZr53ba2f1Ap6poBC%2F3XWkvGpzx6V1xj%2F7EwWkOE%2Flk24kM%2F9rpvQ2EESgJWOfdwoBhFXmz8XxdR3comtFOtedwxI99qUzVIOU6uhTBZwOGE3LlH8G7NPmspxSBdg1FRMa5CjozRjP1w4n7c4A%3D%3D","environmentVariables":{"FIREBASE_CONFIG":"{\"projectId\":\"refreshing-website\",\"storageBucket\":\"refreshing-website.firebasestorage.app\"}","GCLOUD_PROJECT":"refreshing-website","EVENTARC_CLOUD_EVENT_SOURCE":"projects/refreshing-website/locations/us-central1/functions/pruneVersionHistory"},"runtime":"nodejs20","buildId":"f5832f40-26c0-49b5-a0eb-5b522922e509","buildEnvironmentVariables":{"GOOGLE_NODE_RUN_SCRIPTS":""},"sourceToken":"34a41cb0-eee3-467d-a60b-d9de6c7ee8e3","buildName":"projects/832093857842/locations/us-central1/builds/f5832f40-26c0-49b5-a0eb-5b522922e509","dockerRegistry":"ARTIFACT_REGISTRY","automaticUpdatePolicy":{},"buildServiceAccount":"projects/refreshing-website/serviceAccounts/832093857842-compute@developer.gserviceaccount.com"},"versionId":"5","updateTime":"2026-08-10T03:15:28Z","sourceToken":"34a41cb0-eee3-467d-a60b-d9de6c7ee8e3"}}
[2026-08-10T03:15:29.146Z] Checked if tokens are valid: true, expires at: 1786334449855
[2026-08-10T03:15:29.146Z] Checked if tokens are valid: true, expires at: 1786334449855
[2026-08-10T03:15:29.146Z] >>> [apiv2][query] GET https://cloudfunctions.googleapis.com/v1/operations/cmVmcmVzaGluZy13ZWJzaXRlL3VzLWNlbnRyYWwxL3BydW5lVmVyc2lvbkhpc3RvcnkvY1JoNlZvNHZmYkE [none]
[2026-08-10T03:15:29.157Z] <<< [apiv2][status] PATCH https://cloudfunctions.googleapis.com/v1/projects/refreshing-website/locations/us-central1/functions/setUserRole 200
[2026-08-10T03:15:29.157Z] <<< [apiv2][body] PATCH https://cloudfunctions.googleapis.com/v1/projects/refreshing-website/locations/us-central1/functions/setUserRole {"name":"operations/cmVmcmVzaGluZy13ZWJzaXRlL3VzLWNlbnRyYWwxL3NldFVzZXJSb2xlL0tBQlBSWWt4aFJj","metadata":{"@type":"type.googleapis.com/google.cloud.functions.v1.OperationMetadataV1","target":"projects/refreshing-website/locations/us-central1/functions/setUserRole","type":"UPDATE_FUNCTION","request":{"@type":"type.googleapis.com/google.cloud.functions.v1.CloudFunction","name":"projects/refreshing-website/locations/us-central1/functions/setUserRole","httpsTrigger":{"url":"https://us-central1-refreshing-website.cloudfunctions.net/setUserRole","securityLevel":"SECURE_ALWAYS"},"status":"ACTIVE","entryPoint":"setUserRole","updateTime":"2026-08-10T03:12:36.232Z","versionId":"4","labels":{"deployment-tool":"cli-firebase","deployment-callable":"true","firebase-functions-hash":"4d0e9bd4750926bf686d9a2578c78b22796053a7"},"sourceUploadUrl":"https://storage.googleapis.com/uploads-836972235469.us-central1.cloudfunctions.appspot.com/d25e375b-b285-4ae6-92e7-2788b17d669c.zip?GoogleAccessId=service-832093857842@gcf-admin-robot.iam.gserviceaccount.com&Expires=1786333476&Signature=vodKr4jEv8OxG2kgtja5bkjca7lc4oW09Rk0uIElcJWMVvGfHW3uZTtf0Pxaa9GxMn8AMyP29kWMN9T5upIvLBuEwjRBEITXuHhGqefqzbyP995sP%2FwVvGjBen%2FRGzS8u0F12UgYd%2B6vfLlhqyiKHsaJd1XlNcOVZH5%2BKvMKO3A719qEdkg8Tv8sn%2F7n8PLZFCYQBZr53ba2f1Ap6poBC%2F3XWkvGpzx6V1xj%2F7EwWkOE%2Flk24kM%2F9rpvQ2EESgJWOfdwoBhFXmz8XxdR3comtFOtedwxI99qUzVIOU6uhTBZwOGE3LlH8G7NPmspxSBdg1FRMa5CjozRjP1w4n7c4A%3D%3D","environmentVariables":{"FIREBASE_CONFIG":"{\"projectId\":\"refreshing-website\",\"storageBucket\":\"refreshing-website.firebasestorage.app\"}","GCLOUD_PROJECT":"refreshing-website","EVENTARC_CLOUD_EVENT_SOURCE":"projects/refreshing-website/locations/us-central1/functions/setUserRole"},"runtime":"nodejs20","buildId":"f5832f40-26c0-49b5-a0eb-5b522922e509","buildEnvironmentVariables":{"GOOGLE_NODE_RUN_SCRIPTS":""},"sourceToken":"34a41cb0-eee3-467d-a60b-d9de6c7ee8e3","buildName":"projects/832093857842/locations/us-central1/builds/f5832f40-26c0-49b5-a0eb-5b522922e509","dockerRegistry":"ARTIFACT_REGISTRY","automaticUpdatePolicy":{},"buildServiceAccount":"projects/refreshing-website/serviceAccounts/832093857842-compute@developer.gserviceaccount.com"},"versionId":"5","updateTime":"2026-08-10T03:15:28Z","sourceToken":"34a41cb0-eee3-467d-a60b-d9de6c7ee8e3"}}
[2026-08-10T03:15:29.157Z] Checked if tokens are valid: true, expires at: 1786334449855
[2026-08-10T03:15:29.157Z] Checked if tokens are valid: true, expires at: 1786334449855
[2026-08-10T03:15:29.158Z] >>> [apiv2][query] GET https://cloudfunctions.googleapis.com/v1/operations/cmVmcmVzaGluZy13ZWJzaXRlL3VzLWNlbnRyYWwxL3NldFVzZXJSb2xlL0tBQlBSWWt4aFJj [none]
[2026-08-10T03:15:29.160Z] <<< [apiv2][status] PATCH https://cloudfunctions.googleapis.com/v1/projects/refreshing-website/locations/us-central1/functions/provisionAdminAccount 200
[2026-08-10T03:15:29.160Z] <<< [apiv2][body] PATCH https://cloudfunctions.googleapis.com/v1/projects/refreshing-website/locations/us-central1/functions/provisionAdminAccount {"name":"operations/cmVmcmVzaGluZy13ZWJzaXRlL3VzLWNlbnRyYWwxL3Byb3Zpc2lvbkFkbWluQWNjb3VudC91cXEwUGxIRm5Fdw","metadata":{"@type":"type.googleapis.com/google.cloud.functions.v1.OperationMetadataV1","target":"projects/refreshing-website/locations/us-central1/functions/provisionAdminAccount","type":"UPDATE_FUNCTION","request":{"@type":"type.googleapis.com/google.cloud.functions.v1.CloudFunction","name":"projects/refreshing-website/locations/us-central1/functions/provisionAdminAccount","httpsTrigger":{"url":"https://us-central1-refreshing-website.cloudfunctions.net/provisionAdminAccount","securityLevel":"SECURE_ALWAYS"},"status":"ACTIVE","entryPoint":"provisionAdminAccount","updateTime":"2026-08-10T03:12:35.356Z","versionId":"4","labels":{"deployment-tool":"cli-firebase","deployment-callable":"true","firebase-functions-hash":"4d0e9bd4750926bf686d9a2578c78b22796053a7"},"sourceUploadUrl":"https://storage.googleapis.com/uploads-836972235469.us-central1.cloudfunctions.appspot.com/d25e375b-b285-4ae6-92e7-2788b17d669c.zip?GoogleAccessId=service-832093857842@gcf-admin-robot.iam.gserviceaccount.com&Expires=1786333476&Signature=vodKr4jEv8OxG2kgtja5bkjca7lc4oW09Rk0uIElcJWMVvGfHW3uZTtf0Pxaa9GxMn8AMyP29kWMN9T5upIvLBuEwjRBEITXuHhGqefqzbyP995sP%2FwVvGjBen%2FRGzS8u0F12UgYd%2B6vfLlhqyiKHsaJd1XlNcOVZH5%2BKvMKO3A719qEdkg8Tv8sn%2F7n8PLZFCYQBZr53ba2f1Ap6poBC%2F3XWkvGpzx6V1xj%2F7EwWkOE%2Flk24kM%2F9rpvQ2EESgJWOfdwoBhFXmz8XxdR3comtFOtedwxI99qUzVIOU6uhTBZwOGE3LlH8G7NPmspxSBdg1FRMa5CjozRjP1w4n7c4A%3D%3D","environmentVariables":{"FIREBASE_CONFIG":"{\"projectId\":\"refreshing-website\",\"storageBucket\":\"refreshing-website.firebasestorage.app\"}","GCLOUD_PROJECT":"refreshing-website","EVENTARC_CLOUD_EVENT_SOURCE":"projects/refreshing-website/locations/us-central1/functions/provisionAdminAccount"},"runtime":"nodejs20","buildId":"f5832f40-26c0-49b5-a0eb-5b522922e509","buildEnvironmentVariables":{"GOOGLE_NODE_RUN_SCRIPTS":""},"sourceToken":"34a41cb0-eee3-467d-a60b-d9de6c7ee8e3","buildName":"projects/832093857842/locations/us-central1/builds/f5832f40-26c0-49b5-a0eb-5b522922e509","dockerRegistry":"ARTIFACT_REGISTRY","automaticUpdatePolicy":{},"buildServiceAccount":"projects/refreshing-website/serviceAccounts/832093857842-compute@developer.gserviceaccount.com"},"versionId":"5","updateTime":"2026-08-10T03:15:28Z","sourceToken":"34a41cb0-eee3-467d-a60b-d9de6c7ee8e3"}}
[2026-08-10T03:15:29.160Z] Checked if tokens are valid: true, expires at: 1786334449855
[2026-08-10T03:15:29.161Z] Checked if tokens are valid: true, expires at: 1786334449855
[2026-08-10T03:15:29.161Z] >>> [apiv2][query] GET https://cloudfunctions.googleapis.com/v1/operations/cmVmcmVzaGluZy13ZWJzaXRlL3VzLWNlbnRyYWwxL3Byb3Zpc2lvbkFkbWluQWNjb3VudC91cXEwUGxIRm5Fdw [none]
[2026-08-10T03:15:29.214Z] <<< [apiv2][status] PATCH https://cloudfunctions.googleapis.com/v1/projects/refreshing-website/locations/us-central1/functions/auditAttendeesWrite 200
[2026-08-10T03:15:29.214Z] <<< [apiv2][body] PATCH https://cloudfunctions.googleapis.com/v1/projects/refreshing-website/locations/us-central1/functions/auditAttendeesWrite {"name":"operations/cmVmcmVzaGluZy13ZWJzaXRlL3VzLWNlbnRyYWwxL2F1ZGl0QXR0ZW5kZWVzV3JpdGUvdEVIRmgzb1o4TDg","metadata":{"@type":"type.googleapis.com/google.cloud.functions.v1.OperationMetadataV1","target":"projects/refreshing-website/locations/us-central1/functions/auditAttendeesWrite","type":"UPDATE_FUNCTION","request":{"@type":"type.googleapis.com/google.cloud.functions.v1.CloudFunction","name":"projects/refreshing-website/locations/us-central1/functions/auditAttendeesWrite","eventTrigger":{"eventType":"providers/cloud.firestore/eventTypes/document.write","resource":"projects/refreshing-website/databases/(default)/documents/events/{eventId}/attendees/{attendeeId}","service":"firestore.googleapis.com"},"status":"ACTIVE","entryPoint":"auditAttendeesWrite","updateTime":"2026-08-10T03:12:35.311Z","versionId":"4","labels":{"deployment-tool":"cli-firebase","firebase-functions-hash":"4d0e9bd4750926bf686d9a2578c78b22796053a7"},"sourceUploadUrl":"https://storage.googleapis.com/uploads-836972235469.us-central1.cloudfunctions.appspot.com/d25e375b-b285-4ae6-92e7-2788b17d669c.zip?GoogleAccessId=service-832093857842@gcf-admin-robot.iam.gserviceaccount.com&Expires=1786333476&Signature=vodKr4jEv8OxG2kgtja5bkjca7lc4oW09Rk0uIElcJWMVvGfHW3uZTtf0Pxaa9GxMn8AMyP29kWMN9T5upIvLBuEwjRBEITXuHhGqefqzbyP995sP%2FwVvGjBen%2FRGzS8u0F12UgYd%2B6vfLlhqyiKHsaJd1XlNcOVZH5%2BKvMKO3A719qEdkg8Tv8sn%2F7n8PLZFCYQBZr53ba2f1Ap6poBC%2F3XWkvGpzx6V1xj%2F7EwWkOE%2Flk24kM%2F9rpvQ2EESgJWOfdwoBhFXmz8XxdR3comtFOtedwxI99qUzVIOU6uhTBZwOGE3LlH8G7NPmspxSBdg1FRMa5CjozRjP1w4n7c4A%3D%3D","environmentVariables":{"FIREBASE_CONFIG":"{\"projectId\":\"refreshing-website\",\"storageBucket\":\"refreshing-website.firebasestorage.app\"}","GCLOUD_PROJECT":"refreshing-website","EVENTARC_CLOUD_EVENT_SOURCE":"projects/refreshing-website/locations/us-central1/functions/auditAttendeesWrite"},"runtime":"nodejs20","buildId":"f5832f40-26c0-49b5-a0eb-5b522922e509","buildEnvironmentVariables":{"GOOGLE_NODE_RUN_SCRIPTS":""},"sourceToken":"34a41cb0-eee3-467d-a60b-d9de6c7ee8e3","buildName":"projects/832093857842/locations/us-central1/builds/f5832f40-26c0-49b5-a0eb-5b522922e509","dockerRegistry":"ARTIFACT_REGISTRY","automaticUpdatePolicy":{},"buildServiceAccount":"projects/refreshing-website/serviceAccounts/832093857842-compute@developer.gserviceaccount.com"},"versionId":"5","updateTime":"2026-08-10T03:15:28Z","sourceToken":"34a41cb0-eee3-467d-a60b-d9de6c7ee8e3"}}
[2026-08-10T03:15:29.215Z] Checked if tokens are valid: true, expires at: 1786334449855
[2026-08-10T03:15:29.215Z] Checked if tokens are valid: true, expires at: 1786334449855
[2026-08-10T03:15:29.216Z] >>> [apiv2][query] GET https://cloudfunctions.googleapis.com/v1/operations/cmVmcmVzaGluZy13ZWJzaXRlL3VzLWNlbnRyYWwxL2F1ZGl0QXR0ZW5kZWVzV3JpdGUvdEVIRmgzb1o4TDg [none]
[2026-08-10T03:15:29.219Z] <<< [apiv2][status] GET https://cloudfunctions.googleapis.com/v1/operations/cmVmcmVzaGluZy13ZWJzaXRlL3VzLWNlbnRyYWwxL2FjY2VwdEludml0ZS9oeWo4Q1MxbTh0UQ 200
[2026-08-10T03:15:29.219Z] <<< [apiv2][body] GET https://cloudfunctions.googleapis.com/v1/operations/cmVmcmVzaGluZy13ZWJzaXRlL3VzLWNlbnRyYWwxL2FjY2VwdEludml0ZS9oeWo4Q1MxbTh0UQ {"name":"operations/cmVmcmVzaGluZy13ZWJzaXRlL3VzLWNlbnRyYWwxL2FjY2VwdEludml0ZS9oeWo4Q1MxbTh0UQ","metadata":{"@type":"type.googleapis.com/google.cloud.functions.v1.OperationMetadataV1","target":"projects/refreshing-website/locations/us-central1/functions/acceptInvite","type":"UPDATE_FUNCTION","request":{"@type":"type.googleapis.com/google.cloud.functions.v1.CloudFunction","name":"projects/refreshing-website/locations/us-central1/functions/acceptInvite","httpsTrigger":{"url":"https://us-central1-refreshing-website.cloudfunctions.net/acceptInvite","securityLevel":"SECURE_ALWAYS"},"status":"ACTIVE","entryPoint":"acceptInvite","updateTime":"2026-08-10T03:12:39.067Z","versionId":"4","labels":{"deployment-tool":"cli-firebase","deployment-callable":"true","firebase-functions-hash":"4d0e9bd4750926bf686d9a2578c78b22796053a7"},"sourceUploadUrl":"https://storage.googleapis.com/uploads-836972235469.us-central1.cloudfunctions.appspot.com/d25e375b-b285-4ae6-92e7-2788b17d669c.zip?GoogleAccessId=service-832093857842@gcf-admin-robot.iam.gserviceaccount.com&Expires=1786333476&Signature=vodKr4jEv8OxG2kgtja5bkjca7lc4oW09Rk0uIElcJWMVvGfHW3uZTtf0Pxaa9GxMn8AMyP29kWMN9T5upIvLBuEwjRBEITXuHhGqefqzbyP995sP%2FwVvGjBen%2FRGzS8u0F12UgYd%2B6vfLlhqyiKHsaJd1XlNcOVZH5%2BKvMKO3A719qEdkg8Tv8sn%2F7n8PLZFCYQBZr53ba2f1Ap6poBC%2F3XWkvGpzx6V1xj%2F7EwWkOE%2Flk24kM%2F9rpvQ2EESgJWOfdwoBhFXmz8XxdR3comtFOtedwxI99qUzVIOU6uhTBZwOGE3LlH8G7NPmspxSBdg1FRMa5CjozRjP1w4n7c4A%3D%3D","environmentVariables":{"FIREBASE_CONFIG":"{\"projectId\":\"refreshing-website\",\"storageBucket\":\"refreshing-website.firebasestorage.app\"}","GCLOUD_PROJECT":"refreshing-website","EVENTARC_CLOUD_EVENT_SOURCE":"projects/refreshing-website/locations/us-central1/functions/acceptInvite"},"runtime":"nodejs20","buildId":"f5832f40-26c0-49b5-a0eb-5b522922e509","buildEnvironmentVariables":{"GOOGLE_NODE_RUN_SCRIPTS":""},"sourceToken":"34a41cb0-eee3-467d-a60b-d9de6c7ee8e3","buildName":"projects/832093857842/locations/us-central1/builds/f5832f40-26c0-49b5-a0eb-5b522922e509","dockerRegistry":"ARTIFACT_REGISTRY","automaticUpdatePolicy":{},"buildServiceAccount":"projects/refreshing-website/serviceAccounts/832093857842-compute@developer.gserviceaccount.com"},"versionId":"5","updateTime":"2026-08-10T03:15:28Z","sourceToken":"34a41cb0-eee3-467d-a60b-d9de6c7ee8e3"}}
[2026-08-10T03:15:29.219Z] Got source token 34a41cb0-eee3-467d-a60b-d9de6c7ee8e3 for region us-central1
[2026-08-10T03:15:29.224Z] <<< [apiv2][status] PATCH https://cloudfunctions.googleapis.com/v1/projects/refreshing-website/locations/us-central1/functions/purgeTrash 200
[2026-08-10T03:15:29.225Z] <<< [apiv2][body] PATCH https://cloudfunctions.googleapis.com/v1/projects/refreshing-website/locations/us-central1/functions/purgeTrash {"name":"operations/cmVmcmVzaGluZy13ZWJzaXRlL3VzLWNlbnRyYWwxL3B1cmdlVHJhc2gvV3p6OXBZZlQtVDg","metadata":{"@type":"type.googleapis.com/google.cloud.functions.v1.OperationMetadataV1","target":"projects/refreshing-website/locations/us-central1/functions/purgeTrash","type":"UPDATE_FUNCTION","request":{"@type":"type.googleapis.com/google.cloud.functions.v1.CloudFunction","name":"projects/refreshing-website/locations/us-central1/functions/purgeTrash","eventTrigger":{"eventType":"google.pubsub.topic.publish","resource":"projects/refreshing-website/topics/firebase-schedule-purgeTrash-us-central1","service":"pubsub.googleapis.com","failurePolicy":{}},"status":"ACTIVE","entryPoint":"purgeTrash","updateTime":"2026-08-10T03:12:38.428Z","versionId":"4","labels":{"deployment-tool":"cli-firebase","deployment-scheduled":"true","firebase-functions-hash":"4d0e9bd4750926bf686d9a2578c78b22796053a7"},"sourceUploadUrl":"https://storage.googleapis.com/uploads-836972235469.us-central1.cloudfunctions.appspot.com/d25e375b-b285-4ae6-92e7-2788b17d669c.zip?GoogleAccessId=service-832093857842@gcf-admin-robot.iam.gserviceaccount.com&Expires=1786333476&Signature=vodKr4jEv8OxG2kgtja5bkjca7lc4oW09Rk0uIElcJWMVvGfHW3uZTtf0Pxaa9GxMn8AMyP29kWMN9T5upIvLBuEwjRBEITXuHhGqefqzbyP995sP%2FwVvGjBen%2FRGzS8u0F12UgYd%2B6vfLlhqyiKHsaJd1XlNcOVZH5%2BKvMKO3A719qEdkg8Tv8sn%2F7n8PLZFCYQBZr53ba2f1Ap6poBC%2F3XWkvGpzx6V1xj%2F7EwWkOE%2Flk24kM%2F9rpvQ2EESgJWOfdwoBhFXmz8XxdR3comtFOtedwxI99qUzVIOU6uhTBZwOGE3LlH8G7NPmspxSBdg1FRMa5CjozRjP1w4n7c4A%3D%3D","environmentVariables":{"FIREBASE_CONFIG":"{\"projectId\":\"refreshing-website\",\"storageBucket\":\"refreshing-website.firebasestorage.app\"}","GCLOUD_PROJECT":"refreshing-website","EVENTARC_CLOUD_EVENT_SOURCE":"projects/refreshing-website/locations/us-central1/functions/purgeTrash"},"runtime":"nodejs20","buildId":"f5832f40-26c0-49b5-a0eb-5b522922e509","buildEnvironmentVariables":{"GOOGLE_NODE_RUN_SCRIPTS":""},"sourceToken":"34a41cb0-eee3-467d-a60b-d9de6c7ee8e3","buildName":"projects/832093857842/locations/us-central1/builds/f5832f40-26c0-49b5-a0eb-5b522922e509","dockerRegistry":"ARTIFACT_REGISTRY","automaticUpdatePolicy":{},"buildServiceAccount":"projects/refreshing-website/serviceAccounts/832093857842-compute@developer.gserviceaccount.com"},"versionId":"5","updateTime":"2026-08-10T03:15:28Z","sourceToken":"34a41cb0-eee3-467d-a60b-d9de6c7ee8e3"}}
[2026-08-10T03:15:29.225Z] Checked if tokens are valid: true, expires at: 1786334449855
[2026-08-10T03:15:29.225Z] Checked if tokens are valid: true, expires at: 1786334449855
[2026-08-10T03:15:29.225Z] >>> [apiv2][query] GET https://cloudfunctions.googleapis.com/v1/operations/cmVmcmVzaGluZy13ZWJzaXRlL3VzLWNlbnRyYWwxL3B1cmdlVHJhc2gvV3p6OXBZZlQtVDg [none]
[2026-08-10T03:15:29.411Z] <<< [apiv2][status] GET https://cloudfunctions.googleapis.com/v1/operations/cmVmcmVzaGluZy13ZWJzaXRlL3VzLWNlbnRyYWwxL2F1ZGl0TWluaXN0ZXJzV3JpdGUvWlg4VjVGREpJUW8 200
[2026-08-10T03:15:29.412Z] <<< [apiv2][body] GET https://cloudfunctions.googleapis.com/v1/operations/cmVmcmVzaGluZy13ZWJzaXRlL3VzLWNlbnRyYWwxL2F1ZGl0TWluaXN0ZXJzV3JpdGUvWlg4VjVGREpJUW8 {"name":"operations/cmVmcmVzaGluZy13ZWJzaXRlL3VzLWNlbnRyYWwxL2F1ZGl0TWluaXN0ZXJzV3JpdGUvWlg4VjVGREpJUW8","metadata":{"@type":"type.googleapis.com/google.cloud.functions.v1.OperationMetadataV1","target":"projects/refreshing-website/locations/us-central1/functions/auditMinistersWrite","type":"UPDATE_FUNCTION","request":{"@type":"type.googleapis.com/google.cloud.functions.v1.CloudFunction","name":"projects/refreshing-website/locations/us-central1/functions/auditMinistersWrite","eventTrigger":{"eventType":"providers/cloud.firestore/eventTypes/document.write","resource":"projects/refreshing-website/databases/(default)/documents/events/{eventId}/ministers/{ministerId}","service":"firestore.googleapis.com"},"status":"ACTIVE","entryPoint":"auditMinistersWrite","updateTime":"2026-08-10T03:12:38.944Z","versionId":"4","labels":{"deployment-tool":"cli-firebase","firebase-functions-hash":"4d0e9bd4750926bf686d9a2578c78b22796053a7"},"sourceUploadUrl":"https://storage.googleapis.com/uploads-836972235469.us-central1.cloudfunctions.appspot.com/d25e375b-b285-4ae6-92e7-2788b17d669c.zip?GoogleAccessId=service-832093857842@gcf-admin-robot.iam.gserviceaccount.com&Expires=1786333476&Signature=vodKr4jEv8OxG2kgtja5bkjca7lc4oW09Rk0uIElcJWMVvGfHW3uZTtf0Pxaa9GxMn8AMyP29kWMN9T5upIvLBuEwjRBEITXuHhGqefqzbyP995sP%2FwVvGjBen%2FRGzS8u0F12UgYd%2B6vfLlhqyiKHsaJd1XlNcOVZH5%2BKvMKO3A719qEdkg8Tv8sn%2F7n8PLZFCYQBZr53ba2f1Ap6poBC%2F3XWkvGpzx6V1xj%2F7EwWkOE%2Flk24kM%2F9rpvQ2EESgJWOfdwoBhFXmz8XxdR3comtFOtedwxI99qUzVIOU6uhTBZwOGE3LlH8G7NPmspxSBdg1FRMa5CjozRjP1w4n7c4A%3D%3D","environmentVariables":{"FIREBASE_CONFIG":"{\"projectId\":\"refreshing-website\",\"storageBucket\":\"refreshing-website.firebasestorage.app\"}","GCLOUD_PROJECT":"refreshing-website","EVENTARC_CLOUD_EVENT_SOURCE":"projects/refreshing-website/locations/us-central1/functions/auditMinistersWrite"},"runtime":"nodejs20","buildId":"f5832f40-26c0-49b5-a0eb-5b522922e509","buildEnvironmentVariables":{"GOOGLE_NODE_RUN_SCRIPTS":""},"sourceToken":"34a41cb0-eee3-467d-a60b-d9de6c7ee8e3","buildName":"projects/832093857842/locations/us-central1/builds/f5832f40-26c0-49b5-a0eb-5b522922e509","dockerRegistry":"ARTIFACT_REGISTRY","automaticUpdatePolicy":{},"buildServiceAccount":"projects/refreshing-website/serviceAccounts/832093857842-compute@developer.gserviceaccount.com"},"versionId":"5","updateTime":"2026-08-10T03:15:28Z","sourceToken":"34a41cb0-eee3-467d-a60b-d9de6c7ee8e3"}}
[2026-08-10T03:15:29.412Z] Got source token 34a41cb0-eee3-467d-a60b-d9de6c7ee8e3 for region us-central1
[2026-08-10T03:15:29.428Z] <<< [apiv2][status] GET https://cloudfunctions.googleapis.com/v1/operations/cmVmcmVzaGluZy13ZWJzaXRlL3VzLWNlbnRyYWwxL21hcmtDaGVja2VkSW4vdUJkcW51U2xPSjA 200
[2026-08-10T03:15:29.428Z] <<< [apiv2][body] GET https://cloudfunctions.googleapis.com/v1/operations/cmVmcmVzaGluZy13ZWJzaXRlL3VzLWNlbnRyYWwxL21hcmtDaGVja2VkSW4vdUJkcW51U2xPSjA {"name":"operations/cmVmcmVzaGluZy13ZWJzaXRlL3VzLWNlbnRyYWwxL21hcmtDaGVja2VkSW4vdUJkcW51U2xPSjA","metadata":{"@type":"type.googleapis.com/google.cloud.functions.v1.OperationMetadataV1","target":"projects/refreshing-website/locations/us-central1/functions/markCheckedIn","type":"UPDATE_FUNCTION","request":{"@type":"type.googleapis.com/google.cloud.functions.v1.CloudFunction","name":"projects/refreshing-website/locations/us-central1/functions/markCheckedIn","httpsTrigger":{"url":"https://us-central1-refreshing-website.cloudfunctions.net/markCheckedIn","securityLevel":"SECURE_ALWAYS"},"status":"ACTIVE","entryPoint":"markCheckedIn","updateTime":"2026-08-10T03:12:39.310Z","versionId":"4","labels":{"deployment-tool":"cli-firebase","deployment-callable":"true","firebase-functions-hash":"4d0e9bd4750926bf686d9a2578c78b22796053a7"},"sourceUploadUrl":"https://storage.googleapis.com/uploads-836972235469.us-central1.cloudfunctions.appspot.com/d25e375b-b285-4ae6-92e7-2788b17d669c.zip?GoogleAccessId=service-832093857842@gcf-admin-robot.iam.gserviceaccount.com&Expires=1786333476&Signature=vodKr4jEv8OxG2kgtja5bkjca7lc4oW09Rk0uIElcJWMVvGfHW3uZTtf0Pxaa9GxMn8AMyP29kWMN9T5upIvLBuEwjRBEITXuHhGqefqzbyP995sP%2FwVvGjBen%2FRGzS8u0F12UgYd%2B6vfLlhqyiKHsaJd1XlNcOVZH5%2BKvMKO3A719qEdkg8Tv8sn%2F7n8PLZFCYQBZr53ba2f1Ap6poBC%2F3XWkvGpzx6V1xj%2F7EwWkOE%2Flk24kM%2F9rpvQ2EESgJWOfdwoBhFXmz8XxdR3comtFOtedwxI99qUzVIOU6uhTBZwOGE3LlH8G7NPmspxSBdg1FRMa5CjozRjP1w4n7c4A%3D%3D","environmentVariables":{"FIREBASE_CONFIG":"{\"projectId\":\"refreshing-website\",\"storageBucket\":\"refreshing-website.firebasestorage.app\"}","GCLOUD_PROJECT":"refreshing-website","EVENTARC_CLOUD_EVENT_SOURCE":"projects/refreshing-website/locations/us-central1/functions/markCheckedIn"},"runtime":"nodejs20","buildId":"f5832f40-26c0-49b5-a0eb-5b522922e509","buildEnvironmentVariables":{"GOOGLE_NODE_RUN_SCRIPTS":""},"sourceToken":"34a41cb0-eee3-467d-a60b-d9de6c7ee8e3","buildName":"projects/832093857842/locations/us-central1/builds/f5832f40-26c0-49b5-a0eb-5b522922e509","dockerRegistry":"ARTIFACT_REGISTRY","automaticUpdatePolicy":{},"buildServiceAccount":"projects/refreshing-website/serviceAccounts/832093857842-compute@developer.gserviceaccount.com"},"versionId":"5","updateTime":"2026-08-10T03:15:28Z","sourceToken":"34a41cb0-eee3-467d-a60b-d9de6c7ee8e3"}}
[2026-08-10T03:15:29.429Z] Got source token 34a41cb0-eee3-467d-a60b-d9de6c7ee8e3 for region us-central1
[2026-08-10T03:15:29.438Z] <<< [apiv2][status] GET https://cloudfunctions.googleapis.com/v1/operations/cmVmcmVzaGluZy13ZWJzaXRlL3VzLWNlbnRyYWwxL2F1ZGl0U2Vzc2lvbnNXcml0ZS9ZOHJSeDdXZ0xrUQ 200
[2026-08-10T03:15:29.438Z] <<< [apiv2][body] GET https://cloudfunctions.googleapis.com/v1/operations/cmVmcmVzaGluZy13ZWJzaXRlL3VzLWNlbnRyYWwxL2F1ZGl0U2Vzc2lvbnNXcml0ZS9ZOHJSeDdXZ0xrUQ {"name":"operations/cmVmcmVzaGluZy13ZWJzaXRlL3VzLWNlbnRyYWwxL2F1ZGl0U2Vzc2lvbnNXcml0ZS9ZOHJSeDdXZ0xrUQ","metadata":{"@type":"type.googleapis.com/google.cloud.functions.v1.OperationMetadataV1","target":"projects/refreshing-website/locations/us-central1/functions/auditSessionsWrite","type":"UPDATE_FUNCTION","request":{"@type":"type.googleapis.com/google.cloud.functions.v1.CloudFunction","name":"projects/refreshing-website/locations/us-central1/functions/auditSessionsWrite","eventTrigger":{"eventType":"providers/cloud.firestore/eventTypes/document.write","resource":"projects/refreshing-website/databases/(default)/documents/events/{eventId}/sessions/{sessionId}","service":"firestore.googleapis.com"},"status":"ACTIVE","entryPoint":"auditSessionsWrite","updateTime":"2026-08-10T03:12:38.512Z","versionId":"4","labels":{"deployment-tool":"cli-firebase","firebase-functions-hash":"4d0e9bd4750926bf686d9a2578c78b22796053a7"},"sourceUploadUrl":"https://storage.googleapis.com/uploads-836972235469.us-central1.cloudfunctions.appspot.com/d25e375b-b285-4ae6-92e7-2788b17d669c.zip?GoogleAccessId=service-832093857842@gcf-admin-robot.iam.gserviceaccount.com&Expires=1786333476&Signature=vodKr4jEv8OxG2kgtja5bkjca7lc4oW09Rk0uIElcJWMVvGfHW3uZTtf0Pxaa9GxMn8AMyP29kWMN9T5upIvLBuEwjRBEITXuHhGqefqzbyP995sP%2FwVvGjBen%2FRGzS8u0F12UgYd%2B6vfLlhqyiKHsaJd1XlNcOVZH5%2BKvMKO3A719qEdkg8Tv8sn%2F7n8PLZFCYQBZr53ba2f1Ap6poBC%2F3XWkvGpzx6V1xj%2F7EwWkOE%2Flk24kM%2F9rpvQ2EESgJWOfdwoBhFXmz8XxdR3comtFOtedwxI99qUzVIOU6uhTBZwOGE3LlH8G7NPmspxSBdg1FRMa5CjozRjP1w4n7c4A%3D%3D","environmentVariables":{"FIREBASE_CONFIG":"{\"projectId\":\"refreshing-website\",\"storageBucket\":\"refreshing-website.firebasestorage.app\"}","GCLOUD_PROJECT":"refreshing-website","EVENTARC_CLOUD_EVENT_SOURCE":"projects/refreshing-website/locations/us-central1/functions/auditSessionsWrite"},"runtime":"nodejs20","buildId":"f5832f40-26c0-49b5-a0eb-5b522922e509","buildEnvironmentVariables":{"GOOGLE_NODE_RUN_SCRIPTS":""},"sourceToken":"34a41cb0-eee3-467d-a60b-d9de6c7ee8e3","buildName":"projects/832093857842/locations/us-central1/builds/f5832f40-26c0-49b5-a0eb-5b522922e509","dockerRegistry":"ARTIFACT_REGISTRY","automaticUpdatePolicy":{},"buildServiceAccount":"projects/refreshing-website/serviceAccounts/832093857842-compute@developer.gserviceaccount.com"},"versionId":"5","updateTime":"2026-08-10T03:15:28Z","sourceToken":"34a41cb0-eee3-467d-a60b-d9de6c7ee8e3"}}
[2026-08-10T03:15:29.439Z] Got source token 34a41cb0-eee3-467d-a60b-d9de6c7ee8e3 for region us-central1
[2026-08-10T03:15:29.444Z] <<< [apiv2][status] GET https://cloudfunctions.googleapis.com/v1/operations/cmVmcmVzaGluZy13ZWJzaXRlL3VzLWNlbnRyYWwxL3Jldm9rZVVzZXJBY2Nlc3MvOFVjcEI3M05NdTQ 200
[2026-08-10T03:15:29.445Z] <<< [apiv2][body] GET https://cloudfunctions.googleapis.com/v1/operations/cmVmcmVzaGluZy13ZWJzaXRlL3VzLWNlbnRyYWwxL3Jldm9rZVVzZXJBY2Nlc3MvOFVjcEI3M05NdTQ {"name":"operations/cmVmcmVzaGluZy13ZWJzaXRlL3VzLWNlbnRyYWwxL3Jldm9rZVVzZXJBY2Nlc3MvOFVjcEI3M05NdTQ","metadata":{"@type":"type.googleapis.com/google.cloud.functions.v1.OperationMetadataV1","target":"projects/refreshing-website/locations/us-central1/functions/revokeUserAccess","type":"UPDATE_FUNCTION","request":{"@type":"type.googleapis.com/google.cloud.functions.v1.CloudFunction","name":"projects/refreshing-website/locations/us-central1/functions/revokeUserAccess","httpsTrigger":{"url":"https://us-central1-refreshing-website.cloudfunctions.net/revokeUserAccess","securityLevel":"SECURE_ALWAYS"},"status":"ACTIVE","entryPoint":"revokeUserAccess","updateTime":"2026-08-10T03:12:38.596Z","versionId":"4","labels":{"deployment-tool":"cli-firebase","deployment-callable":"true","firebase-functions-hash":"4d0e9bd4750926bf686d9a2578c78b22796053a7"},"sourceUploadUrl":"https://storage.googleapis.com/uploads-836972235469.us-central1.cloudfunctions.appspot.com/d25e375b-b285-4ae6-92e7-2788b17d669c.zip?GoogleAccessId=service-832093857842@gcf-admin-robot.iam.gserviceaccount.com&Expires=1786333476&Signature=vodKr4jEv8OxG2kgtja5bkjca7lc4oW09Rk0uIElcJWMVvGfHW3uZTtf0Pxaa9GxMn8AMyP29kWMN9T5upIvLBuEwjRBEITXuHhGqefqzbyP995sP%2FwVvGjBen%2FRGzS8u0F12UgYd%2B6vfLlhqyiKHsaJd1XlNcOVZH5%2BKvMKO3A719qEdkg8Tv8sn%2F7n8PLZFCYQBZr53ba2f1Ap6poBC%2F3XWkvGpzx6V1xj%2F7EwWkOE%2Flk24kM%2F9rpvQ2EESgJWOfdwoBhFXmz8XxdR3comtFOtedwxI99qUzVIOU6uhTBZwOGE3LlH8G7NPmspxSBdg1FRMa5CjozRjP1w4n7c4A%3D%3D","environmentVariables":{"FIREBASE_CONFIG":"{\"projectId\":\"refreshing-website\",\"storageBucket\":\"refreshing-website.firebasestorage.app\"}","GCLOUD_PROJECT":"refreshing-website","EVENTARC_CLOUD_EVENT_SOURCE":"projects/refreshing-website/locations/us-central1/functions/revokeUserAccess"},"runtime":"nodejs20","buildId":"f5832f40-26c0-49b5-a0eb-5b522922e509","buildEnvironmentVariables":{"GOOGLE_NODE_RUN_SCRIPTS":""},"sourceToken":"34a41cb0-eee3-467d-a60b-d9de6c7ee8e3","buildName":"projects/832093857842/locations/us-central1/builds/f5832f40-26c0-49b5-a0eb-5b522922e509","dockerRegistry":"ARTIFACT_REGISTRY","automaticUpdatePolicy":{},"buildServiceAccount":"projects/refreshing-website/serviceAccounts/832093857842-compute@developer.gserviceaccount.com"},"versionId":"5","updateTime":"2026-08-10T03:15:28Z","sourceToken":"34a41cb0-eee3-467d-a60b-d9de6c7ee8e3"}}
[2026-08-10T03:15:29.445Z] Got source token 34a41cb0-eee3-467d-a60b-d9de6c7ee8e3 for region us-central1
[2026-08-10T03:15:29.446Z] <<< [apiv2][status] GET https://cloudfunctions.googleapis.com/v1/operations/cmVmcmVzaGluZy13ZWJzaXRlL3VzLWNlbnRyYWwxL3VuZG9DaGVja0luL0E0ckIyRFREX0ln 200
[2026-08-10T03:15:29.446Z] <<< [apiv2][body] GET https://cloudfunctions.googleapis.com/v1/operations/cmVmcmVzaGluZy13ZWJzaXRlL3VzLWNlbnRyYWwxL3VuZG9DaGVja0luL0E0ckIyRFREX0ln {"name":"operations/cmVmcmVzaGluZy13ZWJzaXRlL3VzLWNlbnRyYWwxL3VuZG9DaGVja0luL0E0ckIyRFREX0ln","metadata":{"@type":"type.googleapis.com/google.cloud.functions.v1.OperationMetadataV1","target":"projects/refreshing-website/locations/us-central1/functions/undoCheckIn","type":"UPDATE_FUNCTION","request":{"@type":"type.googleapis.com/google.cloud.functions.v1.CloudFunction","name":"projects/refreshing-website/locations/us-central1/functions/undoCheckIn","httpsTrigger":{"url":"https://us-central1-refreshing-website.cloudfunctions.net/undoCheckIn","securityLevel":"SECURE_ALWAYS"},"status":"ACTIVE","entryPoint":"undoCheckIn","updateTime":"2026-08-10T03:12:41.295Z","versionId":"4","labels":{"deployment-tool":"cli-firebase","deployment-callable":"true","firebase-functions-hash":"4d0e9bd4750926bf686d9a2578c78b22796053a7"},"sourceUploadUrl":"https://storage.googleapis.com/uploads-836972235469.us-central1.cloudfunctions.appspot.com/d25e375b-b285-4ae6-92e7-2788b17d669c.zip?GoogleAccessId=service-832093857842@gcf-admin-robot.iam.gserviceaccount.com&Expires=1786333476&Signature=vodKr4jEv8OxG2kgtja5bkjca7lc4oW09Rk0uIElcJWMVvGfHW3uZTtf0Pxaa9GxMn8AMyP29kWMN9T5upIvLBuEwjRBEITXuHhGqefqzbyP995sP%2FwVvGjBen%2FRGzS8u0F12UgYd%2B6vfLlhqyiKHsaJd1XlNcOVZH5%2BKvMKO3A719qEdkg8Tv8sn%2F7n8PLZFCYQBZr53ba2f1Ap6poBC%2F3XWkvGpzx6V1xj%2F7EwWkOE%2Flk24kM%2F9rpvQ2EESgJWOfdwoBhFXmz8XxdR3comtFOtedwxI99qUzVIOU6uhTBZwOGE3LlH8G7NPmspxSBdg1FRMa5CjozRjP1w4n7c4A%3D%3D","environmentVariables":{"FIREBASE_CONFIG":"{\"projectId\":\"refreshing-website\",\"storageBucket\":\"refreshing-website.firebasestorage.app\"}","GCLOUD_PROJECT":"refreshing-website","EVENTARC_CLOUD_EVENT_SOURCE":"projects/refreshing-website/locations/us-central1/functions/undoCheckIn"},"runtime":"nodejs20","buildId":"f5832f40-26c0-49b5-a0eb-5b522922e509","buildEnvironmentVariables":{"GOOGLE_NODE_RUN_SCRIPTS":""},"sourceToken":"34a41cb0-eee3-467d-a60b-d9de6c7ee8e3","buildName":"projects/832093857842/locations/us-central1/builds/f5832f40-26c0-49b5-a0eb-5b522922e509","dockerRegistry":"ARTIFACT_REGISTRY","automaticUpdatePolicy":{},"buildServiceAccount":"projects/refreshing-website/serviceAccounts/832093857842-compute@developer.gserviceaccount.com"},"versionId":"5","updateTime":"2026-08-10T03:15:28Z","sourceToken":"34a41cb0-eee3-467d-a60b-d9de6c7ee8e3"}}
[2026-08-10T03:15:29.446Z] Got source token 34a41cb0-eee3-467d-a60b-d9de6c7ee8e3 for region us-central1
[2026-08-10T03:15:29.454Z] <<< [apiv2][status] GET https://cloudfunctions.googleapis.com/v1/operations/cmVmcmVzaGluZy13ZWJzaXRlL3VzLWNlbnRyYWwxL3Byb3Zpc2lvbkFkbWluQWNjb3VudC91cXEwUGxIRm5Fdw 200
[2026-08-10T03:15:29.454Z] <<< [apiv2][body] GET https://cloudfunctions.googleapis.com/v1/operations/cmVmcmVzaGluZy13ZWJzaXRlL3VzLWNlbnRyYWwxL3Byb3Zpc2lvbkFkbWluQWNjb3VudC91cXEwUGxIRm5Fdw {"name":"operations/cmVmcmVzaGluZy13ZWJzaXRlL3VzLWNlbnRyYWwxL3Byb3Zpc2lvbkFkbWluQWNjb3VudC91cXEwUGxIRm5Fdw","metadata":{"@type":"type.googleapis.com/google.cloud.functions.v1.OperationMetadataV1","target":"projects/refreshing-website/locations/us-central1/functions/provisionAdminAccount","type":"UPDATE_FUNCTION","request":{"@type":"type.googleapis.com/google.cloud.functions.v1.CloudFunction","name":"projects/refreshing-website/locations/us-central1/functions/provisionAdminAccount","httpsTrigger":{"url":"https://us-central1-refreshing-website.cloudfunctions.net/provisionAdminAccount","securityLevel":"SECURE_ALWAYS"},"status":"ACTIVE","entryPoint":"provisionAdminAccount","updateTime":"2026-08-10T03:12:35.356Z","versionId":"4","labels":{"deployment-tool":"cli-firebase","deployment-callable":"true","firebase-functions-hash":"4d0e9bd4750926bf686d9a2578c78b22796053a7"},"sourceUploadUrl":"https://storage.googleapis.com/uploads-836972235469.us-central1.cloudfunctions.appspot.com/d25e375b-b285-4ae6-92e7-2788b17d669c.zip?GoogleAccessId=service-832093857842@gcf-admin-robot.iam.gserviceaccount.com&Expires=1786333476&Signature=vodKr4jEv8OxG2kgtja5bkjca7lc4oW09Rk0uIElcJWMVvGfHW3uZTtf0Pxaa9GxMn8AMyP29kWMN9T5upIvLBuEwjRBEITXuHhGqefqzbyP995sP%2FwVvGjBen%2FRGzS8u0F12UgYd%2B6vfLlhqyiKHsaJd1XlNcOVZH5%2BKvMKO3A719qEdkg8Tv8sn%2F7n8PLZFCYQBZr53ba2f1Ap6poBC%2F3XWkvGpzx6V1xj%2F7EwWkOE%2Flk24kM%2F9rpvQ2EESgJWOfdwoBhFXmz8XxdR3comtFOtedwxI99qUzVIOU6uhTBZwOGE3LlH8G7NPmspxSBdg1FRMa5CjozRjP1w4n7c4A%3D%3D","environmentVariables":{"FIREBASE_CONFIG":"{\"projectId\":\"refreshing-website\",\"storageBucket\":\"refreshing-website.firebasestorage.app\"}","GCLOUD_PROJECT":"refreshing-website","EVENTARC_CLOUD_EVENT_SOURCE":"projects/refreshing-website/locations/us-central1/functions/provisionAdminAccount"},"runtime":"nodejs20","buildId":"f5832f40-26c0-49b5-a0eb-5b522922e509","buildEnvironmentVariables":{"GOOGLE_NODE_RUN_SCRIPTS":""},"sourceToken":"34a41cb0-eee3-467d-a60b-d9de6c7ee8e3","buildName":"projects/832093857842/locations/us-central1/builds/f5832f40-26c0-49b5-a0eb-5b522922e509","dockerRegistry":"ARTIFACT_REGISTRY","automaticUpdatePolicy":{},"buildServiceAccount":"projects/refreshing-website/serviceAccounts/832093857842-compute@developer.gserviceaccount.com"},"versionId":"5","updateTime":"2026-08-10T03:15:28Z","sourceToken":"34a41cb0-eee3-467d-a60b-d9de6c7ee8e3"}}
[2026-08-10T03:15:29.455Z] Got source token 34a41cb0-eee3-467d-a60b-d9de6c7ee8e3 for region us-central1
[2026-08-10T03:15:29.455Z] <<< [apiv2][status] GET https://cloudfunctions.googleapis.com/v1/operations/cmVmcmVzaGluZy13ZWJzaXRlL3VzLWNlbnRyYWwxL3NldFVzZXJSb2xlL0tBQlBSWWt4aFJj 200
[2026-08-10T03:15:29.456Z] <<< [apiv2][body] GET https://cloudfunctions.googleapis.com/v1/operations/cmVmcmVzaGluZy13ZWJzaXRlL3VzLWNlbnRyYWwxL3NldFVzZXJSb2xlL0tBQlBSWWt4aFJj {"name":"operations/cmVmcmVzaGluZy13ZWJzaXRlL3VzLWNlbnRyYWwxL3NldFVzZXJSb2xlL0tBQlBSWWt4aFJj","metadata":{"@type":"type.googleapis.com/google.cloud.functions.v1.OperationMetadataV1","target":"projects/refreshing-website/locations/us-central1/functions/setUserRole","type":"UPDATE_FUNCTION","request":{"@type":"type.googleapis.com/google.cloud.functions.v1.CloudFunction","name":"projects/refreshing-website/locations/us-central1/functions/setUserRole","httpsTrigger":{"url":"https://us-central1-refreshing-website.cloudfunctions.net/setUserRole","securityLevel":"SECURE_ALWAYS"},"status":"ACTIVE","entryPoint":"setUserRole","updateTime":"2026-08-10T03:12:36.232Z","versionId":"4","labels":{"deployment-tool":"cli-firebase","deployment-callable":"true","firebase-functions-hash":"4d0e9bd4750926bf686d9a2578c78b22796053a7"},"sourceUploadUrl":"https://storage.googleapis.com/uploads-836972235469.us-central1.cloudfunctions.appspot.com/d25e375b-b285-4ae6-92e7-2788b17d669c.zip?GoogleAccessId=service-832093857842@gcf-admin-robot.iam.gserviceaccount.com&Expires=1786333476&Signature=vodKr4jEv8OxG2kgtja5bkjca7lc4oW09Rk0uIElcJWMVvGfHW3uZTtf0Pxaa9GxMn8AMyP29kWMN9T5upIvLBuEwjRBEITXuHhGqefqzbyP995sP%2FwVvGjBen%2FRGzS8u0F12UgYd%2B6vfLlhqyiKHsaJd1XlNcOVZH5%2BKvMKO3A719qEdkg8Tv8sn%2F7n8PLZFCYQBZr53ba2f1Ap6poBC%2F3XWkvGpzx6V1xj%2F7EwWkOE%2Flk24kM%2F9rpvQ2EESgJWOfdwoBhFXmz8XxdR3comtFOtedwxI99qUzVIOU6uhTBZwOGE3LlH8G7NPmspxSBdg1FRMa5CjozRjP1w4n7c4A%3D%3D","environmentVariables":{"FIREBASE_CONFIG":"{\"projectId\":\"refreshing-website\",\"storageBucket\":\"refreshing-website.firebasestorage.app\"}","GCLOUD_PROJECT":"refreshing-website","EVENTARC_CLOUD_EVENT_SOURCE":"projects/refreshing-website/locations/us-central1/functions/setUserRole"},"runtime":"nodejs20","buildId":"f5832f40-26c0-49b5-a0eb-5b522922e509","buildEnvironmentVariables":{"GOOGLE_NODE_RUN_SCRIPTS":""},"sourceToken":"34a41cb0-eee3-467d-a60b-d9de6c7ee8e3","buildName":"projects/832093857842/locations/us-central1/builds/f5832f40-26c0-49b5-a0eb-5b522922e509","dockerRegistry":"ARTIFACT_REGISTRY","automaticUpdatePolicy":{},"buildServiceAccount":"projects/refreshing-website/serviceAccounts/832093857842-compute@developer.gserviceaccount.com"},"versionId":"5","updateTime":"2026-08-10T03:15:28Z","sourceToken":"34a41cb0-eee3-467d-a60b-d9de6c7ee8e3"}}
[2026-08-10T03:15:29.456Z] Got source token 34a41cb0-eee3-467d-a60b-d9de6c7ee8e3 for region us-central1
[2026-08-10T03:15:29.459Z] <<< [apiv2][status] GET https://cloudfunctions.googleapis.com/v1/operations/cmVmcmVzaGluZy13ZWJzaXRlL3VzLWNlbnRyYWwxL3N5bmNDaGVja2luVmlldy9uQTM1UGJGYXpiZw 200
[2026-08-10T03:15:29.460Z] <<< [apiv2][body] GET https://cloudfunctions.googleapis.com/v1/operations/cmVmcmVzaGluZy13ZWJzaXRlL3VzLWNlbnRyYWwxL3N5bmNDaGVja2luVmlldy9uQTM1UGJGYXpiZw {"name":"operations/cmVmcmVzaGluZy13ZWJzaXRlL3VzLWNlbnRyYWwxL3N5bmNDaGVja2luVmlldy9uQTM1UGJGYXpiZw","metadata":{"@type":"type.googleapis.com/google.cloud.functions.v1.OperationMetadataV1","target":"projects/refreshing-website/locations/us-central1/functions/syncCheckinView","type":"UPDATE_FUNCTION","request":{"@type":"type.googleapis.com/google.cloud.functions.v1.CloudFunction","name":"projects/refreshing-website/locations/us-central1/functions/syncCheckinView","eventTrigger":{"eventType":"providers/cloud.firestore/eventTypes/document.write","resource":"projects/refreshing-website/databases/(default)/documents/events/{eventId}/attendees/{attendeeId}","service":"firestore.googleapis.com"},"status":"ACTIVE","entryPoint":"syncCheckinView","updateTime":"2026-08-10T03:12:40.842Z","versionId":"4","labels":{"deployment-tool":"cli-firebase","firebase-functions-hash":"4d0e9bd4750926bf686d9a2578c78b22796053a7"},"sourceUploadUrl":"https://storage.googleapis.com/uploads-836972235469.us-central1.cloudfunctions.appspot.com/d25e375b-b285-4ae6-92e7-2788b17d669c.zip?GoogleAccessId=service-832093857842@gcf-admin-robot.iam.gserviceaccount.com&Expires=1786333476&Signature=vodKr4jEv8OxG2kgtja5bkjca7lc4oW09Rk0uIElcJWMVvGfHW3uZTtf0Pxaa9GxMn8AMyP29kWMN9T5upIvLBuEwjRBEITXuHhGqefqzbyP995sP%2FwVvGjBen%2FRGzS8u0F12UgYd%2B6vfLlhqyiKHsaJd1XlNcOVZH5%2BKvMKO3A719qEdkg8Tv8sn%2F7n8PLZFCYQBZr53ba2f1Ap6poBC%2F3XWkvGpzx6V1xj%2F7EwWkOE%2Flk24kM%2F9rpvQ2EESgJWOfdwoBhFXmz8XxdR3comtFOtedwxI99qUzVIOU6uhTBZwOGE3LlH8G7NPmspxSBdg1FRMa5CjozRjP1w4n7c4A%3D%3D","environmentVariables":{"FIREBASE_CONFIG":"{\"projectId\":\"refreshing-website\",\"storageBucket\":\"refreshing-website.firebasestorage.app\"}","GCLOUD_PROJECT":"refreshing-website","EVENTARC_CLOUD_EVENT_SOURCE":"projects/refreshing-website/locations/us-central1/functions/syncCheckinView"},"runtime":"nodejs20","buildId":"f5832f40-26c0-49b5-a0eb-5b522922e509","buildEnvironmentVariables":{"GOOGLE_NODE_RUN_SCRIPTS":""},"sourceToken":"34a41cb0-eee3-467d-a60b-d9de6c7ee8e3","buildName":"projects/832093857842/locations/us-central1/builds/f5832f40-26c0-49b5-a0eb-5b522922e509","dockerRegistry":"ARTIFACT_REGISTRY","automaticUpdatePolicy":{},"buildServiceAccount":"projects/refreshing-website/serviceAccounts/832093857842-compute@developer.gserviceaccount.com"},"versionId":"5","updateTime":"2026-08-10T03:15:28Z","sourceToken":"34a41cb0-eee3-467d-a60b-d9de6c7ee8e3"}}
[2026-08-10T03:15:29.460Z] Got source token 34a41cb0-eee3-467d-a60b-d9de6c7ee8e3 for region us-central1
[2026-08-10T03:15:29.494Z] <<< [apiv2][status] GET https://cloudfunctions.googleapis.com/v1/operations/cmVmcmVzaGluZy13ZWJzaXRlL3VzLWNlbnRyYWwxL3BydW5lVmVyc2lvbkhpc3RvcnkvY1JoNlZvNHZmYkE 200
[2026-08-10T03:15:29.495Z] <<< [apiv2][body] GET https://cloudfunctions.googleapis.com/v1/operations/cmVmcmVzaGluZy13ZWJzaXRlL3VzLWNlbnRyYWwxL3BydW5lVmVyc2lvbkhpc3RvcnkvY1JoNlZvNHZmYkE {"name":"operations/cmVmcmVzaGluZy13ZWJzaXRlL3VzLWNlbnRyYWwxL3BydW5lVmVyc2lvbkhpc3RvcnkvY1JoNlZvNHZmYkE","metadata":{"@type":"type.googleapis.com/google.cloud.functions.v1.OperationMetadataV1","target":"projects/refreshing-website/locations/us-central1/functions/pruneVersionHistory","type":"UPDATE_FUNCTION","request":{"@type":"type.googleapis.com/google.cloud.functions.v1.CloudFunction","name":"projects/refreshing-website/locations/us-central1/functions/pruneVersionHistory","eventTrigger":{"eventType":"google.pubsub.topic.publish","resource":"projects/refreshing-website/topics/firebase-schedule-pruneVersionHistory-us-central1","service":"pubsub.googleapis.com","failurePolicy":{}},"status":"ACTIVE","entryPoint":"pruneVersionHistory","updateTime":"2026-08-10T03:12:38.388Z","versionId":"4","labels":{"deployment-tool":"cli-firebase","deployment-scheduled":"true","firebase-functions-hash":"4d0e9bd4750926bf686d9a2578c78b22796053a7"},"sourceUploadUrl":"https://storage.googleapis.com/uploads-836972235469.us-central1.cloudfunctions.appspot.com/d25e375b-b285-4ae6-92e7-2788b17d669c.zip?GoogleAccessId=service-832093857842@gcf-admin-robot.iam.gserviceaccount.com&Expires=1786333476&Signature=vodKr4jEv8OxG2kgtja5bkjca7lc4oW09Rk0uIElcJWMVvGfHW3uZTtf0Pxaa9GxMn8AMyP29kWMN9T5upIvLBuEwjRBEITXuHhGqefqzbyP995sP%2FwVvGjBen%2FRGzS8u0F12UgYd%2B6vfLlhqyiKHsaJd1XlNcOVZH5%2BKvMKO3A719qEdkg8Tv8sn%2F7n8PLZFCYQBZr53ba2f1Ap6poBC%2F3XWkvGpzx6V1xj%2F7EwWkOE%2Flk24kM%2F9rpvQ2EESgJWOfdwoBhFXmz8XxdR3comtFOtedwxI99qUzVIOU6uhTBZwOGE3LlH8G7NPmspxSBdg1FRMa5CjozRjP1w4n7c4A%3D%3D","environmentVariables":{"FIREBASE_CONFIG":"{\"projectId\":\"refreshing-website\",\"storageBucket\":\"refreshing-website.firebasestorage.app\"}","GCLOUD_PROJECT":"refreshing-website","EVENTARC_CLOUD_EVENT_SOURCE":"projects/refreshing-website/locations/us-central1/functions/pruneVersionHistory"},"runtime":"nodejs20","buildId":"f5832f40-26c0-49b5-a0eb-5b522922e509","buildEnvironmentVariables":{"GOOGLE_NODE_RUN_SCRIPTS":""},"sourceToken":"34a41cb0-eee3-467d-a60b-d9de6c7ee8e3","buildName":"projects/832093857842/locations/us-central1/builds/f5832f40-26c0-49b5-a0eb-5b522922e509","dockerRegistry":"ARTIFACT_REGISTRY","automaticUpdatePolicy":{},"buildServiceAccount":"projects/refreshing-website/serviceAccounts/832093857842-compute@developer.gserviceaccount.com"},"versionId":"5","updateTime":"2026-08-10T03:15:28Z","sourceToken":"34a41cb0-eee3-467d-a60b-d9de6c7ee8e3"}}
[2026-08-10T03:15:29.495Z] Got source token 34a41cb0-eee3-467d-a60b-d9de6c7ee8e3 for region us-central1
[2026-08-10T03:15:29.520Z] <<< [apiv2][status] GET https://cloudfunctions.googleapis.com/v1/operations/cmVmcmVzaGluZy13ZWJzaXRlL3VzLWNlbnRyYWwxL2F1ZGl0QXR0ZW5kZWVzV3JpdGUvdEVIRmgzb1o4TDg 200
[2026-08-10T03:15:29.520Z] <<< [apiv2][body] GET https://cloudfunctions.googleapis.com/v1/operations/cmVmcmVzaGluZy13ZWJzaXRlL3VzLWNlbnRyYWwxL2F1ZGl0QXR0ZW5kZWVzV3JpdGUvdEVIRmgzb1o4TDg {"name":"operations/cmVmcmVzaGluZy13ZWJzaXRlL3VzLWNlbnRyYWwxL2F1ZGl0QXR0ZW5kZWVzV3JpdGUvdEVIRmgzb1o4TDg","metadata":{"@type":"type.googleapis.com/google.cloud.functions.v1.OperationMetadataV1","target":"projects/refreshing-website/locations/us-central1/functions/auditAttendeesWrite","type":"UPDATE_FUNCTION","request":{"@type":"type.googleapis.com/google.cloud.functions.v1.CloudFunction","name":"projects/refreshing-website/locations/us-central1/functions/auditAttendeesWrite","eventTrigger":{"eventType":"providers/cloud.firestore/eventTypes/document.write","resource":"projects/refreshing-website/databases/(default)/documents/events/{eventId}/attendees/{attendeeId}","service":"firestore.googleapis.com"},"status":"ACTIVE","entryPoint":"auditAttendeesWrite","updateTime":"2026-08-10T03:12:35.311Z","versionId":"4","labels":{"deployment-tool":"cli-firebase","firebase-functions-hash":"4d0e9bd4750926bf686d9a2578c78b22796053a7"},"sourceUploadUrl":"https://storage.googleapis.com/uploads-836972235469.us-central1.cloudfunctions.appspot.com/d25e375b-b285-4ae6-92e7-2788b17d669c.zip?GoogleAccessId=service-832093857842@gcf-admin-robot.iam.gserviceaccount.com&Expires=1786333476&Signature=vodKr4jEv8OxG2kgtja5bkjca7lc4oW09Rk0uIElcJWMVvGfHW3uZTtf0Pxaa9GxMn8AMyP29kWMN9T5upIvLBuEwjRBEITXuHhGqefqzbyP995sP%2FwVvGjBen%2FRGzS8u0F12UgYd%2B6vfLlhqyiKHsaJd1XlNcOVZH5%2BKvMKO3A719qEdkg8Tv8sn%2F7n8PLZFCYQBZr53ba2f1Ap6poBC%2F3XWkvGpzx6V1xj%2F7EwWkOE%2Flk24kM%2F9rpvQ2EESgJWOfdwoBhFXmz8XxdR3comtFOtedwxI99qUzVIOU6uhTBZwOGE3LlH8G7NPmspxSBdg1FRMa5CjozRjP1w4n7c4A%3D%3D","environmentVariables":{"FIREBASE_CONFIG":"{\"projectId\":\"refreshing-website\",\"storageBucket\":\"refreshing-website.firebasestorage.app\"}","GCLOUD_PROJECT":"refreshing-website","EVENTARC_CLOUD_EVENT_SOURCE":"projects/refreshing-website/locations/us-central1/functions/auditAttendeesWrite"},"runtime":"nodejs20","buildId":"f5832f40-26c0-49b5-a0eb-5b522922e509","buildEnvironmentVariables":{"GOOGLE_NODE_RUN_SCRIPTS":""},"sourceToken":"34a41cb0-eee3-467d-a60b-d9de6c7ee8e3","buildName":"projects/832093857842/locations/us-central1/builds/f5832f40-26c0-49b5-a0eb-5b522922e509","dockerRegistry":"ARTIFACT_REGISTRY","automaticUpdatePolicy":{},"buildServiceAccount":"projects/refreshing-website/serviceAccounts/832093857842-compute@developer.gserviceaccount.com"},"versionId":"5","updateTime":"2026-08-10T03:15:28Z","sourceToken":"34a41cb0-eee3-467d-a60b-d9de6c7ee8e3"}}
[2026-08-10T03:15:29.521Z] Got source token 34a41cb0-eee3-467d-a60b-d9de6c7ee8e3 for region us-central1
[2026-08-10T03:15:29.527Z] <<< [apiv2][status] GET https://cloudfunctions.googleapis.com/v1/operations/cmVmcmVzaGluZy13ZWJzaXRlL3VzLWNlbnRyYWwxL3B1cmdlVHJhc2gvV3p6OXBZZlQtVDg 200
[2026-08-10T03:15:29.527Z] <<< [apiv2][body] GET https://cloudfunctions.googleapis.com/v1/operations/cmVmcmVzaGluZy13ZWJzaXRlL3VzLWNlbnRyYWwxL3B1cmdlVHJhc2gvV3p6OXBZZlQtVDg {"name":"operations/cmVmcmVzaGluZy13ZWJzaXRlL3VzLWNlbnRyYWwxL3B1cmdlVHJhc2gvV3p6OXBZZlQtVDg","metadata":{"@type":"type.googleapis.com/google.cloud.functions.v1.OperationMetadataV1","target":"projects/refreshing-website/locations/us-central1/functions/purgeTrash","type":"UPDATE_FUNCTION","request":{"@type":"type.googleapis.com/google.cloud.functions.v1.CloudFunction","name":"projects/refreshing-website/locations/us-central1/functions/purgeTrash","eventTrigger":{"eventType":"google.pubsub.topic.publish","resource":"projects/refreshing-website/topics/firebase-schedule-purgeTrash-us-central1","service":"pubsub.googleapis.com","failurePolicy":{}},"status":"ACTIVE","entryPoint":"purgeTrash","updateTime":"2026-08-10T03:12:38.428Z","versionId":"4","labels":{"deployment-tool":"cli-firebase","deployment-scheduled":"true","firebase-functions-hash":"4d0e9bd4750926bf686d9a2578c78b22796053a7"},"sourceUploadUrl":"https://storage.googleapis.com/uploads-836972235469.us-central1.cloudfunctions.appspot.com/d25e375b-b285-4ae6-92e7-2788b17d669c.zip?GoogleAccessId=service-832093857842@gcf-admin-robot.iam.gserviceaccount.com&Expires=1786333476&Signature=vodKr4jEv8OxG2kgtja5bkjca7lc4oW09Rk0uIElcJWMVvGfHW3uZTtf0Pxaa9GxMn8AMyP29kWMN9T5upIvLBuEwjRBEITXuHhGqefqzbyP995sP%2FwVvGjBen%2FRGzS8u0F12UgYd%2B6vfLlhqyiKHsaJd1XlNcOVZH5%2BKvMKO3A719qEdkg8Tv8sn%2F7n8PLZFCYQBZr53ba2f1Ap6poBC%2F3XWkvGpzx6V1xj%2F7EwWkOE%2Flk24kM%2F9rpvQ2EESgJWOfdwoBhFXmz8XxdR3comtFOtedwxI99qUzVIOU6uhTBZwOGE3LlH8G7NPmspxSBdg1FRMa5CjozRjP1w4n7c4A%3D%3D","environmentVariables":{"FIREBASE_CONFIG":"{\"projectId\":\"refreshing-website\",\"storageBucket\":\"refreshing-website.firebasestorage.app\"}","GCLOUD_PROJECT":"refreshing-website","EVENTARC_CLOUD_EVENT_SOURCE":"projects/refreshing-website/locations/us-central1/functions/purgeTrash"},"runtime":"nodejs20","buildId":"f5832f40-26c0-49b5-a0eb-5b522922e509","buildEnvironmentVariables":{"GOOGLE_NODE_RUN_SCRIPTS":""},"sourceToken":"34a41cb0-eee3-467d-a60b-d9de6c7ee8e3","buildName":"projects/832093857842/locations/us-central1/builds/f5832f40-26c0-49b5-a0eb-5b522922e509","dockerRegistry":"ARTIFACT_REGISTRY","automaticUpdatePolicy":{},"buildServiceAccount":"projects/refreshing-website/serviceAccounts/832093857842-compute@developer.gserviceaccount.com"},"versionId":"5","updateTime":"2026-08-10T03:15:28Z","sourceToken":"34a41cb0-eee3-467d-a60b-d9de6c7ee8e3"}}
[2026-08-10T03:15:29.527Z] Got source token 34a41cb0-eee3-467d-a60b-d9de6c7ee8e3 for region us-central1
[2026-08-10T03:15:29.720Z] [update-default-us-central1-acceptInvite] Retrying task index 0
[2026-08-10T03:15:29.721Z] Checked if tokens are valid: true, expires at: 1786334449855
[2026-08-10T03:15:29.721Z] Checked if tokens are valid: true, expires at: 1786334449855
[2026-08-10T03:15:29.721Z] >>> [apiv2][query] GET https://cloudfunctions.googleapis.com/v1/operations/cmVmcmVzaGluZy13ZWJzaXRlL3VzLWNlbnRyYWwxL2FjY2VwdEludml0ZS9oeWo4Q1MxbTh0UQ [none]
[2026-08-10T03:15:29.913Z] [update-default-us-central1-auditMinistersWrite] Retrying task index 0
[2026-08-10T03:15:29.913Z] Checked if tokens are valid: true, expires at: 1786334449855
[2026-08-10T03:15:29.913Z] Checked if tokens are valid: true, expires at: 1786334449855
[2026-08-10T03:15:29.914Z] >>> [apiv2][query] GET https://cloudfunctions.googleapis.com/v1/operations/cmVmcmVzaGluZy13ZWJzaXRlL3VzLWNlbnRyYWwxL2F1ZGl0TWluaXN0ZXJzV3JpdGUvWlg4VjVGREpJUW8 [none]
[2026-08-10T03:15:29.930Z] [update-default-us-central1-markCheckedIn] Retrying task index 0
[2026-08-10T03:15:29.930Z] Checked if tokens are valid: true, expires at: 1786334449855
[2026-08-10T03:15:29.930Z] Checked if tokens are valid: true, expires at: 1786334449855
[2026-08-10T03:15:29.930Z] >>> [apiv2][query] GET https://cloudfunctions.googleapis.com/v1/operations/cmVmcmVzaGluZy13ZWJzaXRlL3VzLWNlbnRyYWwxL21hcmtDaGVja2VkSW4vdUJkcW51U2xPSjA [none]
[2026-08-10T03:15:29.940Z] [update-default-us-central1-auditSessionsWrite] Retrying task index 0
[2026-08-10T03:15:29.940Z] Checked if tokens are valid: true, expires at: 1786334449855
[2026-08-10T03:15:29.941Z] Checked if tokens are valid: true, expires at: 1786334449855
[2026-08-10T03:15:29.941Z] >>> [apiv2][query] GET https://cloudfunctions.googleapis.com/v1/operations/cmVmcmVzaGluZy13ZWJzaXRlL3VzLWNlbnRyYWwxL2F1ZGl0U2Vzc2lvbnNXcml0ZS9ZOHJSeDdXZ0xrUQ [none]
[2026-08-10T03:15:29.945Z] [update-default-us-central1-revokeUserAccess] Retrying task index 0
[2026-08-10T03:15:29.945Z] Checked if tokens are valid: true, expires at: 1786334449855
[2026-08-10T03:15:29.946Z] Checked if tokens are valid: true, expires at: 1786334449855
[2026-08-10T03:15:29.946Z] >>> [apiv2][query] GET https://cloudfunctions.googleapis.com/v1/operations/cmVmcmVzaGluZy13ZWJzaXRlL3VzLWNlbnRyYWwxL3Jldm9rZVVzZXJBY2Nlc3MvOFVjcEI3M05NdTQ [none]
[2026-08-10T03:15:29.947Z] [update-default-us-central1-undoCheckIn] Retrying task index 0
[2026-08-10T03:15:29.948Z] Checked if tokens are valid: true, expires at: 1786334449855
[2026-08-10T03:15:29.948Z] Checked if tokens are valid: true, expires at: 1786334449855
[2026-08-10T03:15:29.948Z] >>> [apiv2][query] GET https://cloudfunctions.googleapis.com/v1/operations/cmVmcmVzaGluZy13ZWJzaXRlL3VzLWNlbnRyYWwxL3VuZG9DaGVja0luL0E0ckIyRFREX0ln [none]
[2026-08-10T03:15:29.955Z] [update-default-us-central1-provisionAdminAccount] Retrying task index 0
[2026-08-10T03:15:29.956Z] Checked if tokens are valid: true, expires at: 1786334449855
[2026-08-10T03:15:29.956Z] Checked if tokens are valid: true, expires at: 1786334449855
[2026-08-10T03:15:29.956Z] >>> [apiv2][query] GET https://cloudfunctions.googleapis.com/v1/operations/cmVmcmVzaGluZy13ZWJzaXRlL3VzLWNlbnRyYWwxL3Byb3Zpc2lvbkFkbWluQWNjb3VudC91cXEwUGxIRm5Fdw [none]
[2026-08-10T03:15:29.957Z] [update-default-us-central1-setUserRole] Retrying task index 0
[2026-08-10T03:15:29.958Z] Checked if tokens are valid: true, expires at: 1786334449855
[2026-08-10T03:15:29.958Z] Checked if tokens are valid: true, expires at: 1786334449855
[2026-08-10T03:15:29.958Z] >>> [apiv2][query] GET https://cloudfunctions.googleapis.com/v1/operations/cmVmcmVzaGluZy13ZWJzaXRlL3VzLWNlbnRyYWwxL3NldFVzZXJSb2xlL0tBQlBSWWt4aFJj [none]
[2026-08-10T03:15:29.961Z] [update-default-us-central1-syncCheckinView] Retrying task index 0
[2026-08-10T03:15:29.961Z] Checked if tokens are valid: true, expires at: 1786334449855
[2026-08-10T03:15:29.963Z] Checked if tokens are valid: true, expires at: 1786334449855
[2026-08-10T03:15:29.963Z] >>> [apiv2][query] GET https://cloudfunctions.googleapis.com/v1/operations/cmVmcmVzaGluZy13ZWJzaXRlL3VzLWNlbnRyYWwxL3N5bmNDaGVja2luVmlldy9uQTM1UGJGYXpiZw [none]
[2026-08-10T03:15:29.995Z] [update-default-us-central1-pruneVersionHistory] Retrying task index 0
[2026-08-10T03:15:29.996Z] Checked if tokens are valid: true, expires at: 1786334449855
[2026-08-10T03:15:29.996Z] Checked if tokens are valid: true, expires at: 1786334449855
[2026-08-10T03:15:29.997Z] >>> [apiv2][query] GET https://cloudfunctions.googleapis.com/v1/operations/cmVmcmVzaGluZy13ZWJzaXRlL3VzLWNlbnRyYWwxL3BydW5lVmVyc2lvbkhpc3RvcnkvY1JoNlZvNHZmYkE [none]
[2026-08-10T03:15:30.021Z] [update-default-us-central1-auditAttendeesWrite] Retrying task index 0
[2026-08-10T03:15:30.022Z] Checked if tokens are valid: true, expires at: 1786334449855
[2026-08-10T03:15:30.022Z] Checked if tokens are valid: true, expires at: 1786334449855
[2026-08-10T03:15:30.022Z] >>> [apiv2][query] GET https://cloudfunctions.googleapis.com/v1/operations/cmVmcmVzaGluZy13ZWJzaXRlL3VzLWNlbnRyYWwxL2F1ZGl0QXR0ZW5kZWVzV3JpdGUvdEVIRmgzb1o4TDg [none]
[2026-08-10T03:15:30.029Z] [update-default-us-central1-purgeTrash] Retrying task index 0
[2026-08-10T03:15:30.030Z] Checked if tokens are valid: true, expires at: 1786334449855
[2026-08-10T03:15:30.030Z] Checked if tokens are valid: true, expires at: 1786334449855
[2026-08-10T03:15:30.031Z] >>> [apiv2][query] GET https://cloudfunctions.googleapis.com/v1/operations/cmVmcmVzaGluZy13ZWJzaXRlL3VzLWNlbnRyYWwxL3B1cmdlVHJhc2gvV3p6OXBZZlQtVDg [none]
[2026-08-10T03:15:30.074Z] <<< [apiv2][status] GET https://cloudfunctions.googleapis.com/v1/operations/cmVmcmVzaGluZy13ZWJzaXRlL3VzLWNlbnRyYWwxL2FjY2VwdEludml0ZS9oeWo4Q1MxbTh0UQ 200
[2026-08-10T03:15:30.074Z] <<< [apiv2][body] GET https://cloudfunctions.googleapis.com/v1/operations/cmVmcmVzaGluZy13ZWJzaXRlL3VzLWNlbnRyYWwxL2FjY2VwdEludml0ZS9oeWo4Q1MxbTh0UQ {"name":"operations/cmVmcmVzaGluZy13ZWJzaXRlL3VzLWNlbnRyYWwxL2FjY2VwdEludml0ZS9oeWo4Q1MxbTh0UQ","metadata":{"@type":"type.googleapis.com/google.cloud.functions.v1.OperationMetadataV1","target":"projects/refreshing-website/locations/us-central1/functions/acceptInvite","type":"UPDATE_FUNCTION","request":{"@type":"type.googleapis.com/google.cloud.functions.v1.CloudFunction","name":"projects/refreshing-website/locations/us-central1/functions/acceptInvite","httpsTrigger":{"url":"https://us-central1-refreshing-website.cloudfunctions.net/acceptInvite","securityLevel":"SECURE_ALWAYS"},"status":"ACTIVE","entryPoint":"acceptInvite","updateTime":"2026-08-10T03:12:39.067Z","versionId":"4","labels":{"deployment-tool":"cli-firebase","deployment-callable":"true","firebase-functions-hash":"4d0e9bd4750926bf686d9a2578c78b22796053a7"},"sourceUploadUrl":"https://storage.googleapis.com/uploads-836972235469.us-central1.cloudfunctions.appspot.com/d25e375b-b285-4ae6-92e7-2788b17d669c.zip?GoogleAccessId=service-832093857842@gcf-admin-robot.iam.gserviceaccount.com&Expires=1786333476&Signature=vodKr4jEv8OxG2kgtja5bkjca7lc4oW09Rk0uIElcJWMVvGfHW3uZTtf0Pxaa9GxMn8AMyP29kWMN9T5upIvLBuEwjRBEITXuHhGqefqzbyP995sP%2FwVvGjBen%2FRGzS8u0F12UgYd%2B6vfLlhqyiKHsaJd1XlNcOVZH5%2BKvMKO3A719qEdkg8Tv8sn%2F7n8PLZFCYQBZr53ba2f1Ap6poBC%2F3XWkvGpzx6V1xj%2F7EwWkOE%2Flk24kM%2F9rpvQ2EESgJWOfdwoBhFXmz8XxdR3comtFOtedwxI99qUzVIOU6uhTBZwOGE3LlH8G7NPmspxSBdg1FRMa5CjozRjP1w4n7c4A%3D%3D","environmentVariables":{"FIREBASE_CONFIG":"{\"projectId\":\"refreshing-website\",\"storageBucket\":\"refreshing-website.firebasestorage.app\"}","GCLOUD_PROJECT":"refreshing-website","EVENTARC_CLOUD_EVENT_SOURCE":"projects/refreshing-website/locations/us-central1/functions/acceptInvite"},"runtime":"nodejs20","buildId":"f5832f40-26c0-49b5-a0eb-5b522922e509","buildEnvironmentVariables":{"GOOGLE_NODE_RUN_SCRIPTS":""},"sourceToken":"34a41cb0-eee3-467d-a60b-d9de6c7ee8e3","buildName":"projects/832093857842/locations/us-central1/builds/f5832f40-26c0-49b5-a0eb-5b522922e509","dockerRegistry":"ARTIFACT_REGISTRY","automaticUpdatePolicy":{},"buildServiceAccount":"projects/refreshing-website/serviceAccounts/832093857842-compute@developer.gserviceaccount.com"},"versionId":"5","updateTime":"2026-08-10T03:15:28Z","buildId":"8396bccd-d1fd-4519-bbd2-33cc12b1fb18","sourceToken":"34a41cb0-eee3-467d-a60b-d9de6c7ee8e3","buildName":"projects/832093857842/locations/us-central1/builds/8396bccd-d1fd-4519-bbd2-33cc12b1fb18"}}
[2026-08-10T03:15:30.074Z] Got source token 34a41cb0-eee3-467d-a60b-d9de6c7ee8e3 for region us-central1
[2026-08-10T03:15:30.219Z] <<< [apiv2][status] GET https://cloudfunctions.googleapis.com/v1/operations/cmVmcmVzaGluZy13ZWJzaXRlL3VzLWNlbnRyYWwxL2F1ZGl0TWluaXN0ZXJzV3JpdGUvWlg4VjVGREpJUW8 200
[2026-08-10T03:15:30.219Z] <<< [apiv2][body] GET https://cloudfunctions.googleapis.com/v1/operations/cmVmcmVzaGluZy13ZWJzaXRlL3VzLWNlbnRyYWwxL2F1ZGl0TWluaXN0ZXJzV3JpdGUvWlg4VjVGREpJUW8 {"name":"operations/cmVmcmVzaGluZy13ZWJzaXRlL3VzLWNlbnRyYWwxL2F1ZGl0TWluaXN0ZXJzV3JpdGUvWlg4VjVGREpJUW8","metadata":{"@type":"type.googleapis.com/google.cloud.functions.v1.OperationMetadataV1","target":"projects/refreshing-website/locations/us-central1/functions/auditMinistersWrite","type":"UPDATE_FUNCTION","request":{"@type":"type.googleapis.com/google.cloud.functions.v1.CloudFunction","name":"projects/refreshing-website/locations/us-central1/functions/auditMinistersWrite","eventTrigger":{"eventType":"providers/cloud.firestore/eventTypes/document.write","resource":"projects/refreshing-website/databases/(default)/documents/events/{eventId}/ministers/{ministerId}","service":"firestore.googleapis.com"},"status":"ACTIVE","entryPoint":"auditMinistersWrite","updateTime":"2026-08-10T03:12:38.944Z","versionId":"4","labels":{"deployment-tool":"cli-firebase","firebase-functions-hash":"4d0e9bd4750926bf686d9a2578c78b22796053a7"},"sourceUploadUrl":"https://storage.googleapis.com/uploads-836972235469.us-central1.cloudfunctions.appspot.com/d25e375b-b285-4ae6-92e7-2788b17d669c.zip?GoogleAccessId=service-832093857842@gcf-admin-robot.iam.gserviceaccount.com&Expires=1786333476&Signature=vodKr4jEv8OxG2kgtja5bkjca7lc4oW09Rk0uIElcJWMVvGfHW3uZTtf0Pxaa9GxMn8AMyP29kWMN9T5upIvLBuEwjRBEITXuHhGqefqzbyP995sP%2FwVvGjBen%2FRGzS8u0F12UgYd%2B6vfLlhqyiKHsaJd1XlNcOVZH5%2BKvMKO3A719qEdkg8Tv8sn%2F7n8PLZFCYQBZr53ba2f1Ap6poBC%2F3XWkvGpzx6V1xj%2F7EwWkOE%2Flk24kM%2F9rpvQ2EESgJWOfdwoBhFXmz8XxdR3comtFOtedwxI99qUzVIOU6uhTBZwOGE3LlH8G7NPmspxSBdg1FRMa5CjozRjP1w4n7c4A%3D%3D","environmentVariables":{"FIREBASE_CONFIG":"{\"projectId\":\"refreshing-website\",\"storageBucket\":\"refreshing-website.firebasestorage.app\"}","GCLOUD_PROJECT":"refreshing-website","EVENTARC_CLOUD_EVENT_SOURCE":"projects/refreshing-website/locations/us-central1/functions/auditMinistersWrite"},"runtime":"nodejs20","buildId":"f5832f40-26c0-49b5-a0eb-5b522922e509","buildEnvironmentVariables":{"GOOGLE_NODE_RUN_SCRIPTS":""},"sourceToken":"34a41cb0-eee3-467d-a60b-d9de6c7ee8e3","buildName":"projects/832093857842/locations/us-central1/builds/f5832f40-26c0-49b5-a0eb-5b522922e509","dockerRegistry":"ARTIFACT_REGISTRY","automaticUpdatePolicy":{},"buildServiceAccount":"projects/refreshing-website/serviceAccounts/832093857842-compute@developer.gserviceaccount.com"},"versionId":"5","updateTime":"2026-08-10T03:15:28Z","buildId":"8396bccd-d1fd-4519-bbd2-33cc12b1fb18","sourceToken":"34a41cb0-eee3-467d-a60b-d9de6c7ee8e3","buildName":"projects/832093857842/locations/us-central1/builds/8396bccd-d1fd-4519-bbd2-33cc12b1fb18"}}
[2026-08-10T03:15:30.219Z] Got source token 34a41cb0-eee3-467d-a60b-d9de6c7ee8e3 for region us-central1
[2026-08-10T03:15:30.238Z] <<< [apiv2][status] GET https://cloudfunctions.googleapis.com/v1/operations/cmVmcmVzaGluZy13ZWJzaXRlL3VzLWNlbnRyYWwxL21hcmtDaGVja2VkSW4vdUJkcW51U2xPSjA 200
[2026-08-10T03:15:30.238Z] <<< [apiv2][body] GET https://cloudfunctions.googleapis.com/v1/operations/cmVmcmVzaGluZy13ZWJzaXRlL3VzLWNlbnRyYWwxL21hcmtDaGVja2VkSW4vdUJkcW51U2xPSjA {"name":"operations/cmVmcmVzaGluZy13ZWJzaXRlL3VzLWNlbnRyYWwxL21hcmtDaGVja2VkSW4vdUJkcW51U2xPSjA","metadata":{"@type":"type.googleapis.com/google.cloud.functions.v1.OperationMetadataV1","target":"projects/refreshing-website/locations/us-central1/functions/markCheckedIn","type":"UPDATE_FUNCTION","request":{"@type":"type.googleapis.com/google.cloud.functions.v1.CloudFunction","name":"projects/refreshing-website/locations/us-central1/functions/markCheckedIn","httpsTrigger":{"url":"https://us-central1-refreshing-website.cloudfunctions.net/markCheckedIn","securityLevel":"SECURE_ALWAYS"},"status":"ACTIVE","entryPoint":"markCheckedIn","updateTime":"2026-08-10T03:12:39.310Z","versionId":"4","labels":{"deployment-tool":"cli-firebase","deployment-callable":"true","firebase-functions-hash":"4d0e9bd4750926bf686d9a2578c78b22796053a7"},"sourceUploadUrl":"https://storage.googleapis.com/uploads-836972235469.us-central1.cloudfunctions.appspot.com/d25e375b-b285-4ae6-92e7-2788b17d669c.zip?GoogleAccessId=service-832093857842@gcf-admin-robot.iam.gserviceaccount.com&Expires=1786333476&Signature=vodKr4jEv8OxG2kgtja5bkjca7lc4oW09Rk0uIElcJWMVvGfHW3uZTtf0Pxaa9GxMn8AMyP29kWMN9T5upIvLBuEwjRBEITXuHhGqefqzbyP995sP%2FwVvGjBen%2FRGzS8u0F12UgYd%2B6vfLlhqyiKHsaJd1XlNcOVZH5%2BKvMKO3A719qEdkg8Tv8sn%2F7n8PLZFCYQBZr53ba2f1Ap6poBC%2F3XWkvGpzx6V1xj%2F7EwWkOE%2Flk24kM%2F9rpvQ2EESgJWOfdwoBhFXmz8XxdR3comtFOtedwxI99qUzVIOU6uhTBZwOGE3LlH8G7NPmspxSBdg1FRMa5CjozRjP1w4n7c4A%3D%3D","environmentVariables":{"FIREBASE_CONFIG":"{\"projectId\":\"refreshing-website\",\"storageBucket\":\"refreshing-website.firebasestorage.app\"}","GCLOUD_PROJECT":"refreshing-website","EVENTARC_CLOUD_EVENT_SOURCE":"projects/refreshing-website/locations/us-central1/functions/markCheckedIn"},"runtime":"nodejs20","buildId":"f5832f40-26c0-49b5-a0eb-5b522922e509","buildEnvironmentVariables":{"GOOGLE_NODE_RUN_SCRIPTS":""},"sourceToken":"34a41cb0-eee3-467d-a60b-d9de6c7ee8e3","buildName":"projects/832093857842/locations/us-central1/builds/f5832f40-26c0-49b5-a0eb-5b522922e509","dockerRegistry":"ARTIFACT_REGISTRY","automaticUpdatePolicy":{},"buildServiceAccount":"projects/refreshing-website/serviceAccounts/832093857842-compute@developer.gserviceaccount.com"},"versionId":"5","updateTime":"2026-08-10T03:15:28Z","buildId":"8396bccd-d1fd-4519-bbd2-33cc12b1fb18","sourceToken":"34a41cb0-eee3-467d-a60b-d9de6c7ee8e3","buildName":"projects/832093857842/locations/us-central1/builds/8396bccd-d1fd-4519-bbd2-33cc12b1fb18"}}
[2026-08-10T03:15:30.239Z] Got source token 34a41cb0-eee3-467d-a60b-d9de6c7ee8e3 for region us-central1
[2026-08-10T03:15:30.247Z] <<< [apiv2][status] GET https://cloudfunctions.googleapis.com/v1/operations/cmVmcmVzaGluZy13ZWJzaXRlL3VzLWNlbnRyYWwxL3NldFVzZXJSb2xlL0tBQlBSWWt4aFJj 200
[2026-08-10T03:15:30.247Z] <<< [apiv2][body] GET https://cloudfunctions.googleapis.com/v1/operations/cmVmcmVzaGluZy13ZWJzaXRlL3VzLWNlbnRyYWwxL3NldFVzZXJSb2xlL0tBQlBSWWt4aFJj {"name":"operations/cmVmcmVzaGluZy13ZWJzaXRlL3VzLWNlbnRyYWwxL3NldFVzZXJSb2xlL0tBQlBSWWt4aFJj","metadata":{"@type":"type.googleapis.com/google.cloud.functions.v1.OperationMetadataV1","target":"projects/refreshing-website/locations/us-central1/functions/setUserRole","type":"UPDATE_FUNCTION","request":{"@type":"type.googleapis.com/google.cloud.functions.v1.CloudFunction","name":"projects/refreshing-website/locations/us-central1/functions/setUserRole","httpsTrigger":{"url":"https://us-central1-refreshing-website.cloudfunctions.net/setUserRole","securityLevel":"SECURE_ALWAYS"},"status":"ACTIVE","entryPoint":"setUserRole","updateTime":"2026-08-10T03:12:36.232Z","versionId":"4","labels":{"deployment-tool":"cli-firebase","deployment-callable":"true","firebase-functions-hash":"4d0e9bd4750926bf686d9a2578c78b22796053a7"},"sourceUploadUrl":"https://storage.googleapis.com/uploads-836972235469.us-central1.cloudfunctions.appspot.com/d25e375b-b285-4ae6-92e7-2788b17d669c.zip?GoogleAccessId=service-832093857842@gcf-admin-robot.iam.gserviceaccount.com&Expires=1786333476&Signature=vodKr4jEv8OxG2kgtja5bkjca7lc4oW09Rk0uIElcJWMVvGfHW3uZTtf0Pxaa9GxMn8AMyP29kWMN9T5upIvLBuEwjRBEITXuHhGqefqzbyP995sP%2FwVvGjBen%2FRGzS8u0F12UgYd%2B6vfLlhqyiKHsaJd1XlNcOVZH5%2BKvMKO3A719qEdkg8Tv8sn%2F7n8PLZFCYQBZr53ba2f1Ap6poBC%2F3XWkvGpzx6V1xj%2F7EwWkOE%2Flk24kM%2F9rpvQ2EESgJWOfdwoBhFXmz8XxdR3comtFOtedwxI99qUzVIOU6uhTBZwOGE3LlH8G7NPmspxSBdg1FRMa5CjozRjP1w4n7c4A%3D%3D","environmentVariables":{"FIREBASE_CONFIG":"{\"projectId\":\"refreshing-website\",\"storageBucket\":\"refreshing-website.firebasestorage.app\"}","GCLOUD_PROJECT":"refreshing-website","EVENTARC_CLOUD_EVENT_SOURCE":"projects/refreshing-website/locations/us-central1/functions/setUserRole"},"runtime":"nodejs20","buildId":"f5832f40-26c0-49b5-a0eb-5b522922e509","buildEnvironmentVariables":{"GOOGLE_NODE_RUN_SCRIPTS":""},"sourceToken":"34a41cb0-eee3-467d-a60b-d9de6c7ee8e3","buildName":"projects/832093857842/locations/us-central1/builds/f5832f40-26c0-49b5-a0eb-5b522922e509","dockerRegistry":"ARTIFACT_REGISTRY","automaticUpdatePolicy":{},"buildServiceAccount":"projects/refreshing-website/serviceAccounts/832093857842-compute@developer.gserviceaccount.com"},"versionId":"5","updateTime":"2026-08-10T03:15:28Z","buildId":"8396bccd-d1fd-4519-bbd2-33cc12b1fb18","sourceToken":"34a41cb0-eee3-467d-a60b-d9de6c7ee8e3","buildName":"projects/832093857842/locations/us-central1/builds/8396bccd-d1fd-4519-bbd2-33cc12b1fb18"}}
[2026-08-10T03:15:30.247Z] Got source token 34a41cb0-eee3-467d-a60b-d9de6c7ee8e3 for region us-central1
[2026-08-10T03:15:30.257Z] <<< [apiv2][status] GET https://cloudfunctions.googleapis.com/v1/operations/cmVmcmVzaGluZy13ZWJzaXRlL3VzLWNlbnRyYWwxL3N5bmNDaGVja2luVmlldy9uQTM1UGJGYXpiZw 200
[2026-08-10T03:15:30.257Z] <<< [apiv2][body] GET https://cloudfunctions.googleapis.com/v1/operations/cmVmcmVzaGluZy13ZWJzaXRlL3VzLWNlbnRyYWwxL3N5bmNDaGVja2luVmlldy9uQTM1UGJGYXpiZw {"name":"operations/cmVmcmVzaGluZy13ZWJzaXRlL3VzLWNlbnRyYWwxL3N5bmNDaGVja2luVmlldy9uQTM1UGJGYXpiZw","metadata":{"@type":"type.googleapis.com/google.cloud.functions.v1.OperationMetadataV1","target":"projects/refreshing-website/locations/us-central1/functions/syncCheckinView","type":"UPDATE_FUNCTION","request":{"@type":"type.googleapis.com/google.cloud.functions.v1.CloudFunction","name":"projects/refreshing-website/locations/us-central1/functions/syncCheckinView","eventTrigger":{"eventType":"providers/cloud.firestore/eventTypes/document.write","resource":"projects/refreshing-website/databases/(default)/documents/events/{eventId}/attendees/{attendeeId}","service":"firestore.googleapis.com"},"status":"ACTIVE","entryPoint":"syncCheckinView","updateTime":"2026-08-10T03:12:40.842Z","versionId":"4","labels":{"deployment-tool":"cli-firebase","firebase-functions-hash":"4d0e9bd4750926bf686d9a2578c78b22796053a7"},"sourceUploadUrl":"https://storage.googleapis.com/uploads-836972235469.us-central1.cloudfunctions.appspot.com/d25e375b-b285-4ae6-92e7-2788b17d669c.zip?GoogleAccessId=service-832093857842@gcf-admin-robot.iam.gserviceaccount.com&Expires=1786333476&Signature=vodKr4jEv8OxG2kgtja5bkjca7lc4oW09Rk0uIElcJWMVvGfHW3uZTtf0Pxaa9GxMn8AMyP29kWMN9T5upIvLBuEwjRBEITXuHhGqefqzbyP995sP%2FwVvGjBen%2FRGzS8u0F12UgYd%2B6vfLlhqyiKHsaJd1XlNcOVZH5%2BKvMKO3A719qEdkg8Tv8sn%2F7n8PLZFCYQBZr53ba2f1Ap6poBC%2F3XWkvGpzx6V1xj%2F7EwWkOE%2Flk24kM%2F9rpvQ2EESgJWOfdwoBhFXmz8XxdR3comtFOtedwxI99qUzVIOU6uhTBZwOGE3LlH8G7NPmspxSBdg1FRMa5CjozRjP1w4n7c4A%3D%3D","environmentVariables":{"FIREBASE_CONFIG":"{\"projectId\":\"refreshing-website\",\"storageBucket\":\"refreshing-website.firebasestorage.app\"}","GCLOUD_PROJECT":"refreshing-website","EVENTARC_CLOUD_EVENT_SOURCE":"projects/refreshing-website/locations/us-central1/functions/syncCheckinView"},"runtime":"nodejs20","buildId":"f5832f40-26c0-49b5-a0eb-5b522922e509","buildEnvironmentVariables":{"GOOGLE_NODE_RUN_SCRIPTS":""},"sourceToken":"34a41cb0-eee3-467d-a60b-d9de6c7ee8e3","buildName":"projects/832093857842/locations/us-central1/builds/f5832f40-26c0-49b5-a0eb-5b522922e509","dockerRegistry":"ARTIFACT_REGISTRY","automaticUpdatePolicy":{},"buildServiceAccount":"projects/refreshing-website/serviceAccounts/832093857842-compute@developer.gserviceaccount.com"},"versionId":"5","updateTime":"2026-08-10T03:15:28Z","buildId":"8396bccd-d1fd-4519-bbd2-33cc12b1fb18","sourceToken":"34a41cb0-eee3-467d-a60b-d9de6c7ee8e3","buildName":"projects/832093857842/locations/us-central1/builds/8396bccd-d1fd-4519-bbd2-33cc12b1fb18"}}
[2026-08-10T03:15:30.257Z] Got source token 34a41cb0-eee3-467d-a60b-d9de6c7ee8e3 for region us-central1
[2026-08-10T03:15:30.282Z] <<< [apiv2][status] GET https://cloudfunctions.googleapis.com/v1/operations/cmVmcmVzaGluZy13ZWJzaXRlL3VzLWNlbnRyYWwxL3Byb3Zpc2lvbkFkbWluQWNjb3VudC91cXEwUGxIRm5Fdw 200
[2026-08-10T03:15:30.282Z] <<< [apiv2][body] GET https://cloudfunctions.googleapis.com/v1/operations/cmVmcmVzaGluZy13ZWJzaXRlL3VzLWNlbnRyYWwxL3Byb3Zpc2lvbkFkbWluQWNjb3VudC91cXEwUGxIRm5Fdw {"name":"operations/cmVmcmVzaGluZy13ZWJzaXRlL3VzLWNlbnRyYWwxL3Byb3Zpc2lvbkFkbWluQWNjb3VudC91cXEwUGxIRm5Fdw","metadata":{"@type":"type.googleapis.com/google.cloud.functions.v1.OperationMetadataV1","target":"projects/refreshing-website/locations/us-central1/functions/provisionAdminAccount","type":"UPDATE_FUNCTION","request":{"@type":"type.googleapis.com/google.cloud.functions.v1.CloudFunction","name":"projects/refreshing-website/locations/us-central1/functions/provisionAdminAccount","httpsTrigger":{"url":"https://us-central1-refreshing-website.cloudfunctions.net/provisionAdminAccount","securityLevel":"SECURE_ALWAYS"},"status":"ACTIVE","entryPoint":"provisionAdminAccount","updateTime":"2026-08-10T03:12:35.356Z","versionId":"4","labels":{"deployment-tool":"cli-firebase","deployment-callable":"true","firebase-functions-hash":"4d0e9bd4750926bf686d9a2578c78b22796053a7"},"sourceUploadUrl":"https://storage.googleapis.com/uploads-836972235469.us-central1.cloudfunctions.appspot.com/d25e375b-b285-4ae6-92e7-2788b17d669c.zip?GoogleAccessId=service-832093857842@gcf-admin-robot.iam.gserviceaccount.com&Expires=1786333476&Signature=vodKr4jEv8OxG2kgtja5bkjca7lc4oW09Rk0uIElcJWMVvGfHW3uZTtf0Pxaa9GxMn8AMyP29kWMN9T5upIvLBuEwjRBEITXuHhGqefqzbyP995sP%2FwVvGjBen%2FRGzS8u0F12UgYd%2B6vfLlhqyiKHsaJd1XlNcOVZH5%2BKvMKO3A719qEdkg8Tv8sn%2F7n8PLZFCYQBZr53ba2f1Ap6poBC%2F3XWkvGpzx6V1xj%2F7EwWkOE%2Flk24kM%2F9rpvQ2EESgJWOfdwoBhFXmz8XxdR3comtFOtedwxI99qUzVIOU6uhTBZwOGE3LlH8G7NPmspxSBdg1FRMa5CjozRjP1w4n7c4A%3D%3D","environmentVariables":{"FIREBASE_CONFIG":"{\"projectId\":\"refreshing-website\",\"storageBucket\":\"refreshing-website.firebasestorage.app\"}","GCLOUD_PROJECT":"refreshing-website","EVENTARC_CLOUD_EVENT_SOURCE":"projects/refreshing-website/locations/us-central1/functions/provisionAdminAccount"},"runtime":"nodejs20","buildId":"f5832f40-26c0-49b5-a0eb-5b522922e509","buildEnvironmentVariables":{"GOOGLE_NODE_RUN_SCRIPTS":""},"sourceToken":"34a41cb0-eee3-467d-a60b-d9de6c7ee8e3","buildName":"projects/832093857842/locations/us-central1/builds/f5832f40-26c0-49b5-a0eb-5b522922e509","dockerRegistry":"ARTIFACT_REGISTRY","automaticUpdatePolicy":{},"buildServiceAccount":"projects/refreshing-website/serviceAccounts/832093857842-compute@developer.gserviceaccount.com"},"versionId":"5","updateTime":"2026-08-10T03:15:28Z","buildId":"8396bccd-d1fd-4519-bbd2-33cc12b1fb18","sourceToken":"34a41cb0-eee3-467d-a60b-d9de6c7ee8e3","buildName":"projects/832093857842/locations/us-central1/builds/8396bccd-d1fd-4519-bbd2-33cc12b1fb18"}}
[2026-08-10T03:15:30.282Z] Got source token 34a41cb0-eee3-467d-a60b-d9de6c7ee8e3 for region us-central1
[2026-08-10T03:15:30.287Z] <<< [apiv2][status] GET https://cloudfunctions.googleapis.com/v1/operations/cmVmcmVzaGluZy13ZWJzaXRlL3VzLWNlbnRyYWwxL3BydW5lVmVyc2lvbkhpc3RvcnkvY1JoNlZvNHZmYkE 200
[2026-08-10T03:15:30.287Z] <<< [apiv2][body] GET https://cloudfunctions.googleapis.com/v1/operations/cmVmcmVzaGluZy13ZWJzaXRlL3VzLWNlbnRyYWwxL3BydW5lVmVyc2lvbkhpc3RvcnkvY1JoNlZvNHZmYkE {"name":"operations/cmVmcmVzaGluZy13ZWJzaXRlL3VzLWNlbnRyYWwxL3BydW5lVmVyc2lvbkhpc3RvcnkvY1JoNlZvNHZmYkE","metadata":{"@type":"type.googleapis.com/google.cloud.functions.v1.OperationMetadataV1","target":"projects/refreshing-website/locations/us-central1/functions/pruneVersionHistory","type":"UPDATE_FUNCTION","request":{"@type":"type.googleapis.com/google.cloud.functions.v1.CloudFunction","name":"projects/refreshing-website/locations/us-central1/functions/pruneVersionHistory","eventTrigger":{"eventType":"google.pubsub.topic.publish","resource":"projects/refreshing-website/topics/firebase-schedule-pruneVersionHistory-us-central1","service":"pubsub.googleapis.com","failurePolicy":{}},"status":"ACTIVE","entryPoint":"pruneVersionHistory","updateTime":"2026-08-10T03:12:38.388Z","versionId":"4","labels":{"deployment-tool":"cli-firebase","deployment-scheduled":"true","firebase-functions-hash":"4d0e9bd4750926bf686d9a2578c78b22796053a7"},"sourceUploadUrl":"https://storage.googleapis.com/uploads-836972235469.us-central1.cloudfunctions.appspot.com/d25e375b-b285-4ae6-92e7-2788b17d669c.zip?GoogleAccessId=service-832093857842@gcf-admin-robot.iam.gserviceaccount.com&Expires=1786333476&Signature=vodKr4jEv8OxG2kgtja5bkjca7lc4oW09Rk0uIElcJWMVvGfHW3uZTtf0Pxaa9GxMn8AMyP29kWMN9T5upIvLBuEwjRBEITXuHhGqefqzbyP995sP%2FwVvGjBen%2FRGzS8u0F12UgYd%2B6vfLlhqyiKHsaJd1XlNcOVZH5%2BKvMKO3A719qEdkg8Tv8sn%2F7n8PLZFCYQBZr53ba2f1Ap6poBC%2F3XWkvGpzx6V1xj%2F7EwWkOE%2Flk24kM%2F9rpvQ2EESgJWOfdwoBhFXmz8XxdR3comtFOtedwxI99qUzVIOU6uhTBZwOGE3LlH8G7NPmspxSBdg1FRMa5CjozRjP1w4n7c4A%3D%3D","environmentVariables":{"FIREBASE_CONFIG":"{\"projectId\":\"refreshing-website\",\"storageBucket\":\"refreshing-website.firebasestorage.app\"}","GCLOUD_PROJECT":"refreshing-website","EVENTARC_CLOUD_EVENT_SOURCE":"projects/refreshing-website/locations/us-central1/functions/pruneVersionHistory"},"runtime":"nodejs20","buildId":"f5832f40-26c0-49b5-a0eb-5b522922e509","buildEnvironmentVariables":{"GOOGLE_NODE_RUN_SCRIPTS":""},"sourceToken":"34a41cb0-eee3-467d-a60b-d9de6c7ee8e3","buildName":"projects/832093857842/locations/us-central1/builds/f5832f40-26c0-49b5-a0eb-5b522922e509","dockerRegistry":"ARTIFACT_REGISTRY","automaticUpdatePolicy":{},"buildServiceAccount":"projects/refreshing-website/serviceAccounts/832093857842-compute@developer.gserviceaccount.com"},"versionId":"5","updateTime":"2026-08-10T03:15:28Z","buildId":"8396bccd-d1fd-4519-bbd2-33cc12b1fb18","sourceToken":"34a41cb0-eee3-467d-a60b-d9de6c7ee8e3","buildName":"projects/832093857842/locations/us-central1/builds/8396bccd-d1fd-4519-bbd2-33cc12b1fb18"}}
[2026-08-10T03:15:30.288Z] Got source token 34a41cb0-eee3-467d-a60b-d9de6c7ee8e3 for region us-central1
[2026-08-10T03:15:30.338Z] <<< [apiv2][status] GET https://cloudfunctions.googleapis.com/v1/operations/cmVmcmVzaGluZy13ZWJzaXRlL3VzLWNlbnRyYWwxL3B1cmdlVHJhc2gvV3p6OXBZZlQtVDg 200
[2026-08-10T03:15:30.339Z] <<< [apiv2][body] GET https://cloudfunctions.googleapis.com/v1/operations/cmVmcmVzaGluZy13ZWJzaXRlL3VzLWNlbnRyYWwxL3B1cmdlVHJhc2gvV3p6OXBZZlQtVDg {"name":"operations/cmVmcmVzaGluZy13ZWJzaXRlL3VzLWNlbnRyYWwxL3B1cmdlVHJhc2gvV3p6OXBZZlQtVDg","metadata":{"@type":"type.googleapis.com/google.cloud.functions.v1.OperationMetadataV1","target":"projects/refreshing-website/locations/us-central1/functions/purgeTrash","type":"UPDATE_FUNCTION","request":{"@type":"type.googleapis.com/google.cloud.functions.v1.CloudFunction","name":"projects/refreshing-website/locations/us-central1/functions/purgeTrash","eventTrigger":{"eventType":"google.pubsub.topic.publish","resource":"projects/refreshing-website/topics/firebase-schedule-purgeTrash-us-central1","service":"pubsub.googleapis.com","failurePolicy":{}},"status":"ACTIVE","entryPoint":"purgeTrash","updateTime":"2026-08-10T03:12:38.428Z","versionId":"4","labels":{"deployment-tool":"cli-firebase","deployment-scheduled":"true","firebase-functions-hash":"4d0e9bd4750926bf686d9a2578c78b22796053a7"},"sourceUploadUrl":"https://storage.googleapis.com/uploads-836972235469.us-central1.cloudfunctions.appspot.com/d25e375b-b285-4ae6-92e7-2788b17d669c.zip?GoogleAccessId=service-832093857842@gcf-admin-robot.iam.gserviceaccount.com&Expires=1786333476&Signature=vodKr4jEv8OxG2kgtja5bkjca7lc4oW09Rk0uIElcJWMVvGfHW3uZTtf0Pxaa9GxMn8AMyP29kWMN9T5upIvLBuEwjRBEITXuHhGqefqzbyP995sP%2FwVvGjBen%2FRGzS8u0F12UgYd%2B6vfLlhqyiKHsaJd1XlNcOVZH5%2BKvMKO3A719qEdkg8Tv8sn%2F7n8PLZFCYQBZr53ba2f1Ap6poBC%2F3XWkvGpzx6V1xj%2F7EwWkOE%2Flk24kM%2F9rpvQ2EESgJWOfdwoBhFXmz8XxdR3comtFOtedwxI99qUzVIOU6uhTBZwOGE3LlH8G7NPmspxSBdg1FRMa5CjozRjP1w4n7c4A%3D%3D","environmentVariables":{"FIREBASE_CONFIG":"{\"projectId\":\"refreshing-website\",\"storageBucket\":\"refreshing-website.firebasestorage.app\"}","GCLOUD_PROJECT":"refreshing-website","EVENTARC_CLOUD_EVENT_SOURCE":"projects/refreshing-website/locations/us-central1/functions/purgeTrash"},"runtime":"nodejs20","buildId":"f5832f40-26c0-49b5-a0eb-5b522922e509","buildEnvironmentVariables":{"GOOGLE_NODE_RUN_SCRIPTS":""},"sourceToken":"34a41cb0-eee3-467d-a60b-d9de6c7ee8e3","buildName":"projects/832093857842/locations/us-central1/builds/f5832f40-26c0-49b5-a0eb-5b522922e509","dockerRegistry":"ARTIFACT_REGISTRY","automaticUpdatePolicy":{},"buildServiceAccount":"projects/refreshing-website/serviceAccounts/832093857842-compute@developer.gserviceaccount.com"},"versionId":"5","updateTime":"2026-08-10T03:15:28Z","buildId":"8396bccd-d1fd-4519-bbd2-33cc12b1fb18","sourceToken":"34a41cb0-eee3-467d-a60b-d9de6c7ee8e3","buildName":"projects/832093857842/locations/us-central1/builds/8396bccd-d1fd-4519-bbd2-33cc12b1fb18"}}
[2026-08-10T03:15:30.339Z] Got source token 34a41cb0-eee3-467d-a60b-d9de6c7ee8e3 for region us-central1
[2026-08-10T03:15:30.339Z] <<< [apiv2][status] GET https://cloudfunctions.googleapis.com/v1/operations/cmVmcmVzaGluZy13ZWJzaXRlL3VzLWNlbnRyYWwxL3Jldm9rZVVzZXJBY2Nlc3MvOFVjcEI3M05NdTQ 200
[2026-08-10T03:15:30.340Z] <<< [apiv2][body] GET https://cloudfunctions.googleapis.com/v1/operations/cmVmcmVzaGluZy13ZWJzaXRlL3VzLWNlbnRyYWwxL3Jldm9rZVVzZXJBY2Nlc3MvOFVjcEI3M05NdTQ {"name":"operations/cmVmcmVzaGluZy13ZWJzaXRlL3VzLWNlbnRyYWwxL3Jldm9rZVVzZXJBY2Nlc3MvOFVjcEI3M05NdTQ","metadata":{"@type":"type.googleapis.com/google.cloud.functions.v1.OperationMetadataV1","target":"projects/refreshing-website/locations/us-central1/functions/revokeUserAccess","type":"UPDATE_FUNCTION","request":{"@type":"type.googleapis.com/google.cloud.functions.v1.CloudFunction","name":"projects/refreshing-website/locations/us-central1/functions/revokeUserAccess","httpsTrigger":{"url":"https://us-central1-refreshing-website.cloudfunctions.net/revokeUserAccess","securityLevel":"SECURE_ALWAYS"},"status":"ACTIVE","entryPoint":"revokeUserAccess","updateTime":"2026-08-10T03:12:38.596Z","versionId":"4","labels":{"deployment-tool":"cli-firebase","deployment-callable":"true","firebase-functions-hash":"4d0e9bd4750926bf686d9a2578c78b22796053a7"},"sourceUploadUrl":"https://storage.googleapis.com/uploads-836972235469.us-central1.cloudfunctions.appspot.com/d25e375b-b285-4ae6-92e7-2788b17d669c.zip?GoogleAccessId=service-832093857842@gcf-admin-robot.iam.gserviceaccount.com&Expires=1786333476&Signature=vodKr4jEv8OxG2kgtja5bkjca7lc4oW09Rk0uIElcJWMVvGfHW3uZTtf0Pxaa9GxMn8AMyP29kWMN9T5upIvLBuEwjRBEITXuHhGqefqzbyP995sP%2FwVvGjBen%2FRGzS8u0F12UgYd%2B6vfLlhqyiKHsaJd1XlNcOVZH5%2BKvMKO3A719qEdkg8Tv8sn%2F7n8PLZFCYQBZr53ba2f1Ap6poBC%2F3XWkvGpzx6V1xj%2F7EwWkOE%2Flk24kM%2F9rpvQ2EESgJWOfdwoBhFXmz8XxdR3comtFOtedwxI99qUzVIOU6uhTBZwOGE3LlH8G7NPmspxSBdg1FRMa5CjozRjP1w4n7c4A%3D%3D","environmentVariables":{"FIREBASE_CONFIG":"{\"projectId\":\"refreshing-website\",\"storageBucket\":\"refreshing-website.firebasestorage.app\"}","GCLOUD_PROJECT":"refreshing-website","EVENTARC_CLOUD_EVENT_SOURCE":"projects/refreshing-website/locations/us-central1/functions/revokeUserAccess"},"runtime":"nodejs20","buildId":"f5832f40-26c0-49b5-a0eb-5b522922e509","buildEnvironmentVariables":{"GOOGLE_NODE_RUN_SCRIPTS":""},"sourceToken":"34a41cb0-eee3-467d-a60b-d9de6c7ee8e3","buildName":"projects/832093857842/locations/us-central1/builds/f5832f40-26c0-49b5-a0eb-5b522922e509","dockerRegistry":"ARTIFACT_REGISTRY","automaticUpdatePolicy":{},"buildServiceAccount":"projects/refreshing-website/serviceAccounts/832093857842-compute@developer.gserviceaccount.com"},"versionId":"5","updateTime":"2026-08-10T03:15:28Z","buildId":"8396bccd-d1fd-4519-bbd2-33cc12b1fb18","sourceToken":"34a41cb0-eee3-467d-a60b-d9de6c7ee8e3","buildName":"projects/832093857842/locations/us-central1/builds/8396bccd-d1fd-4519-bbd2-33cc12b1fb18"}}
[2026-08-10T03:15:30.340Z] Got source token 34a41cb0-eee3-467d-a60b-d9de6c7ee8e3 for region us-central1
[2026-08-10T03:15:30.344Z] <<< [apiv2][status] GET https://cloudfunctions.googleapis.com/v1/operations/cmVmcmVzaGluZy13ZWJzaXRlL3VzLWNlbnRyYWwxL3VuZG9DaGVja0luL0E0ckIyRFREX0ln 200
[2026-08-10T03:15:30.344Z] <<< [apiv2][body] GET https://cloudfunctions.googleapis.com/v1/operations/cmVmcmVzaGluZy13ZWJzaXRlL3VzLWNlbnRyYWwxL3VuZG9DaGVja0luL0E0ckIyRFREX0ln {"name":"operations/cmVmcmVzaGluZy13ZWJzaXRlL3VzLWNlbnRyYWwxL3VuZG9DaGVja0luL0E0ckIyRFREX0ln","metadata":{"@type":"type.googleapis.com/google.cloud.functions.v1.OperationMetadataV1","target":"projects/refreshing-website/locations/us-central1/functions/undoCheckIn","type":"UPDATE_FUNCTION","request":{"@type":"type.googleapis.com/google.cloud.functions.v1.CloudFunction","name":"projects/refreshing-website/locations/us-central1/functions/undoCheckIn","httpsTrigger":{"url":"https://us-central1-refreshing-website.cloudfunctions.net/undoCheckIn","securityLevel":"SECURE_ALWAYS"},"status":"ACTIVE","entryPoint":"undoCheckIn","updateTime":"2026-08-10T03:12:41.295Z","versionId":"4","labels":{"deployment-tool":"cli-firebase","deployment-callable":"true","firebase-functions-hash":"4d0e9bd4750926bf686d9a2578c78b22796053a7"},"sourceUploadUrl":"https://storage.googleapis.com/uploads-836972235469.us-central1.cloudfunctions.appspot.com/d25e375b-b285-4ae6-92e7-2788b17d669c.zip?GoogleAccessId=service-832093857842@gcf-admin-robot.iam.gserviceaccount.com&Expires=1786333476&Signature=vodKr4jEv8OxG2kgtja5bkjca7lc4oW09Rk0uIElcJWMVvGfHW3uZTtf0Pxaa9GxMn8AMyP29kWMN9T5upIvLBuEwjRBEITXuHhGqefqzbyP995sP%2FwVvGjBen%2FRGzS8u0F12UgYd%2B6vfLlhqyiKHsaJd1XlNcOVZH5%2BKvMKO3A719qEdkg8Tv8sn%2F7n8PLZFCYQBZr53ba2f1Ap6poBC%2F3XWkvGpzx6V1xj%2F7EwWkOE%2Flk24kM%2F9rpvQ2EESgJWOfdwoBhFXmz8XxdR3comtFOtedwxI99qUzVIOU6uhTBZwOGE3LlH8G7NPmspxSBdg1FRMa5CjozRjP1w4n7c4A%3D%3D","environmentVariables":{"FIREBASE_CONFIG":"{\"projectId\":\"refreshing-website\",\"storageBucket\":\"refreshing-website.firebasestorage.app\"}","GCLOUD_PROJECT":"refreshing-website","EVENTARC_CLOUD_EVENT_SOURCE":"projects/refreshing-website/locations/us-central1/functions/undoCheckIn"},"runtime":"nodejs20","buildId":"f5832f40-26c0-49b5-a0eb-5b522922e509","buildEnvironmentVariables":{"GOOGLE_NODE_RUN_SCRIPTS":""},"sourceToken":"34a41cb0-eee3-467d-a60b-d9de6c7ee8e3","buildName":"projects/832093857842/locations/us-central1/builds/f5832f40-26c0-49b5-a0eb-5b522922e509","dockerRegistry":"ARTIFACT_REGISTRY","automaticUpdatePolicy":{},"buildServiceAccount":"projects/refreshing-website/serviceAccounts/832093857842-compute@developer.gserviceaccount.com"},"versionId":"5","updateTime":"2026-08-10T03:15:28Z","buildId":"8396bccd-d1fd-4519-bbd2-33cc12b1fb18","sourceToken":"34a41cb0-eee3-467d-a60b-d9de6c7ee8e3","buildName":"projects/832093857842/locations/us-central1/builds/8396bccd-d1fd-4519-bbd2-33cc12b1fb18"}}
[2026-08-10T03:15:30.344Z] Got source token 34a41cb0-eee3-467d-a60b-d9de6c7ee8e3 for region us-central1
[2026-08-10T03:15:30.369Z] <<< [apiv2][status] GET https://cloudfunctions.googleapis.com/v1/operations/cmVmcmVzaGluZy13ZWJzaXRlL3VzLWNlbnRyYWwxL2F1ZGl0QXR0ZW5kZWVzV3JpdGUvdEVIRmgzb1o4TDg 200
[2026-08-10T03:15:30.370Z] <<< [apiv2][body] GET https://cloudfunctions.googleapis.com/v1/operations/cmVmcmVzaGluZy13ZWJzaXRlL3VzLWNlbnRyYWwxL2F1ZGl0QXR0ZW5kZWVzV3JpdGUvdEVIRmgzb1o4TDg {"name":"operations/cmVmcmVzaGluZy13ZWJzaXRlL3VzLWNlbnRyYWwxL2F1ZGl0QXR0ZW5kZWVzV3JpdGUvdEVIRmgzb1o4TDg","metadata":{"@type":"type.googleapis.com/google.cloud.functions.v1.OperationMetadataV1","target":"projects/refreshing-website/locations/us-central1/functions/auditAttendeesWrite","type":"UPDATE_FUNCTION","request":{"@type":"type.googleapis.com/google.cloud.functions.v1.CloudFunction","name":"projects/refreshing-website/locations/us-central1/functions/auditAttendeesWrite","eventTrigger":{"eventType":"providers/cloud.firestore/eventTypes/document.write","resource":"projects/refreshing-website/databases/(default)/documents/events/{eventId}/attendees/{attendeeId}","service":"firestore.googleapis.com"},"status":"ACTIVE","entryPoint":"auditAttendeesWrite","updateTime":"2026-08-10T03:12:35.311Z","versionId":"4","labels":{"deployment-tool":"cli-firebase","firebase-functions-hash":"4d0e9bd4750926bf686d9a2578c78b22796053a7"},"sourceUploadUrl":"https://storage.googleapis.com/uploads-836972235469.us-central1.cloudfunctions.appspot.com/d25e375b-b285-4ae6-92e7-2788b17d669c.zip?GoogleAccessId=service-832093857842@gcf-admin-robot.iam.gserviceaccount.com&Expires=1786333476&Signature=vodKr4jEv8OxG2kgtja5bkjca7lc4oW09Rk0uIElcJWMVvGfHW3uZTtf0Pxaa9GxMn8AMyP29kWMN9T5upIvLBuEwjRBEITXuHhGqefqzbyP995sP%2FwVvGjBen%2FRGzS8u0F12UgYd%2B6vfLlhqyiKHsaJd1XlNcOVZH5%2BKvMKO3A719qEdkg8Tv8sn%2F7n8PLZFCYQBZr53ba2f1Ap6poBC%2F3XWkvGpzx6V1xj%2F7EwWkOE%2Flk24kM%2F9rpvQ2EESgJWOfdwoBhFXmz8XxdR3comtFOtedwxI99qUzVIOU6uhTBZwOGE3LlH8G7NPmspxSBdg1FRMa5CjozRjP1w4n7c4A%3D%3D","environmentVariables":{"FIREBASE_CONFIG":"{\"projectId\":\"refreshing-website\",\"storageBucket\":\"refreshing-website.firebasestorage.app\"}","GCLOUD_PROJECT":"refreshing-website","EVENTARC_CLOUD_EVENT_SOURCE":"projects/refreshing-website/locations/us-central1/functions/auditAttendeesWrite"},"runtime":"nodejs20","buildId":"f5832f40-26c0-49b5-a0eb-5b522922e509","buildEnvironmentVariables":{"GOOGLE_NODE_RUN_SCRIPTS":""},"sourceToken":"34a41cb0-eee3-467d-a60b-d9de6c7ee8e3","buildName":"projects/832093857842/locations/us-central1/builds/f5832f40-26c0-49b5-a0eb-5b522922e509","dockerRegistry":"ARTIFACT_REGISTRY","automaticUpdatePolicy":{},"buildServiceAccount":"projects/refreshing-website/serviceAccounts/832093857842-compute@developer.gserviceaccount.com"},"versionId":"5","updateTime":"2026-08-10T03:15:28Z","buildId":"8396bccd-d1fd-4519-bbd2-33cc12b1fb18","sourceToken":"34a41cb0-eee3-467d-a60b-d9de6c7ee8e3","buildName":"projects/832093857842/locations/us-central1/builds/8396bccd-d1fd-4519-bbd2-33cc12b1fb18"}}
[2026-08-10T03:15:30.370Z] Got source token 34a41cb0-eee3-467d-a60b-d9de6c7ee8e3 for region us-central1
[2026-08-10T03:15:30.386Z] <<< [apiv2][status] GET https://cloudfunctions.googleapis.com/v1/operations/cmVmcmVzaGluZy13ZWJzaXRlL3VzLWNlbnRyYWwxL2F1ZGl0U2Vzc2lvbnNXcml0ZS9ZOHJSeDdXZ0xrUQ 200
[2026-08-10T03:15:30.386Z] <<< [apiv2][body] GET https://cloudfunctions.googleapis.com/v1/operations/cmVmcmVzaGluZy13ZWJzaXRlL3VzLWNlbnRyYWwxL2F1ZGl0U2Vzc2lvbnNXcml0ZS9ZOHJSeDdXZ0xrUQ {"name":"operations/cmVmcmVzaGluZy13ZWJzaXRlL3VzLWNlbnRyYWwxL2F1ZGl0U2Vzc2lvbnNXcml0ZS9ZOHJSeDdXZ0xrUQ","metadata":{"@type":"type.googleapis.com/google.cloud.functions.v1.OperationMetadataV1","target":"projects/refreshing-website/locations/us-central1/functions/auditSessionsWrite","type":"UPDATE_FUNCTION","request":{"@type":"type.googleapis.com/google.cloud.functions.v1.CloudFunction","name":"projects/refreshing-website/locations/us-central1/functions/auditSessionsWrite","eventTrigger":{"eventType":"providers/cloud.firestore/eventTypes/document.write","resource":"projects/refreshing-website/databases/(default)/documents/events/{eventId}/sessions/{sessionId}","service":"firestore.googleapis.com"},"status":"ACTIVE","entryPoint":"auditSessionsWrite","updateTime":"2026-08-10T03:12:38.512Z","versionId":"4","labels":{"deployment-tool":"cli-firebase","firebase-functions-hash":"4d0e9bd4750926bf686d9a2578c78b22796053a7"},"sourceUploadUrl":"https://storage.googleapis.com/uploads-836972235469.us-central1.cloudfunctions.appspot.com/d25e375b-b285-4ae6-92e7-2788b17d669c.zip?GoogleAccessId=service-832093857842@gcf-admin-robot.iam.gserviceaccount.com&Expires=1786333476&Signature=vodKr4jEv8OxG2kgtja5bkjca7lc4oW09Rk0uIElcJWMVvGfHW3uZTtf0Pxaa9GxMn8AMyP29kWMN9T5upIvLBuEwjRBEITXuHhGqefqzbyP995sP%2FwVvGjBen%2FRGzS8u0F12UgYd%2B6vfLlhqyiKHsaJd1XlNcOVZH5%2BKvMKO3A719qEdkg8Tv8sn%2F7n8PLZFCYQBZr53ba2f1Ap6poBC%2F3XWkvGpzx6V1xj%2F7EwWkOE%2Flk24kM%2F9rpvQ2EESgJWOfdwoBhFXmz8XxdR3comtFOtedwxI99qUzVIOU6uhTBZwOGE3LlH8G7NPmspxSBdg1FRMa5CjozRjP1w4n7c4A%3D%3D","environmentVariables":{"FIREBASE_CONFIG":"{\"projectId\":\"refreshing-website\",\"storageBucket\":\"refreshing-website.firebasestorage.app\"}","GCLOUD_PROJECT":"refreshing-website","EVENTARC_CLOUD_EVENT_SOURCE":"projects/refreshing-website/locations/us-central1/functions/auditSessionsWrite"},"runtime":"nodejs20","buildId":"f5832f40-26c0-49b5-a0eb-5b522922e509","buildEnvironmentVariables":{"GOOGLE_NODE_RUN_SCRIPTS":""},"sourceToken":"34a41cb0-eee3-467d-a60b-d9de6c7ee8e3","buildName":"projects/832093857842/locations/us-central1/builds/f5832f40-26c0-49b5-a0eb-5b522922e509","dockerRegistry":"ARTIFACT_REGISTRY","automaticUpdatePolicy":{},"buildServiceAccount":"projects/refreshing-website/serviceAccounts/832093857842-compute@developer.gserviceaccount.com"},"versionId":"5","updateTime":"2026-08-10T03:15:28Z","buildId":"8396bccd-d1fd-4519-bbd2-33cc12b1fb18","sourceToken":"34a41cb0-eee3-467d-a60b-d9de6c7ee8e3","buildName":"projects/832093857842/locations/us-central1/builds/8396bccd-d1fd-4519-bbd2-33cc12b1fb18"}}
[2026-08-10T03:15:30.387Z] Got source token 34a41cb0-eee3-467d-a60b-d9de6c7ee8e3 for region us-central1
[2026-08-10T03:15:31.075Z] [update-default-us-central1-acceptInvite] Retrying task index 0
[2026-08-10T03:15:31.076Z] Checked if tokens are valid: true, expires at: 1786334449855
[2026-08-10T03:15:31.076Z] Checked if tokens are valid: true, expires at: 1786334449855
[2026-08-10T03:15:31.077Z] >>> [apiv2][query] GET https://cloudfunctions.googleapis.com/v1/operations/cmVmcmVzaGluZy13ZWJzaXRlL3VzLWNlbnRyYWwxL2FjY2VwdEludml0ZS9oeWo4Q1MxbTh0UQ [none]
[2026-08-10T03:15:31.221Z] [update-default-us-central1-auditMinistersWrite] Retrying task index 0
[2026-08-10T03:15:31.226Z] Checked if tokens are valid: true, expires at: 1786334449855
[2026-08-10T03:15:31.227Z] Checked if tokens are valid: true, expires at: 1786334449855
[2026-08-10T03:15:31.228Z] >>> [apiv2][query] GET https://cloudfunctions.googleapis.com/v1/operations/cmVmcmVzaGluZy13ZWJzaXRlL3VzLWNlbnRyYWwxL2F1ZGl0TWluaXN0ZXJzV3JpdGUvWlg4VjVGREpJUW8 [none]
[2026-08-10T03:15:31.240Z] [update-default-us-central1-markCheckedIn] Retrying task index 0
[2026-08-10T03:15:31.242Z] Checked if tokens are valid: true, expires at: 1786334449855
[2026-08-10T03:15:31.243Z] Checked if tokens are valid: true, expires at: 1786334449855
[2026-08-10T03:15:31.243Z] >>> [apiv2][query] GET https://cloudfunctions.googleapis.com/v1/operations/cmVmcmVzaGluZy13ZWJzaXRlL3VzLWNlbnRyYWwxL21hcmtDaGVja2VkSW4vdUJkcW51U2xPSjA [none]
[2026-08-10T03:15:31.247Z] [update-default-us-central1-setUserRole] Retrying task index 0
[2026-08-10T03:15:31.247Z] Checked if tokens are valid: true, expires at: 1786334449855
[2026-08-10T03:15:31.247Z] Checked if tokens are valid: true, expires at: 1786334449855
[2026-08-10T03:15:31.248Z] >>> [apiv2][query] GET https://cloudfunctions.googleapis.com/v1/operations/cmVmcmVzaGluZy13ZWJzaXRlL3VzLWNlbnRyYWwxL3NldFVzZXJSb2xlL0tBQlBSWWt4aFJj [none]
[2026-08-10T03:15:31.258Z] [update-default-us-central1-syncCheckinView] Retrying task index 0
[2026-08-10T03:15:31.258Z] Checked if tokens are valid: true, expires at: 1786334449855
[2026-08-10T03:15:31.258Z] Checked if tokens are valid: true, expires at: 1786334449855
[2026-08-10T03:15:31.258Z] >>> [apiv2][query] GET https://cloudfunctions.googleapis.com/v1/operations/cmVmcmVzaGluZy13ZWJzaXRlL3VzLWNlbnRyYWwxL3N5bmNDaGVja2luVmlldy9uQTM1UGJGYXpiZw [none]
[2026-08-10T03:15:31.283Z] [update-default-us-central1-provisionAdminAccount] Retrying task index 0
[2026-08-10T03:15:31.283Z] Checked if tokens are valid: true, expires at: 1786334449855
[2026-08-10T03:15:31.283Z] Checked if tokens are valid: true, expires at: 1786334449855
[2026-08-10T03:15:31.283Z] >>> [apiv2][query] GET https://cloudfunctions.googleapis.com/v1/operations/cmVmcmVzaGluZy13ZWJzaXRlL3VzLWNlbnRyYWwxL3Byb3Zpc2lvbkFkbWluQWNjb3VudC91cXEwUGxIRm5Fdw [none]
[2026-08-10T03:15:31.289Z] [update-default-us-central1-pruneVersionHistory] Retrying task index 0
[2026-08-10T03:15:31.289Z] Checked if tokens are valid: true, expires at: 1786334449855
[2026-08-10T03:15:31.290Z] Checked if tokens are valid: true, expires at: 1786334449855
[2026-08-10T03:15:31.290Z] >>> [apiv2][query] GET https://cloudfunctions.googleapis.com/v1/operations/cmVmcmVzaGluZy13ZWJzaXRlL3VzLWNlbnRyYWwxL3BydW5lVmVyc2lvbkhpc3RvcnkvY1JoNlZvNHZmYkE [none]
[2026-08-10T03:15:31.341Z] [update-default-us-central1-purgeTrash] Retrying task index 0
[2026-08-10T03:15:31.342Z] Checked if tokens are valid: true, expires at: 1786334449855
[2026-08-10T03:15:31.343Z] Checked if tokens are valid: true, expires at: 1786334449855
[2026-08-10T03:15:31.343Z] >>> [apiv2][query] GET https://cloudfunctions.googleapis.com/v1/operations/cmVmcmVzaGluZy13ZWJzaXRlL3VzLWNlbnRyYWwxL3B1cmdlVHJhc2gvV3p6OXBZZlQtVDg [none]
[2026-08-10T03:15:31.349Z] [update-default-us-central1-revokeUserAccess] Retrying task index 0
[2026-08-10T03:15:31.350Z] Checked if tokens are valid: true, expires at: 1786334449855
[2026-08-10T03:15:31.350Z] Checked if tokens are valid: true, expires at: 1786334449855
[2026-08-10T03:15:31.351Z] >>> [apiv2][query] GET https://cloudfunctions.googleapis.com/v1/operations/cmVmcmVzaGluZy13ZWJzaXRlL3VzLWNlbnRyYWwxL3Jldm9rZVVzZXJBY2Nlc3MvOFVjcEI3M05NdTQ [none]
[2026-08-10T03:15:31.355Z] [update-default-us-central1-undoCheckIn] Retrying task index 0
[2026-08-10T03:15:31.355Z] Checked if tokens are valid: true, expires at: 1786334449855
[2026-08-10T03:15:31.355Z] Checked if tokens are valid: true, expires at: 1786334449855
[2026-08-10T03:15:31.356Z] >>> [apiv2][query] GET https://cloudfunctions.googleapis.com/v1/operations/cmVmcmVzaGluZy13ZWJzaXRlL3VzLWNlbnRyYWwxL3VuZG9DaGVja0luL0E0ckIyRFREX0ln [none]
[2026-08-10T03:15:31.371Z] [update-default-us-central1-auditAttendeesWrite] Retrying task index 0
[2026-08-10T03:15:31.371Z] Checked if tokens are valid: true, expires at: 1786334449855
[2026-08-10T03:15:31.372Z] Checked if tokens are valid: true, expires at: 1786334449855
[2026-08-10T03:15:31.372Z] >>> [apiv2][query] GET https://cloudfunctions.googleapis.com/v1/operations/cmVmcmVzaGluZy13ZWJzaXRlL3VzLWNlbnRyYWwxL2F1ZGl0QXR0ZW5kZWVzV3JpdGUvdEVIRmgzb1o4TDg [none]
[2026-08-10T03:15:31.387Z] [update-default-us-central1-auditSessionsWrite] Retrying task index 0
[2026-08-10T03:15:31.388Z] Checked if tokens are valid: true, expires at: 1786334449855
[2026-08-10T03:15:31.388Z] Checked if tokens are valid: true, expires at: 1786334449855
[2026-08-10T03:15:31.388Z] >>> [apiv2][query] GET https://cloudfunctions.googleapis.com/v1/operations/cmVmcmVzaGluZy13ZWJzaXRlL3VzLWNlbnRyYWwxL2F1ZGl0U2Vzc2lvbnNXcml0ZS9ZOHJSeDdXZ0xrUQ [none]
[2026-08-10T03:15:31.402Z] <<< [apiv2][status] GET https://cloudfunctions.googleapis.com/v1/operations/cmVmcmVzaGluZy13ZWJzaXRlL3VzLWNlbnRyYWwxL2FjY2VwdEludml0ZS9oeWo4Q1MxbTh0UQ 200
[2026-08-10T03:15:31.402Z] <<< [apiv2][body] GET https://cloudfunctions.googleapis.com/v1/operations/cmVmcmVzaGluZy13ZWJzaXRlL3VzLWNlbnRyYWwxL2FjY2VwdEludml0ZS9oeWo4Q1MxbTh0UQ {"name":"operations/cmVmcmVzaGluZy13ZWJzaXRlL3VzLWNlbnRyYWwxL2FjY2VwdEludml0ZS9oeWo4Q1MxbTh0UQ","metadata":{"@type":"type.googleapis.com/google.cloud.functions.v1.OperationMetadataV1","target":"projects/refreshing-website/locations/us-central1/functions/acceptInvite","type":"UPDATE_FUNCTION","request":{"@type":"type.googleapis.com/google.cloud.functions.v1.CloudFunction","name":"projects/refreshing-website/locations/us-central1/functions/acceptInvite","httpsTrigger":{"url":"https://us-central1-refreshing-website.cloudfunctions.net/acceptInvite","securityLevel":"SECURE_ALWAYS"},"status":"ACTIVE","entryPoint":"acceptInvite","updateTime":"2026-08-10T03:12:39.067Z","versionId":"4","labels":{"deployment-tool":"cli-firebase","deployment-callable":"true","firebase-functions-hash":"4d0e9bd4750926bf686d9a2578c78b22796053a7"},"sourceUploadUrl":"https://storage.googleapis.com/uploads-836972235469.us-central1.cloudfunctions.appspot.com/d25e375b-b285-4ae6-92e7-2788b17d669c.zip?GoogleAccessId=service-832093857842@gcf-admin-robot.iam.gserviceaccount.com&Expires=1786333476&Signature=vodKr4jEv8OxG2kgtja5bkjca7lc4oW09Rk0uIElcJWMVvGfHW3uZTtf0Pxaa9GxMn8AMyP29kWMN9T5upIvLBuEwjRBEITXuHhGqefqzbyP995sP%2FwVvGjBen%2FRGzS8u0F12UgYd%2B6vfLlhqyiKHsaJd1XlNcOVZH5%2BKvMKO3A719qEdkg8Tv8sn%2F7n8PLZFCYQBZr53ba2f1Ap6poBC%2F3XWkvGpzx6V1xj%2F7EwWkOE%2Flk24kM%2F9rpvQ2EESgJWOfdwoBhFXmz8XxdR3comtFOtedwxI99qUzVIOU6uhTBZwOGE3LlH8G7NPmspxSBdg1FRMa5CjozRjP1w4n7c4A%3D%3D","environmentVariables":{"FIREBASE_CONFIG":"{\"projectId\":\"refreshing-website\",\"storageBucket\":\"refreshing-website.firebasestorage.app\"}","GCLOUD_PROJECT":"refreshing-website","EVENTARC_CLOUD_EVENT_SOURCE":"projects/refreshing-website/locations/us-central1/functions/acceptInvite"},"runtime":"nodejs20","buildId":"f5832f40-26c0-49b5-a0eb-5b522922e509","buildEnvironmentVariables":{"GOOGLE_NODE_RUN_SCRIPTS":""},"sourceToken":"34a41cb0-eee3-467d-a60b-d9de6c7ee8e3","buildName":"projects/832093857842/locations/us-central1/builds/f5832f40-26c0-49b5-a0eb-5b522922e509","dockerRegistry":"ARTIFACT_REGISTRY","automaticUpdatePolicy":{},"buildServiceAccount":"projects/refreshing-website/serviceAccounts/832093857842-compute@developer.gserviceaccount.com"},"versionId":"5","updateTime":"2026-08-10T03:15:28Z","buildId":"8396bccd-d1fd-4519-bbd2-33cc12b1fb18","sourceToken":"34a41cb0-eee3-467d-a60b-d9de6c7ee8e3","buildName":"projects/832093857842/locations/us-central1/builds/8396bccd-d1fd-4519-bbd2-33cc12b1fb18"}}
[2026-08-10T03:15:31.403Z] Got source token 34a41cb0-eee3-467d-a60b-d9de6c7ee8e3 for region us-central1
[2026-08-10T03:15:31.523Z] <<< [apiv2][status] GET https://cloudfunctions.googleapis.com/v1/operations/cmVmcmVzaGluZy13ZWJzaXRlL3VzLWNlbnRyYWwxL2F1ZGl0TWluaXN0ZXJzV3JpdGUvWlg4VjVGREpJUW8 200
[2026-08-10T03:15:31.524Z] <<< [apiv2][body] GET https://cloudfunctions.googleapis.com/v1/operations/cmVmcmVzaGluZy13ZWJzaXRlL3VzLWNlbnRyYWwxL2F1ZGl0TWluaXN0ZXJzV3JpdGUvWlg4VjVGREpJUW8 {"name":"operations/cmVmcmVzaGluZy13ZWJzaXRlL3VzLWNlbnRyYWwxL2F1ZGl0TWluaXN0ZXJzV3JpdGUvWlg4VjVGREpJUW8","metadata":{"@type":"type.googleapis.com/google.cloud.functions.v1.OperationMetadataV1","target":"projects/refreshing-website/locations/us-central1/functions/auditMinistersWrite","type":"UPDATE_FUNCTION","request":{"@type":"type.googleapis.com/google.cloud.functions.v1.CloudFunction","name":"projects/refreshing-website/locations/us-central1/functions/auditMinistersWrite","eventTrigger":{"eventType":"providers/cloud.firestore/eventTypes/document.write","resource":"projects/refreshing-website/databases/(default)/documents/events/{eventId}/ministers/{ministerId}","service":"firestore.googleapis.com"},"status":"ACTIVE","entryPoint":"auditMinistersWrite","updateTime":"2026-08-10T03:12:38.944Z","versionId":"4","labels":{"deployment-tool":"cli-firebase","firebase-functions-hash":"4d0e9bd4750926bf686d9a2578c78b22796053a7"},"sourceUploadUrl":"https://storage.googleapis.com/uploads-836972235469.us-central1.cloudfunctions.appspot.com/d25e375b-b285-4ae6-92e7-2788b17d669c.zip?GoogleAccessId=service-832093857842@gcf-admin-robot.iam.gserviceaccount.com&Expires=1786333476&Signature=vodKr4jEv8OxG2kgtja5bkjca7lc4oW09Rk0uIElcJWMVvGfHW3uZTtf0Pxaa9GxMn8AMyP29kWMN9T5upIvLBuEwjRBEITXuHhGqefqzbyP995sP%2FwVvGjBen%2FRGzS8u0F12UgYd%2B6vfLlhqyiKHsaJd1XlNcOVZH5%2BKvMKO3A719qEdkg8Tv8sn%2F7n8PLZFCYQBZr53ba2f1Ap6poBC%2F3XWkvGpzx6V1xj%2F7EwWkOE%2Flk24kM%2F9rpvQ2EESgJWOfdwoBhFXmz8XxdR3comtFOtedwxI99qUzVIOU6uhTBZwOGE3LlH8G7NPmspxSBdg1FRMa5CjozRjP1w4n7c4A%3D%3D","environmentVariables":{"FIREBASE_CONFIG":"{\"projectId\":\"refreshing-website\",\"storageBucket\":\"refreshing-website.firebasestorage.app\"}","GCLOUD_PROJECT":"refreshing-website","EVENTARC_CLOUD_EVENT_SOURCE":"projects/refreshing-website/locations/us-central1/functions/auditMinistersWrite"},"runtime":"nodejs20","buildId":"f5832f40-26c0-49b5-a0eb-5b522922e509","buildEnvironmentVariables":{"GOOGLE_NODE_RUN_SCRIPTS":""},"sourceToken":"34a41cb0-eee3-467d-a60b-d9de6c7ee8e3","buildName":"projects/832093857842/locations/us-central1/builds/f5832f40-26c0-49b5-a0eb-5b522922e509","dockerRegistry":"ARTIFACT_REGISTRY","automaticUpdatePolicy":{},"buildServiceAccount":"projects/refreshing-website/serviceAccounts/832093857842-compute@developer.gserviceaccount.com"},"versionId":"5","updateTime":"2026-08-10T03:15:28Z","buildId":"8396bccd-d1fd-4519-bbd2-33cc12b1fb18","sourceToken":"34a41cb0-eee3-467d-a60b-d9de6c7ee8e3","buildName":"projects/832093857842/locations/us-central1/builds/8396bccd-d1fd-4519-bbd2-33cc12b1fb18"}}
[2026-08-10T03:15:31.524Z] Got source token 34a41cb0-eee3-467d-a60b-d9de6c7ee8e3 for region us-central1
[2026-08-10T03:15:31.530Z] <<< [apiv2][status] GET https://cloudfunctions.googleapis.com/v1/operations/cmVmcmVzaGluZy13ZWJzaXRlL3VzLWNlbnRyYWwxL3NldFVzZXJSb2xlL0tBQlBSWWt4aFJj 200
[2026-08-10T03:15:31.530Z] <<< [apiv2][body] GET https://cloudfunctions.googleapis.com/v1/operations/cmVmcmVzaGluZy13ZWJzaXRlL3VzLWNlbnRyYWwxL3NldFVzZXJSb2xlL0tBQlBSWWt4aFJj {"name":"operations/cmVmcmVzaGluZy13ZWJzaXRlL3VzLWNlbnRyYWwxL3NldFVzZXJSb2xlL0tBQlBSWWt4aFJj","metadata":{"@type":"type.googleapis.com/google.cloud.functions.v1.OperationMetadataV1","target":"projects/refreshing-website/locations/us-central1/functions/setUserRole","type":"UPDATE_FUNCTION","request":{"@type":"type.googleapis.com/google.cloud.functions.v1.CloudFunction","name":"projects/refreshing-website/locations/us-central1/functions/setUserRole","httpsTrigger":{"url":"https://us-central1-refreshing-website.cloudfunctions.net/setUserRole","securityLevel":"SECURE_ALWAYS"},"status":"ACTIVE","entryPoint":"setUserRole","updateTime":"2026-08-10T03:12:36.232Z","versionId":"4","labels":{"deployment-tool":"cli-firebase","deployment-callable":"true","firebase-functions-hash":"4d0e9bd4750926bf686d9a2578c78b22796053a7"},"sourceUploadUrl":"https://storage.googleapis.com/uploads-836972235469.us-central1.cloudfunctions.appspot.com/d25e375b-b285-4ae6-92e7-2788b17d669c.zip?GoogleAccessId=service-832093857842@gcf-admin-robot.iam.gserviceaccount.com&Expires=1786333476&Signature=vodKr4jEv8OxG2kgtja5bkjca7lc4oW09Rk0uIElcJWMVvGfHW3uZTtf0Pxaa9GxMn8AMyP29kWMN9T5upIvLBuEwjRBEITXuHhGqefqzbyP995sP%2FwVvGjBen%2FRGzS8u0F12UgYd%2B6vfLlhqyiKHsaJd1XlNcOVZH5%2BKvMKO3A719qEdkg8Tv8sn%2F7n8PLZFCYQBZr53ba2f1Ap6poBC%2F3XWkvGpzx6V1xj%2F7EwWkOE%2Flk24kM%2F9rpvQ2EESgJWOfdwoBhFXmz8XxdR3comtFOtedwxI99qUzVIOU6uhTBZwOGE3LlH8G7NPmspxSBdg1FRMa5CjozRjP1w4n7c4A%3D%3D","environmentVariables":{"FIREBASE_CONFIG":"{\"projectId\":\"refreshing-website\",\"storageBucket\":\"refreshing-website.firebasestorage.app\"}","GCLOUD_PROJECT":"refreshing-website","EVENTARC_CLOUD_EVENT_SOURCE":"projects/refreshing-website/locations/us-central1/functions/setUserRole"},"runtime":"nodejs20","buildId":"f5832f40-26c0-49b5-a0eb-5b522922e509","buildEnvironmentVariables":{"GOOGLE_NODE_RUN_SCRIPTS":""},"sourceToken":"34a41cb0-eee3-467d-a60b-d9de6c7ee8e3","buildName":"projects/832093857842/locations/us-central1/builds/f5832f40-26c0-49b5-a0eb-5b522922e509","dockerRegistry":"ARTIFACT_REGISTRY","automaticUpdatePolicy":{},"buildServiceAccount":"projects/refreshing-website/serviceAccounts/832093857842-compute@developer.gserviceaccount.com"},"versionId":"5","updateTime":"2026-08-10T03:15:28Z","buildId":"8396bccd-d1fd-4519-bbd2-33cc12b1fb18","sourceToken":"34a41cb0-eee3-467d-a60b-d9de6c7ee8e3","buildName":"projects/832093857842/locations/us-central1/builds/8396bccd-d1fd-4519-bbd2-33cc12b1fb18"}}
[2026-08-10T03:15:31.530Z] Got source token 34a41cb0-eee3-467d-a60b-d9de6c7ee8e3 for region us-central1
[2026-08-10T03:15:31.584Z] <<< [apiv2][status] GET https://cloudfunctions.googleapis.com/v1/operations/cmVmcmVzaGluZy13ZWJzaXRlL3VzLWNlbnRyYWwxL3Byb3Zpc2lvbkFkbWluQWNjb3VudC91cXEwUGxIRm5Fdw 200
[2026-08-10T03:15:31.585Z] <<< [apiv2][body] GET https://cloudfunctions.googleapis.com/v1/operations/cmVmcmVzaGluZy13ZWJzaXRlL3VzLWNlbnRyYWwxL3Byb3Zpc2lvbkFkbWluQWNjb3VudC91cXEwUGxIRm5Fdw {"name":"operations/cmVmcmVzaGluZy13ZWJzaXRlL3VzLWNlbnRyYWwxL3Byb3Zpc2lvbkFkbWluQWNjb3VudC91cXEwUGxIRm5Fdw","metadata":{"@type":"type.googleapis.com/google.cloud.functions.v1.OperationMetadataV1","target":"projects/refreshing-website/locations/us-central1/functions/provisionAdminAccount","type":"UPDATE_FUNCTION","request":{"@type":"type.googleapis.com/google.cloud.functions.v1.CloudFunction","name":"projects/refreshing-website/locations/us-central1/functions/provisionAdminAccount","httpsTrigger":{"url":"https://us-central1-refreshing-website.cloudfunctions.net/provisionAdminAccount","securityLevel":"SECURE_ALWAYS"},"status":"ACTIVE","entryPoint":"provisionAdminAccount","updateTime":"2026-08-10T03:12:35.356Z","versionId":"4","labels":{"deployment-tool":"cli-firebase","deployment-callable":"true","firebase-functions-hash":"4d0e9bd4750926bf686d9a2578c78b22796053a7"},"sourceUploadUrl":"https://storage.googleapis.com/uploads-836972235469.us-central1.cloudfunctions.appspot.com/d25e375b-b285-4ae6-92e7-2788b17d669c.zip?GoogleAccessId=service-832093857842@gcf-admin-robot.iam.gserviceaccount.com&Expires=1786333476&Signature=vodKr4jEv8OxG2kgtja5bkjca7lc4oW09Rk0uIElcJWMVvGfHW3uZTtf0Pxaa9GxMn8AMyP29kWMN9T5upIvLBuEwjRBEITXuHhGqefqzbyP995sP%2FwVvGjBen%2FRGzS8u0F12UgYd%2B6vfLlhqyiKHsaJd1XlNcOVZH5%2BKvMKO3A719qEdkg8Tv8sn%2F7n8PLZFCYQBZr53ba2f1Ap6poBC%2F3XWkvGpzx6V1xj%2F7EwWkOE%2Flk24kM%2F9rpvQ2EESgJWOfdwoBhFXmz8XxdR3comtFOtedwxI99qUzVIOU6uhTBZwOGE3LlH8G7NPmspxSBdg1FRMa5CjozRjP1w4n7c4A%3D%3D","environmentVariables":{"FIREBASE_CONFIG":"{\"projectId\":\"refreshing-website\",\"storageBucket\":\"refreshing-website.firebasestorage.app\"}","GCLOUD_PROJECT":"refreshing-website","EVENTARC_CLOUD_EVENT_SOURCE":"projects/refreshing-website/locations/us-central1/functions/provisionAdminAccount"},"runtime":"nodejs20","buildId":"f5832f40-26c0-49b5-a0eb-5b522922e509","buildEnvironmentVariables":{"GOOGLE_NODE_RUN_SCRIPTS":""},"sourceToken":"34a41cb0-eee3-467d-a60b-d9de6c7ee8e3","buildName":"projects/832093857842/locations/us-central1/builds/f5832f40-26c0-49b5-a0eb-5b522922e509","dockerRegistry":"ARTIFACT_REGISTRY","automaticUpdatePolicy":{},"buildServiceAccount":"projects/refreshing-website/serviceAccounts/832093857842-compute@developer.gserviceaccount.com"},"versionId":"5","updateTime":"2026-08-10T03:15:28Z","buildId":"8396bccd-d1fd-4519-bbd2-33cc12b1fb18","sourceToken":"34a41cb0-eee3-467d-a60b-d9de6c7ee8e3","buildName":"projects/832093857842/locations/us-central1/builds/8396bccd-d1fd-4519-bbd2-33cc12b1fb18"}}
[2026-08-10T03:15:31.587Z] Got source token 34a41cb0-eee3-467d-a60b-d9de6c7ee8e3 for region us-central1
[2026-08-10T03:15:31.589Z] <<< [apiv2][status] GET https://cloudfunctions.googleapis.com/v1/operations/cmVmcmVzaGluZy13ZWJzaXRlL3VzLWNlbnRyYWwxL21hcmtDaGVja2VkSW4vdUJkcW51U2xPSjA 200
[2026-08-10T03:15:31.590Z] <<< [apiv2][body] GET https://cloudfunctions.googleapis.com/v1/operations/cmVmcmVzaGluZy13ZWJzaXRlL3VzLWNlbnRyYWwxL21hcmtDaGVja2VkSW4vdUJkcW51U2xPSjA {"name":"operations/cmVmcmVzaGluZy13ZWJzaXRlL3VzLWNlbnRyYWwxL21hcmtDaGVja2VkSW4vdUJkcW51U2xPSjA","metadata":{"@type":"type.googleapis.com/google.cloud.functions.v1.OperationMetadataV1","target":"projects/refreshing-website/locations/us-central1/functions/markCheckedIn","type":"UPDATE_FUNCTION","request":{"@type":"type.googleapis.com/google.cloud.functions.v1.CloudFunction","name":"projects/refreshing-website/locations/us-central1/functions/markCheckedIn","httpsTrigger":{"url":"https://us-central1-refreshing-website.cloudfunctions.net/markCheckedIn","securityLevel":"SECURE_ALWAYS"},"status":"ACTIVE","entryPoint":"markCheckedIn","updateTime":"2026-08-10T03:12:39.310Z","versionId":"4","labels":{"deployment-tool":"cli-firebase","deployment-callable":"true","firebase-functions-hash":"4d0e9bd4750926bf686d9a2578c78b22796053a7"},"sourceUploadUrl":"https://storage.googleapis.com/uploads-836972235469.us-central1.cloudfunctions.appspot.com/d25e375b-b285-4ae6-92e7-2788b17d669c.zip?GoogleAccessId=service-832093857842@gcf-admin-robot.iam.gserviceaccount.com&Expires=1786333476&Signature=vodKr4jEv8OxG2kgtja5bkjca7lc4oW09Rk0uIElcJWMVvGfHW3uZTtf0Pxaa9GxMn8AMyP29kWMN9T5upIvLBuEwjRBEITXuHhGqefqzbyP995sP%2FwVvGjBen%2FRGzS8u0F12UgYd%2B6vfLlhqyiKHsaJd1XlNcOVZH5%2BKvMKO3A719qEdkg8Tv8sn%2F7n8PLZFCYQBZr53ba2f1Ap6poBC%2F3XWkvGpzx6V1xj%2F7EwWkOE%2Flk24kM%2F9rpvQ2EESgJWOfdwoBhFXmz8XxdR3comtFOtedwxI99qUzVIOU6uhTBZwOGE3LlH8G7NPmspxSBdg1FRMa5CjozRjP1w4n7c4A%3D%3D","environmentVariables":{"FIREBASE_CONFIG":"{\"projectId\":\"refreshing-website\",\"storageBucket\":\"refreshing-website.firebasestorage.app\"}","GCLOUD_PROJECT":"refreshing-website","EVENTARC_CLOUD_EVENT_SOURCE":"projects/refreshing-website/locations/us-central1/functions/markCheckedIn"},"runtime":"nodejs20","buildId":"f5832f40-26c0-49b5-a0eb-5b522922e509","buildEnvironmentVariables":{"GOOGLE_NODE_RUN_SCRIPTS":""},"sourceToken":"34a41cb0-eee3-467d-a60b-d9de6c7ee8e3","buildName":"projects/832093857842/locations/us-central1/builds/f5832f40-26c0-49b5-a0eb-5b522922e509","dockerRegistry":"ARTIFACT_REGISTRY","automaticUpdatePolicy":{},"buildServiceAccount":"projects/refreshing-website/serviceAccounts/832093857842-compute@developer.gserviceaccount.com"},"versionId":"5","updateTime":"2026-08-10T03:15:28Z","buildId":"8396bccd-d1fd-4519-bbd2-33cc12b1fb18","sourceToken":"34a41cb0-eee3-467d-a60b-d9de6c7ee8e3","buildName":"projects/832093857842/locations/us-central1/builds/8396bccd-d1fd-4519-bbd2-33cc12b1fb18"}}
[2026-08-10T03:15:31.590Z] Got source token 34a41cb0-eee3-467d-a60b-d9de6c7ee8e3 for region us-central1
[2026-08-10T03:15:31.615Z] <<< [apiv2][status] GET https://cloudfunctions.googleapis.com/v1/operations/cmVmcmVzaGluZy13ZWJzaXRlL3VzLWNlbnRyYWwxL3BydW5lVmVyc2lvbkhpc3RvcnkvY1JoNlZvNHZmYkE 200
[2026-08-10T03:15:31.615Z] <<< [apiv2][body] GET https://cloudfunctions.googleapis.com/v1/operations/cmVmcmVzaGluZy13ZWJzaXRlL3VzLWNlbnRyYWwxL3BydW5lVmVyc2lvbkhpc3RvcnkvY1JoNlZvNHZmYkE {"name":"operations/cmVmcmVzaGluZy13ZWJzaXRlL3VzLWNlbnRyYWwxL3BydW5lVmVyc2lvbkhpc3RvcnkvY1JoNlZvNHZmYkE","metadata":{"@type":"type.googleapis.com/google.cloud.functions.v1.OperationMetadataV1","target":"projects/refreshing-website/locations/us-central1/functions/pruneVersionHistory","type":"UPDATE_FUNCTION","request":{"@type":"type.googleapis.com/google.cloud.functions.v1.CloudFunction","name":"projects/refreshing-website/locations/us-central1/functions/pruneVersionHistory","eventTrigger":{"eventType":"google.pubsub.topic.publish","resource":"projects/refreshing-website/topics/firebase-schedule-pruneVersionHistory-us-central1","service":"pubsub.googleapis.com","failurePolicy":{}},"status":"ACTIVE","entryPoint":"pruneVersionHistory","updateTime":"2026-08-10T03:12:38.388Z","versionId":"4","labels":{"deployment-tool":"cli-firebase","deployment-scheduled":"true","firebase-functions-hash":"4d0e9bd4750926bf686d9a2578c78b22796053a7"},"sourceUploadUrl":"https://storage.googleapis.com/uploads-836972235469.us-central1.cloudfunctions.appspot.com/d25e375b-b285-4ae6-92e7-2788b17d669c.zip?GoogleAccessId=service-832093857842@gcf-admin-robot.iam.gserviceaccount.com&Expires=1786333476&Signature=vodKr4jEv8OxG2kgtja5bkjca7lc4oW09Rk0uIElcJWMVvGfHW3uZTtf0Pxaa9GxMn8AMyP29kWMN9T5upIvLBuEwjRBEITXuHhGqefqzbyP995sP%2FwVvGjBen%2FRGzS8u0F12UgYd%2B6vfLlhqyiKHsaJd1XlNcOVZH5%2BKvMKO3A719qEdkg8Tv8sn%2F7n8PLZFCYQBZr53ba2f1Ap6poBC%2F3XWkvGpzx6V1xj%2F7EwWkOE%2Flk24kM%2F9rpvQ2EESgJWOfdwoBhFXmz8XxdR3comtFOtedwxI99qUzVIOU6uhTBZwOGE3LlH8G7NPmspxSBdg1FRMa5CjozRjP1w4n7c4A%3D%3D","environmentVariables":{"FIREBASE_CONFIG":"{\"projectId\":\"refreshing-website\",\"storageBucket\":\"refreshing-website.firebasestorage.app\"}","GCLOUD_PROJECT":"refreshing-website","EVENTARC_CLOUD_EVENT_SOURCE":"projects/refreshing-website/locations/us-central1/functions/pruneVersionHistory"},"runtime":"nodejs20","buildId":"f5832f40-26c0-49b5-a0eb-5b522922e509","buildEnvironmentVariables":{"GOOGLE_NODE_RUN_SCRIPTS":""},"sourceToken":"34a41cb0-eee3-467d-a60b-d9de6c7ee8e3","buildName":"projects/832093857842/locations/us-central1/builds/f5832f40-26c0-49b5-a0eb-5b522922e509","dockerRegistry":"ARTIFACT_REGISTRY","automaticUpdatePolicy":{},"buildServiceAccount":"projects/refreshing-website/serviceAccounts/832093857842-compute@developer.gserviceaccount.com"},"versionId":"5","updateTime":"2026-08-10T03:15:28Z","buildId":"8396bccd-d1fd-4519-bbd2-33cc12b1fb18","sourceToken":"34a41cb0-eee3-467d-a60b-d9de6c7ee8e3","buildName":"projects/832093857842/locations/us-central1/builds/8396bccd-d1fd-4519-bbd2-33cc12b1fb18"}}
[2026-08-10T03:15:31.615Z] Got source token 34a41cb0-eee3-467d-a60b-d9de6c7ee8e3 for region us-central1
[2026-08-10T03:15:31.628Z] <<< [apiv2][status] GET https://cloudfunctions.googleapis.com/v1/operations/cmVmcmVzaGluZy13ZWJzaXRlL3VzLWNlbnRyYWwxL3N5bmNDaGVja2luVmlldy9uQTM1UGJGYXpiZw 200
[2026-08-10T03:15:31.628Z] <<< [apiv2][body] GET https://cloudfunctions.googleapis.com/v1/operations/cmVmcmVzaGluZy13ZWJzaXRlL3VzLWNlbnRyYWwxL3N5bmNDaGVja2luVmlldy9uQTM1UGJGYXpiZw {"name":"operations/cmVmcmVzaGluZy13ZWJzaXRlL3VzLWNlbnRyYWwxL3N5bmNDaGVja2luVmlldy9uQTM1UGJGYXpiZw","metadata":{"@type":"type.googleapis.com/google.cloud.functions.v1.OperationMetadataV1","target":"projects/refreshing-website/locations/us-central1/functions/syncCheckinView","type":"UPDATE_FUNCTION","request":{"@type":"type.googleapis.com/google.cloud.functions.v1.CloudFunction","name":"projects/refreshing-website/locations/us-central1/functions/syncCheckinView","eventTrigger":{"eventType":"providers/cloud.firestore/eventTypes/document.write","resource":"projects/refreshing-website/databases/(default)/documents/events/{eventId}/attendees/{attendeeId}","service":"firestore.googleapis.com"},"status":"ACTIVE","entryPoint":"syncCheckinView","updateTime":"2026-08-10T03:12:40.842Z","versionId":"4","labels":{"deployment-tool":"cli-firebase","firebase-functions-hash":"4d0e9bd4750926bf686d9a2578c78b22796053a7"},"sourceUploadUrl":"https://storage.googleapis.com/uploads-836972235469.us-central1.cloudfunctions.appspot.com/d25e375b-b285-4ae6-92e7-2788b17d669c.zip?GoogleAccessId=service-832093857842@gcf-admin-robot.iam.gserviceaccount.com&Expires=1786333476&Signature=vodKr4jEv8OxG2kgtja5bkjca7lc4oW09Rk0uIElcJWMVvGfHW3uZTtf0Pxaa9GxMn8AMyP29kWMN9T5upIvLBuEwjRBEITXuHhGqefqzbyP995sP%2FwVvGjBen%2FRGzS8u0F12UgYd%2B6vfLlhqyiKHsaJd1XlNcOVZH5%2BKvMKO3A719qEdkg8Tv8sn%2F7n8PLZFCYQBZr53ba2f1Ap6poBC%2F3XWkvGpzx6V1xj%2F7EwWkOE%2Flk24kM%2F9rpvQ2EESgJWOfdwoBhFXmz8XxdR3comtFOtedwxI99qUzVIOU6uhTBZwOGE3LlH8G7NPmspxSBdg1FRMa5CjozRjP1w4n7c4A%3D%3D","environmentVariables":{"FIREBASE_CONFIG":"{\"projectId\":\"refreshing-website\",\"storageBucket\":\"refreshing-website.firebasestorage.app\"}","GCLOUD_PROJECT":"refreshing-website","EVENTARC_CLOUD_EVENT_SOURCE":"projects/refreshing-website/locations/us-central1/functions/syncCheckinView"},"runtime":"nodejs20","buildId":"f5832f40-26c0-49b5-a0eb-5b522922e509","buildEnvironmentVariables":{"GOOGLE_NODE_RUN_SCRIPTS":""},"sourceToken":"34a41cb0-eee3-467d-a60b-d9de6c7ee8e3","buildName":"projects/832093857842/locations/us-central1/builds/f5832f40-26c0-49b5-a0eb-5b522922e509","dockerRegistry":"ARTIFACT_REGISTRY","automaticUpdatePolicy":{},"buildServiceAccount":"projects/refreshing-website/serviceAccounts/832093857842-compute@developer.gserviceaccount.com"},"versionId":"5","updateTime":"2026-08-10T03:15:28Z","buildId":"8396bccd-d1fd-4519-bbd2-33cc12b1fb18","sourceToken":"34a41cb0-eee3-467d-a60b-d9de6c7ee8e3","buildName":"projects/832093857842/locations/us-central1/builds/8396bccd-d1fd-4519-bbd2-33cc12b1fb18"}}
[2026-08-10T03:15:31.628Z] Got source token 34a41cb0-eee3-467d-a60b-d9de6c7ee8e3 for region us-central1
[2026-08-10T03:15:31.640Z] <<< [apiv2][status] GET https://cloudfunctions.googleapis.com/v1/operations/cmVmcmVzaGluZy13ZWJzaXRlL3VzLWNlbnRyYWwxL3Jldm9rZVVzZXJBY2Nlc3MvOFVjcEI3M05NdTQ 200
[2026-08-10T03:15:31.640Z] <<< [apiv2][body] GET https://cloudfunctions.googleapis.com/v1/operations/cmVmcmVzaGluZy13ZWJzaXRlL3VzLWNlbnRyYWwxL3Jldm9rZVVzZXJBY2Nlc3MvOFVjcEI3M05NdTQ {"name":"operations/cmVmcmVzaGluZy13ZWJzaXRlL3VzLWNlbnRyYWwxL3Jldm9rZVVzZXJBY2Nlc3MvOFVjcEI3M05NdTQ","metadata":{"@type":"type.googleapis.com/google.cloud.functions.v1.OperationMetadataV1","target":"projects/refreshing-website/locations/us-central1/functions/revokeUserAccess","type":"UPDATE_FUNCTION","request":{"@type":"type.googleapis.com/google.cloud.functions.v1.CloudFunction","name":"projects/refreshing-website/locations/us-central1/functions/revokeUserAccess","httpsTrigger":{"url":"https://us-central1-refreshing-website.cloudfunctions.net/revokeUserAccess","securityLevel":"SECURE_ALWAYS"},"status":"ACTIVE","entryPoint":"revokeUserAccess","updateTime":"2026-08-10T03:12:38.596Z","versionId":"4","labels":{"deployment-tool":"cli-firebase","deployment-callable":"true","firebase-functions-hash":"4d0e9bd4750926bf686d9a2578c78b22796053a7"},"sourceUploadUrl":"https://storage.googleapis.com/uploads-836972235469.us-central1.cloudfunctions.appspot.com/d25e375b-b285-4ae6-92e7-2788b17d669c.zip?GoogleAccessId=service-832093857842@gcf-admin-robot.iam.gserviceaccount.com&Expires=1786333476&Signature=vodKr4jEv8OxG2kgtja5bkjca7lc4oW09Rk0uIElcJWMVvGfHW3uZTtf0Pxaa9GxMn8AMyP29kWMN9T5upIvLBuEwjRBEITXuHhGqefqzbyP995sP%2FwVvGjBen%2FRGzS8u0F12UgYd%2B6vfLlhqyiKHsaJd1XlNcOVZH5%2BKvMKO3A719qEdkg8Tv8sn%2F7n8PLZFCYQBZr53ba2f1Ap6poBC%2F3XWkvGpzx6V1xj%2F7EwWkOE%2Flk24kM%2F9rpvQ2EESgJWOfdwoBhFXmz8XxdR3comtFOtedwxI99qUzVIOU6uhTBZwOGE3LlH8G7NPmspxSBdg1FRMa5CjozRjP1w4n7c4A%3D%3D","environmentVariables":{"FIREBASE_CONFIG":"{\"projectId\":\"refreshing-website\",\"storageBucket\":\"refreshing-website.firebasestorage.app\"}","GCLOUD_PROJECT":"refreshing-website","EVENTARC_CLOUD_EVENT_SOURCE":"projects/refreshing-website/locations/us-central1/functions/revokeUserAccess"},"runtime":"nodejs20","buildId":"f5832f40-26c0-49b5-a0eb-5b522922e509","buildEnvironmentVariables":{"GOOGLE_NODE_RUN_SCRIPTS":""},"sourceToken":"34a41cb0-eee3-467d-a60b-d9de6c7ee8e3","buildName":"projects/832093857842/locations/us-central1/builds/f5832f40-26c0-49b5-a0eb-5b522922e509","dockerRegistry":"ARTIFACT_REGISTRY","automaticUpdatePolicy":{},"buildServiceAccount":"projects/refreshing-website/serviceAccounts/832093857842-compute@developer.gserviceaccount.com"},"versionId":"5","updateTime":"2026-08-10T03:15:28Z","buildId":"8396bccd-d1fd-4519-bbd2-33cc12b1fb18","sourceToken":"34a41cb0-eee3-467d-a60b-d9de6c7ee8e3","buildName":"projects/832093857842/locations/us-central1/builds/8396bccd-d1fd-4519-bbd2-33cc12b1fb18"}}
[2026-08-10T03:15:31.640Z] Got source token 34a41cb0-eee3-467d-a60b-d9de6c7ee8e3 for region us-central1
[2026-08-10T03:15:31.648Z] <<< [apiv2][status] GET https://cloudfunctions.googleapis.com/v1/operations/cmVmcmVzaGluZy13ZWJzaXRlL3VzLWNlbnRyYWwxL3VuZG9DaGVja0luL0E0ckIyRFREX0ln 200
[2026-08-10T03:15:31.648Z] <<< [apiv2][body] GET https://cloudfunctions.googleapis.com/v1/operations/cmVmcmVzaGluZy13ZWJzaXRlL3VzLWNlbnRyYWwxL3VuZG9DaGVja0luL0E0ckIyRFREX0ln {"name":"operations/cmVmcmVzaGluZy13ZWJzaXRlL3VzLWNlbnRyYWwxL3VuZG9DaGVja0luL0E0ckIyRFREX0ln","metadata":{"@type":"type.googleapis.com/google.cloud.functions.v1.OperationMetadataV1","target":"projects/refreshing-website/locations/us-central1/functions/undoCheckIn","type":"UPDATE_FUNCTION","request":{"@type":"type.googleapis.com/google.cloud.functions.v1.CloudFunction","name":"projects/refreshing-website/locations/us-central1/functions/undoCheckIn","httpsTrigger":{"url":"https://us-central1-refreshing-website.cloudfunctions.net/undoCheckIn","securityLevel":"SECURE_ALWAYS"},"status":"ACTIVE","entryPoint":"undoCheckIn","updateTime":"2026-08-10T03:12:41.295Z","versionId":"4","labels":{"deployment-tool":"cli-firebase","deployment-callable":"true","firebase-functions-hash":"4d0e9bd4750926bf686d9a2578c78b22796053a7"},"sourceUploadUrl":"https://storage.googleapis.com/uploads-836972235469.us-central1.cloudfunctions.appspot.com/d25e375b-b285-4ae6-92e7-2788b17d669c.zip?GoogleAccessId=service-832093857842@gcf-admin-robot.iam.gserviceaccount.com&Expires=1786333476&Signature=vodKr4jEv8OxG2kgtja5bkjca7lc4oW09Rk0uIElcJWMVvGfHW3uZTtf0Pxaa9GxMn8AMyP29kWMN9T5upIvLBuEwjRBEITXuHhGqefqzbyP995sP%2FwVvGjBen%2FRGzS8u0F12UgYd%2B6vfLlhqyiKHsaJd1XlNcOVZH5%2BKvMKO3A719qEdkg8Tv8sn%2F7n8PLZFCYQBZr53ba2f1Ap6poBC%2F3XWkvGpzx6V1xj%2F7EwWkOE%2Flk24kM%2F9rpvQ2EESgJWOfdwoBhFXmz8XxdR3comtFOtedwxI99qUzVIOU6uhTBZwOGE3LlH8G7NPmspxSBdg1FRMa5CjozRjP1w4n7c4A%3D%3D","environmentVariables":{"FIREBASE_CONFIG":"{\"projectId\":\"refreshing-website\",\"storageBucket\":\"refreshing-website.firebasestorage.app\"}","GCLOUD_PROJECT":"refreshing-website","EVENTARC_CLOUD_EVENT_SOURCE":"projects/refreshing-website/locations/us-central1/functions/undoCheckIn"},"runtime":"nodejs20","buildId":"f5832f40-26c0-49b5-a0eb-5b522922e509","buildEnvironmentVariables":{"GOOGLE_NODE_RUN_SCRIPTS":""},"sourceToken":"34a41cb0-eee3-467d-a60b-d9de6c7ee8e3","buildName":"projects/832093857842/locations/us-central1/builds/f5832f40-26c0-49b5-a0eb-5b522922e509","dockerRegistry":"ARTIFACT_REGISTRY","automaticUpdatePolicy":{},"buildServiceAccount":"projects/refreshing-website/serviceAccounts/832093857842-compute@developer.gserviceaccount.com"},"versionId":"5","updateTime":"2026-08-10T03:15:28Z","buildId":"8396bccd-d1fd-4519-bbd2-33cc12b1fb18","sourceToken":"34a41cb0-eee3-467d-a60b-d9de6c7ee8e3","buildName":"projects/832093857842/locations/us-central1/builds/8396bccd-d1fd-4519-bbd2-33cc12b1fb18"}}
[2026-08-10T03:15:31.648Z] Got source token 34a41cb0-eee3-467d-a60b-d9de6c7ee8e3 for region us-central1
[2026-08-10T03:15:31.683Z] <<< [apiv2][status] GET https://cloudfunctions.googleapis.com/v1/operations/cmVmcmVzaGluZy13ZWJzaXRlL3VzLWNlbnRyYWwxL3B1cmdlVHJhc2gvV3p6OXBZZlQtVDg 200
[2026-08-10T03:15:31.684Z] <<< [apiv2][body] GET https://cloudfunctions.googleapis.com/v1/operations/cmVmcmVzaGluZy13ZWJzaXRlL3VzLWNlbnRyYWwxL3B1cmdlVHJhc2gvV3p6OXBZZlQtVDg {"name":"operations/cmVmcmVzaGluZy13ZWJzaXRlL3VzLWNlbnRyYWwxL3B1cmdlVHJhc2gvV3p6OXBZZlQtVDg","metadata":{"@type":"type.googleapis.com/google.cloud.functions.v1.OperationMetadataV1","target":"projects/refreshing-website/locations/us-central1/functions/purgeTrash","type":"UPDATE_FUNCTION","request":{"@type":"type.googleapis.com/google.cloud.functions.v1.CloudFunction","name":"projects/refreshing-website/locations/us-central1/functions/purgeTrash","eventTrigger":{"eventType":"google.pubsub.topic.publish","resource":"projects/refreshing-website/topics/firebase-schedule-purgeTrash-us-central1","service":"pubsub.googleapis.com","failurePolicy":{}},"status":"ACTIVE","entryPoint":"purgeTrash","updateTime":"2026-08-10T03:12:38.428Z","versionId":"4","labels":{"deployment-tool":"cli-firebase","deployment-scheduled":"true","firebase-functions-hash":"4d0e9bd4750926bf686d9a2578c78b22796053a7"},"sourceUploadUrl":"https://storage.googleapis.com/uploads-836972235469.us-central1.cloudfunctions.appspot.com/d25e375b-b285-4ae6-92e7-2788b17d669c.zip?GoogleAccessId=service-832093857842@gcf-admin-robot.iam.gserviceaccount.com&Expires=1786333476&Signature=vodKr4jEv8OxG2kgtja5bkjca7lc4oW09Rk0uIElcJWMVvGfHW3uZTtf0Pxaa9GxMn8AMyP29kWMN9T5upIvLBuEwjRBEITXuHhGqefqzbyP995sP%2FwVvGjBen%2FRGzS8u0F12UgYd%2B6vfLlhqyiKHsaJd1XlNcOVZH5%2BKvMKO3A719qEdkg8Tv8sn%2F7n8PLZFCYQBZr53ba2f1Ap6poBC%2F3XWkvGpzx6V1xj%2F7EwWkOE%2Flk24kM%2F9rpvQ2EESgJWOfdwoBhFXmz8XxdR3comtFOtedwxI99qUzVIOU6uhTBZwOGE3LlH8G7NPmspxSBdg1FRMa5CjozRjP1w4n7c4A%3D%3D","environmentVariables":{"FIREBASE_CONFIG":"{\"projectId\":\"refreshing-website\",\"storageBucket\":\"refreshing-website.firebasestorage.app\"}","GCLOUD_PROJECT":"refreshing-website","EVENTARC_CLOUD_EVENT_SOURCE":"projects/refreshing-website/locations/us-central1/functions/purgeTrash"},"runtime":"nodejs20","buildId":"f5832f40-26c0-49b5-a0eb-5b522922e509","buildEnvironmentVariables":{"GOOGLE_NODE_RUN_SCRIPTS":""},"sourceToken":"34a41cb0-eee3-467d-a60b-d9de6c7ee8e3","buildName":"projects/832093857842/locations/us-central1/builds/f5832f40-26c0-49b5-a0eb-5b522922e509","dockerRegistry":"ARTIFACT_REGISTRY","automaticUpdatePolicy":{},"buildServiceAccount":"projects/refreshing-website/serviceAccounts/832093857842-compute@developer.gserviceaccount.com"},"versionId":"5","updateTime":"2026-08-10T03:15:28Z","buildId":"8396bccd-d1fd-4519-bbd2-33cc12b1fb18","sourceToken":"34a41cb0-eee3-467d-a60b-d9de6c7ee8e3","buildName":"projects/832093857842/locations/us-central1/builds/8396bccd-d1fd-4519-bbd2-33cc12b1fb18"}}
[2026-08-10T03:15:31.684Z] Got source token 34a41cb0-eee3-467d-a60b-d9de6c7ee8e3 for region us-central1
[2026-08-10T03:15:31.727Z] <<< [apiv2][status] GET https://cloudfunctions.googleapis.com/v1/operations/cmVmcmVzaGluZy13ZWJzaXRlL3VzLWNlbnRyYWwxL2F1ZGl0U2Vzc2lvbnNXcml0ZS9ZOHJSeDdXZ0xrUQ 200
[2026-08-10T03:15:31.728Z] <<< [apiv2][body] GET https://cloudfunctions.googleapis.com/v1/operations/cmVmcmVzaGluZy13ZWJzaXRlL3VzLWNlbnRyYWwxL2F1ZGl0U2Vzc2lvbnNXcml0ZS9ZOHJSeDdXZ0xrUQ {"name":"operations/cmVmcmVzaGluZy13ZWJzaXRlL3VzLWNlbnRyYWwxL2F1ZGl0U2Vzc2lvbnNXcml0ZS9ZOHJSeDdXZ0xrUQ","metadata":{"@type":"type.googleapis.com/google.cloud.functions.v1.OperationMetadataV1","target":"projects/refreshing-website/locations/us-central1/functions/auditSessionsWrite","type":"UPDATE_FUNCTION","request":{"@type":"type.googleapis.com/google.cloud.functions.v1.CloudFunction","name":"projects/refreshing-website/locations/us-central1/functions/auditSessionsWrite","eventTrigger":{"eventType":"providers/cloud.firestore/eventTypes/document.write","resource":"projects/refreshing-website/databases/(default)/documents/events/{eventId}/sessions/{sessionId}","service":"firestore.googleapis.com"},"status":"ACTIVE","entryPoint":"auditSessionsWrite","updateTime":"2026-08-10T03:12:38.512Z","versionId":"4","labels":{"deployment-tool":"cli-firebase","firebase-functions-hash":"4d0e9bd4750926bf686d9a2578c78b22796053a7"},"sourceUploadUrl":"https://storage.googleapis.com/uploads-836972235469.us-central1.cloudfunctions.appspot.com/d25e375b-b285-4ae6-92e7-2788b17d669c.zip?GoogleAccessId=service-832093857842@gcf-admin-robot.iam.gserviceaccount.com&Expires=1786333476&Signature=vodKr4jEv8OxG2kgtja5bkjca7lc4oW09Rk0uIElcJWMVvGfHW3uZTtf0Pxaa9GxMn8AMyP29kWMN9T5upIvLBuEwjRBEITXuHhGqefqzbyP995sP%2FwVvGjBen%2FRGzS8u0F12UgYd%2B6vfLlhqyiKHsaJd1XlNcOVZH5%2BKvMKO3A719qEdkg8Tv8sn%2F7n8PLZFCYQBZr53ba2f1Ap6poBC%2F3XWkvGpzx6V1xj%2F7EwWkOE%2Flk24kM%2F9rpvQ2EESgJWOfdwoBhFXmz8XxdR3comtFOtedwxI99qUzVIOU6uhTBZwOGE3LlH8G7NPmspxSBdg1FRMa5CjozRjP1w4n7c4A%3D%3D","environmentVariables":{"FIREBASE_CONFIG":"{\"projectId\":\"refreshing-website\",\"storageBucket\":\"refreshing-website.firebasestorage.app\"}","GCLOUD_PROJECT":"refreshing-website","EVENTARC_CLOUD_EVENT_SOURCE":"projects/refreshing-website/locations/us-central1/functions/auditSessionsWrite"},"runtime":"nodejs20","buildId":"f5832f40-26c0-49b5-a0eb-5b522922e509","buildEnvironmentVariables":{"GOOGLE_NODE_RUN_SCRIPTS":""},"sourceToken":"34a41cb0-eee3-467d-a60b-d9de6c7ee8e3","buildName":"projects/832093857842/locations/us-central1/builds/f5832f40-26c0-49b5-a0eb-5b522922e509","dockerRegistry":"ARTIFACT_REGISTRY","automaticUpdatePolicy":{},"buildServiceAccount":"projects/refreshing-website/serviceAccounts/832093857842-compute@developer.gserviceaccount.com"},"versionId":"5","updateTime":"2026-08-10T03:15:28Z","buildId":"8396bccd-d1fd-4519-bbd2-33cc12b1fb18","sourceToken":"34a41cb0-eee3-467d-a60b-d9de6c7ee8e3","buildName":"projects/832093857842/locations/us-central1/builds/8396bccd-d1fd-4519-bbd2-33cc12b1fb18"}}
[2026-08-10T03:15:31.728Z] Got source token 34a41cb0-eee3-467d-a60b-d9de6c7ee8e3 for region us-central1
[2026-08-10T03:15:31.732Z] <<< [apiv2][status] GET https://cloudfunctions.googleapis.com/v1/operations/cmVmcmVzaGluZy13ZWJzaXRlL3VzLWNlbnRyYWwxL2F1ZGl0QXR0ZW5kZWVzV3JpdGUvdEVIRmgzb1o4TDg 200
[2026-08-10T03:15:31.732Z] <<< [apiv2][body] GET https://cloudfunctions.googleapis.com/v1/operations/cmVmcmVzaGluZy13ZWJzaXRlL3VzLWNlbnRyYWwxL2F1ZGl0QXR0ZW5kZWVzV3JpdGUvdEVIRmgzb1o4TDg {"name":"operations/cmVmcmVzaGluZy13ZWJzaXRlL3VzLWNlbnRyYWwxL2F1ZGl0QXR0ZW5kZWVzV3JpdGUvdEVIRmgzb1o4TDg","metadata":{"@type":"type.googleapis.com/google.cloud.functions.v1.OperationMetadataV1","target":"projects/refreshing-website/locations/us-central1/functions/auditAttendeesWrite","type":"UPDATE_FUNCTION","request":{"@type":"type.googleapis.com/google.cloud.functions.v1.CloudFunction","name":"projects/refreshing-website/locations/us-central1/functions/auditAttendeesWrite","eventTrigger":{"eventType":"providers/cloud.firestore/eventTypes/document.write","resource":"projects/refreshing-website/databases/(default)/documents/events/{eventId}/attendees/{attendeeId}","service":"firestore.googleapis.com"},"status":"ACTIVE","entryPoint":"auditAttendeesWrite","updateTime":"2026-08-10T03:12:35.311Z","versionId":"4","labels":{"deployment-tool":"cli-firebase","firebase-functions-hash":"4d0e9bd4750926bf686d9a2578c78b22796053a7"},"sourceUploadUrl":"https://storage.googleapis.com/uploads-836972235469.us-central1.cloudfunctions.appspot.com/d25e375b-b285-4ae6-92e7-2788b17d669c.zip?GoogleAccessId=service-832093857842@gcf-admin-robot.iam.gserviceaccount.com&Expires=1786333476&Signature=vodKr4jEv8OxG2kgtja5bkjca7lc4oW09Rk0uIElcJWMVvGfHW3uZTtf0Pxaa9GxMn8AMyP29kWMN9T5upIvLBuEwjRBEITXuHhGqefqzbyP995sP%2FwVvGjBen%2FRGzS8u0F12UgYd%2B6vfLlhqyiKHsaJd1XlNcOVZH5%2BKvMKO3A719qEdkg8Tv8sn%2F7n8PLZFCYQBZr53ba2f1Ap6poBC%2F3XWkvGpzx6V1xj%2F7EwWkOE%2Flk24kM%2F9rpvQ2EESgJWOfdwoBhFXmz8XxdR3comtFOtedwxI99qUzVIOU6uhTBZwOGE3LlH8G7NPmspxSBdg1FRMa5CjozRjP1w4n7c4A%3D%3D","environmentVariables":{"FIREBASE_CONFIG":"{\"projectId\":\"refreshing-website\",\"storageBucket\":\"refreshing-website.firebasestorage.app\"}","GCLOUD_PROJECT":"refreshing-website","EVENTARC_CLOUD_EVENT_SOURCE":"projects/refreshing-website/locations/us-central1/functions/auditAttendeesWrite"},"runtime":"nodejs20","buildId":"f5832f40-26c0-49b5-a0eb-5b522922e509","buildEnvironmentVariables":{"GOOGLE_NODE_RUN_SCRIPTS":""},"sourceToken":"34a41cb0-eee3-467d-a60b-d9de6c7ee8e3","buildName":"projects/832093857842/locations/us-central1/builds/f5832f40-26c0-49b5-a0eb-5b522922e509","dockerRegistry":"ARTIFACT_REGISTRY","automaticUpdatePolicy":{},"buildServiceAccount":"projects/refreshing-website/serviceAccounts/832093857842-compute@developer.gserviceaccount.com"},"versionId":"5","updateTime":"2026-08-10T03:15:28Z","buildId":"8396bccd-d1fd-4519-bbd2-33cc12b1fb18","sourceToken":"34a41cb0-eee3-467d-a60b-d9de6c7ee8e3","buildName":"projects/832093857842/locations/us-central1/builds/8396bccd-d1fd-4519-bbd2-33cc12b1fb18"}}
[2026-08-10T03:15:31.733Z] Got source token 34a41cb0-eee3-467d-a60b-d9de6c7ee8e3 for region us-central1
[2026-08-10T03:15:33.403Z] [update-default-us-central1-acceptInvite] Retrying task index 0
[2026-08-10T03:15:33.405Z] Checked if tokens are valid: true, expires at: 1786334449855
[2026-08-10T03:15:33.405Z] Checked if tokens are valid: true, expires at: 1786334449855
[2026-08-10T03:15:33.405Z] >>> [apiv2][query] GET https://cloudfunctions.googleapis.com/v1/operations/cmVmcmVzaGluZy13ZWJzaXRlL3VzLWNlbnRyYWwxL2FjY2VwdEludml0ZS9oeWo4Q1MxbTh0UQ [none]
[2026-08-10T03:15:33.524Z] [update-default-us-central1-auditMinistersWrite] Retrying task index 0
[2026-08-10T03:15:33.525Z] Checked if tokens are valid: true, expires at: 1786334449855
[2026-08-10T03:15:33.525Z] Checked if tokens are valid: true, expires at: 1786334449855
[2026-08-10T03:15:33.525Z] >>> [apiv2][query] GET https://cloudfunctions.googleapis.com/v1/operations/cmVmcmVzaGluZy13ZWJzaXRlL3VzLWNlbnRyYWwxL2F1ZGl0TWluaXN0ZXJzV3JpdGUvWlg4VjVGREpJUW8 [none]
[2026-08-10T03:15:33.531Z] [update-default-us-central1-setUserRole] Retrying task index 0
[2026-08-10T03:15:33.531Z] Checked if tokens are valid: true, expires at: 1786334449855
[2026-08-10T03:15:33.531Z] Checked if tokens are valid: true, expires at: 1786334449855
[2026-08-10T03:15:33.531Z] >>> [apiv2][query] GET https://cloudfunctions.googleapis.com/v1/operations/cmVmcmVzaGluZy13ZWJzaXRlL3VzLWNlbnRyYWwxL3NldFVzZXJSb2xlL0tBQlBSWWt4aFJj [none]
[2026-08-10T03:15:33.588Z] [update-default-us-central1-provisionAdminAccount] Retrying task index 0
[2026-08-10T03:15:33.588Z] Checked if tokens are valid: true, expires at: 1786334449855
[2026-08-10T03:15:33.589Z] Checked if tokens are valid: true, expires at: 1786334449855
[2026-08-10T03:15:33.589Z] >>> [apiv2][query] GET https://cloudfunctions.googleapis.com/v1/operations/cmVmcmVzaGluZy13ZWJzaXRlL3VzLWNlbnRyYWwxL3Byb3Zpc2lvbkFkbWluQWNjb3VudC91cXEwUGxIRm5Fdw [none]
[2026-08-10T03:15:33.590Z] [update-default-us-central1-markCheckedIn] Retrying task index 0
[2026-08-10T03:15:33.590Z] Checked if tokens are valid: true, expires at: 1786334449855
[2026-08-10T03:15:33.590Z] Checked if tokens are valid: true, expires at: 1786334449855
[2026-08-10T03:15:33.590Z] >>> [apiv2][query] GET https://cloudfunctions.googleapis.com/v1/operations/cmVmcmVzaGluZy13ZWJzaXRlL3VzLWNlbnRyYWwxL21hcmtDaGVja2VkSW4vdUJkcW51U2xPSjA [none]
[2026-08-10T03:15:33.616Z] [update-default-us-central1-pruneVersionHistory] Retrying task index 0
[2026-08-10T03:15:33.617Z] Checked if tokens are valid: true, expires at: 1786334449855
[2026-08-10T03:15:33.617Z] Checked if tokens are valid: true, expires at: 1786334449855
[2026-08-10T03:15:33.617Z] >>> [apiv2][query] GET https://cloudfunctions.googleapis.com/v1/operations/cmVmcmVzaGluZy13ZWJzaXRlL3VzLWNlbnRyYWwxL3BydW5lVmVyc2lvbkhpc3RvcnkvY1JoNlZvNHZmYkE [none]
[2026-08-10T03:15:33.630Z] [update-default-us-central1-syncCheckinView] Retrying task index 0
[2026-08-10T03:15:33.630Z] Checked if tokens are valid: true, expires at: 1786334449855
[2026-08-10T03:15:33.630Z] Checked if tokens are valid: true, expires at: 1786334449855
[2026-08-10T03:15:33.631Z] >>> [apiv2][query] GET https://cloudfunctions.googleapis.com/v1/operations/cmVmcmVzaGluZy13ZWJzaXRlL3VzLWNlbnRyYWwxL3N5bmNDaGVja2luVmlldy9uQTM1UGJGYXpiZw [none]
[2026-08-10T03:15:33.641Z] [update-default-us-central1-revokeUserAccess] Retrying task index 0
[2026-08-10T03:15:33.641Z] Checked if tokens are valid: true, expires at: 1786334449855
[2026-08-10T03:15:33.642Z] Checked if tokens are valid: true, expires at: 1786334449855
[2026-08-10T03:15:33.642Z] >>> [apiv2][query] GET https://cloudfunctions.googleapis.com/v1/operations/cmVmcmVzaGluZy13ZWJzaXRlL3VzLWNlbnRyYWwxL3Jldm9rZVVzZXJBY2Nlc3MvOFVjcEI3M05NdTQ [none]
[2026-08-10T03:15:33.648Z] [update-default-us-central1-undoCheckIn] Retrying task index 0
[2026-08-10T03:15:33.648Z] Checked if tokens are valid: true, expires at: 1786334449855
[2026-08-10T03:15:33.648Z] Checked if tokens are valid: true, expires at: 1786334449855
[2026-08-10T03:15:33.649Z] >>> [apiv2][query] GET https://cloudfunctions.googleapis.com/v1/operations/cmVmcmVzaGluZy13ZWJzaXRlL3VzLWNlbnRyYWwxL3VuZG9DaGVja0luL0E0ckIyRFREX0ln [none]
[2026-08-10T03:15:33.687Z] [update-default-us-central1-purgeTrash] Retrying task index 0
[2026-08-10T03:15:33.688Z] Checked if tokens are valid: true, expires at: 1786334449855
[2026-08-10T03:15:33.689Z] Checked if tokens are valid: true, expires at: 1786334449855
[2026-08-10T03:15:33.689Z] >>> [apiv2][query] GET https://cloudfunctions.googleapis.com/v1/operations/cmVmcmVzaGluZy13ZWJzaXRlL3VzLWNlbnRyYWwxL3B1cmdlVHJhc2gvV3p6OXBZZlQtVDg [none]
[2026-08-10T03:15:33.703Z] <<< [apiv2][status] GET https://cloudfunctions.googleapis.com/v1/operations/cmVmcmVzaGluZy13ZWJzaXRlL3VzLWNlbnRyYWwxL2FjY2VwdEludml0ZS9oeWo4Q1MxbTh0UQ 200
[2026-08-10T03:15:33.703Z] <<< [apiv2][body] GET https://cloudfunctions.googleapis.com/v1/operations/cmVmcmVzaGluZy13ZWJzaXRlL3VzLWNlbnRyYWwxL2FjY2VwdEludml0ZS9oeWo4Q1MxbTh0UQ {"name":"operations/cmVmcmVzaGluZy13ZWJzaXRlL3VzLWNlbnRyYWwxL2FjY2VwdEludml0ZS9oeWo4Q1MxbTh0UQ","metadata":{"@type":"type.googleapis.com/google.cloud.functions.v1.OperationMetadataV1","target":"projects/refreshing-website/locations/us-central1/functions/acceptInvite","type":"UPDATE_FUNCTION","request":{"@type":"type.googleapis.com/google.cloud.functions.v1.CloudFunction","name":"projects/refreshing-website/locations/us-central1/functions/acceptInvite","httpsTrigger":{"url":"https://us-central1-refreshing-website.cloudfunctions.net/acceptInvite","securityLevel":"SECURE_ALWAYS"},"status":"ACTIVE","entryPoint":"acceptInvite","updateTime":"2026-08-10T03:12:39.067Z","versionId":"4","labels":{"deployment-tool":"cli-firebase","deployment-callable":"true","firebase-functions-hash":"4d0e9bd4750926bf686d9a2578c78b22796053a7"},"sourceUploadUrl":"https://storage.googleapis.com/uploads-836972235469.us-central1.cloudfunctions.appspot.com/d25e375b-b285-4ae6-92e7-2788b17d669c.zip?GoogleAccessId=service-832093857842@gcf-admin-robot.iam.gserviceaccount.com&Expires=1786333476&Signature=vodKr4jEv8OxG2kgtja5bkjca7lc4oW09Rk0uIElcJWMVvGfHW3uZTtf0Pxaa9GxMn8AMyP29kWMN9T5upIvLBuEwjRBEITXuHhGqefqzbyP995sP%2FwVvGjBen%2FRGzS8u0F12UgYd%2B6vfLlhqyiKHsaJd1XlNcOVZH5%2BKvMKO3A719qEdkg8Tv8sn%2F7n8PLZFCYQBZr53ba2f1Ap6poBC%2F3XWkvGpzx6V1xj%2F7EwWkOE%2Flk24kM%2F9rpvQ2EESgJWOfdwoBhFXmz8XxdR3comtFOtedwxI99qUzVIOU6uhTBZwOGE3LlH8G7NPmspxSBdg1FRMa5CjozRjP1w4n7c4A%3D%3D","environmentVariables":{"FIREBASE_CONFIG":"{\"projectId\":\"refreshing-website\",\"storageBucket\":\"refreshing-website.firebasestorage.app\"}","GCLOUD_PROJECT":"refreshing-website","EVENTARC_CLOUD_EVENT_SOURCE":"projects/refreshing-website/locations/us-central1/functions/acceptInvite"},"runtime":"nodejs20","buildId":"f5832f40-26c0-49b5-a0eb-5b522922e509","buildEnvironmentVariables":{"GOOGLE_NODE_RUN_SCRIPTS":""},"sourceToken":"34a41cb0-eee3-467d-a60b-d9de6c7ee8e3","buildName":"projects/832093857842/locations/us-central1/builds/f5832f40-26c0-49b5-a0eb-5b522922e509","dockerRegistry":"ARTIFACT_REGISTRY","automaticUpdatePolicy":{},"buildServiceAccount":"projects/refreshing-website/serviceAccounts/832093857842-compute@developer.gserviceaccount.com"},"versionId":"5","updateTime":"2026-08-10T03:15:28Z","buildId":"8396bccd-d1fd-4519-bbd2-33cc12b1fb18","sourceToken":"34a41cb0-eee3-467d-a60b-d9de6c7ee8e3","buildName":"projects/832093857842/locations/us-central1/builds/8396bccd-d1fd-4519-bbd2-33cc12b1fb18"}}
[2026-08-10T03:15:33.703Z] Got source token 34a41cb0-eee3-467d-a60b-d9de6c7ee8e3 for region us-central1
[2026-08-10T03:15:33.728Z] [update-default-us-central1-auditSessionsWrite] Retrying task index 0
[2026-08-10T03:15:33.729Z] Checked if tokens are valid: true, expires at: 1786334449855
[2026-08-10T03:15:33.729Z] Checked if tokens are valid: true, expires at: 1786334449855
[2026-08-10T03:15:33.729Z] >>> [apiv2][query] GET https://cloudfunctions.googleapis.com/v1/operations/cmVmcmVzaGluZy13ZWJzaXRlL3VzLWNlbnRyYWwxL2F1ZGl0U2Vzc2lvbnNXcml0ZS9ZOHJSeDdXZ0xrUQ [none]
[2026-08-10T03:15:33.735Z] [update-default-us-central1-auditAttendeesWrite] Retrying task index 0
[2026-08-10T03:15:33.735Z] Checked if tokens are valid: true, expires at: 1786334449855
[2026-08-10T03:15:33.735Z] Checked if tokens are valid: true, expires at: 1786334449855
[2026-08-10T03:15:33.736Z] >>> [apiv2][query] GET https://cloudfunctions.googleapis.com/v1/operations/cmVmcmVzaGluZy13ZWJzaXRlL3VzLWNlbnRyYWwxL2F1ZGl0QXR0ZW5kZWVzV3JpdGUvdEVIRmgzb1o4TDg [none]
[2026-08-10T03:15:33.846Z] <<< [apiv2][status] GET https://cloudfunctions.googleapis.com/v1/operations/cmVmcmVzaGluZy13ZWJzaXRlL3VzLWNlbnRyYWwxL2F1ZGl0TWluaXN0ZXJzV3JpdGUvWlg4VjVGREpJUW8 200
[2026-08-10T03:15:33.847Z] <<< [apiv2][body] GET https://cloudfunctions.googleapis.com/v1/operations/cmVmcmVzaGluZy13ZWJzaXRlL3VzLWNlbnRyYWwxL2F1ZGl0TWluaXN0ZXJzV3JpdGUvWlg4VjVGREpJUW8 {"name":"operations/cmVmcmVzaGluZy13ZWJzaXRlL3VzLWNlbnRyYWwxL2F1ZGl0TWluaXN0ZXJzV3JpdGUvWlg4VjVGREpJUW8","metadata":{"@type":"type.googleapis.com/google.cloud.functions.v1.OperationMetadataV1","target":"projects/refreshing-website/locations/us-central1/functions/auditMinistersWrite","type":"UPDATE_FUNCTION","request":{"@type":"type.googleapis.com/google.cloud.functions.v1.CloudFunction","name":"projects/refreshing-website/locations/us-central1/functions/auditMinistersWrite","eventTrigger":{"eventType":"providers/cloud.firestore/eventTypes/document.write","resource":"projects/refreshing-website/databases/(default)/documents/events/{eventId}/ministers/{ministerId}","service":"firestore.googleapis.com"},"status":"ACTIVE","entryPoint":"auditMinistersWrite","updateTime":"2026-08-10T03:12:38.944Z","versionId":"4","labels":{"deployment-tool":"cli-firebase","firebase-functions-hash":"4d0e9bd4750926bf686d9a2578c78b22796053a7"},"sourceUploadUrl":"https://storage.googleapis.com/uploads-836972235469.us-central1.cloudfunctions.appspot.com/d25e375b-b285-4ae6-92e7-2788b17d669c.zip?GoogleAccessId=service-832093857842@gcf-admin-robot.iam.gserviceaccount.com&Expires=1786333476&Signature=vodKr4jEv8OxG2kgtja5bkjca7lc4oW09Rk0uIElcJWMVvGfHW3uZTtf0Pxaa9GxMn8AMyP29kWMN9T5upIvLBuEwjRBEITXuHhGqefqzbyP995sP%2FwVvGjBen%2FRGzS8u0F12UgYd%2B6vfLlhqyiKHsaJd1XlNcOVZH5%2BKvMKO3A719qEdkg8Tv8sn%2F7n8PLZFCYQBZr53ba2f1Ap6poBC%2F3XWkvGpzx6V1xj%2F7EwWkOE%2Flk24kM%2F9rpvQ2EESgJWOfdwoBhFXmz8XxdR3comtFOtedwxI99qUzVIOU6uhTBZwOGE3LlH8G7NPmspxSBdg1FRMa5CjozRjP1w4n7c4A%3D%3D","environmentVariables":{"FIREBASE_CONFIG":"{\"projectId\":\"refreshing-website\",\"storageBucket\":\"refreshing-website.firebasestorage.app\"}","GCLOUD_PROJECT":"refreshing-website","EVENTARC_CLOUD_EVENT_SOURCE":"projects/refreshing-website/locations/us-central1/functions/auditMinistersWrite"},"runtime":"nodejs20","buildId":"f5832f40-26c0-49b5-a0eb-5b522922e509","buildEnvironmentVariables":{"GOOGLE_NODE_RUN_SCRIPTS":""},"sourceToken":"34a41cb0-eee3-467d-a60b-d9de6c7ee8e3","buildName":"projects/832093857842/locations/us-central1/builds/f5832f40-26c0-49b5-a0eb-5b522922e509","dockerRegistry":"ARTIFACT_REGISTRY","automaticUpdatePolicy":{},"buildServiceAccount":"projects/refreshing-website/serviceAccounts/832093857842-compute@developer.gserviceaccount.com"},"versionId":"5","updateTime":"2026-08-10T03:15:28Z","buildId":"8396bccd-d1fd-4519-bbd2-33cc12b1fb18","sourceToken":"34a41cb0-eee3-467d-a60b-d9de6c7ee8e3","buildName":"projects/832093857842/locations/us-central1/builds/8396bccd-d1fd-4519-bbd2-33cc12b1fb18"}}
[2026-08-10T03:15:33.847Z] Got source token 34a41cb0-eee3-467d-a60b-d9de6c7ee8e3 for region us-central1
[2026-08-10T03:15:33.852Z] <<< [apiv2][status] GET https://cloudfunctions.googleapis.com/v1/operations/cmVmcmVzaGluZy13ZWJzaXRlL3VzLWNlbnRyYWwxL3NldFVzZXJSb2xlL0tBQlBSWWt4aFJj 200
[2026-08-10T03:15:33.852Z] <<< [apiv2][body] GET https://cloudfunctions.googleapis.com/v1/operations/cmVmcmVzaGluZy13ZWJzaXRlL3VzLWNlbnRyYWwxL3NldFVzZXJSb2xlL0tBQlBSWWt4aFJj {"name":"operations/cmVmcmVzaGluZy13ZWJzaXRlL3VzLWNlbnRyYWwxL3NldFVzZXJSb2xlL0tBQlBSWWt4aFJj","metadata":{"@type":"type.googleapis.com/google.cloud.functions.v1.OperationMetadataV1","target":"projects/refreshing-website/locations/us-central1/functions/setUserRole","type":"UPDATE_FUNCTION","request":{"@type":"type.googleapis.com/google.cloud.functions.v1.CloudFunction","name":"projects/refreshing-website/locations/us-central1/functions/setUserRole","httpsTrigger":{"url":"https://us-central1-refreshing-website.cloudfunctions.net/setUserRole","securityLevel":"SECURE_ALWAYS"},"status":"ACTIVE","entryPoint":"setUserRole","updateTime":"2026-08-10T03:12:36.232Z","versionId":"4","labels":{"deployment-tool":"cli-firebase","deployment-callable":"true","firebase-functions-hash":"4d0e9bd4750926bf686d9a2578c78b22796053a7"},"sourceUploadUrl":"https://storage.googleapis.com/uploads-836972235469.us-central1.cloudfunctions.appspot.com/d25e375b-b285-4ae6-92e7-2788b17d669c.zip?GoogleAccessId=service-832093857842@gcf-admin-robot.iam.gserviceaccount.com&Expires=1786333476&Signature=vodKr4jEv8OxG2kgtja5bkjca7lc4oW09Rk0uIElcJWMVvGfHW3uZTtf0Pxaa9GxMn8AMyP29kWMN9T5upIvLBuEwjRBEITXuHhGqefqzbyP995sP%2FwVvGjBen%2FRGzS8u0F12UgYd%2B6vfLlhqyiKHsaJd1XlNcOVZH5%2BKvMKO3A719qEdkg8Tv8sn%2F7n8PLZFCYQBZr53ba2f1Ap6poBC%2F3XWkvGpzx6V1xj%2F7EwWkOE%2Flk24kM%2F9rpvQ2EESgJWOfdwoBhFXmz8XxdR3comtFOtedwxI99qUzVIOU6uhTBZwOGE3LlH8G7NPmspxSBdg1FRMa5CjozRjP1w4n7c4A%3D%3D","environmentVariables":{"FIREBASE_CONFIG":"{\"projectId\":\"refreshing-website\",\"storageBucket\":\"refreshing-website.firebasestorage.app\"}","GCLOUD_PROJECT":"refreshing-website","EVENTARC_CLOUD_EVENT_SOURCE":"projects/refreshing-website/locations/us-central1/functions/setUserRole"},"runtime":"nodejs20","buildId":"f5832f40-26c0-49b5-a0eb-5b522922e509","buildEnvironmentVariables":{"GOOGLE_NODE_RUN_SCRIPTS":""},"sourceToken":"34a41cb0-eee3-467d-a60b-d9de6c7ee8e3","buildName":"projects/832093857842/locations/us-central1/builds/f5832f40-26c0-49b5-a0eb-5b522922e509","dockerRegistry":"ARTIFACT_REGISTRY","automaticUpdatePolicy":{},"buildServiceAccount":"projects/refreshing-website/serviceAccounts/832093857842-compute@developer.gserviceaccount.com"},"versionId":"5","updateTime":"2026-08-10T03:15:28Z","buildId":"8396bccd-d1fd-4519-bbd2-33cc12b1fb18","sourceToken":"34a41cb0-eee3-467d-a60b-d9de6c7ee8e3","buildName":"projects/832093857842/locations/us-central1/builds/8396bccd-d1fd-4519-bbd2-33cc12b1fb18"}}
[2026-08-10T03:15:33.853Z] Got source token 34a41cb0-eee3-467d-a60b-d9de6c7ee8e3 for region us-central1
[2026-08-10T03:15:33.867Z] <<< [apiv2][status] GET https://cloudfunctions.googleapis.com/v1/operations/cmVmcmVzaGluZy13ZWJzaXRlL3VzLWNlbnRyYWwxL3Byb3Zpc2lvbkFkbWluQWNjb3VudC91cXEwUGxIRm5Fdw 200
[2026-08-10T03:15:33.867Z] <<< [apiv2][body] GET https://cloudfunctions.googleapis.com/v1/operations/cmVmcmVzaGluZy13ZWJzaXRlL3VzLWNlbnRyYWwxL3Byb3Zpc2lvbkFkbWluQWNjb3VudC91cXEwUGxIRm5Fdw {"name":"operations/cmVmcmVzaGluZy13ZWJzaXRlL3VzLWNlbnRyYWwxL3Byb3Zpc2lvbkFkbWluQWNjb3VudC91cXEwUGxIRm5Fdw","metadata":{"@type":"type.googleapis.com/google.cloud.functions.v1.OperationMetadataV1","target":"projects/refreshing-website/locations/us-central1/functions/provisionAdminAccount","type":"UPDATE_FUNCTION","request":{"@type":"type.googleapis.com/google.cloud.functions.v1.CloudFunction","name":"projects/refreshing-website/locations/us-central1/functions/provisionAdminAccount","httpsTrigger":{"url":"https://us-central1-refreshing-website.cloudfunctions.net/provisionAdminAccount","securityLevel":"SECURE_ALWAYS"},"status":"ACTIVE","entryPoint":"provisionAdminAccount","updateTime":"2026-08-10T03:12:35.356Z","versionId":"4","labels":{"deployment-tool":"cli-firebase","deployment-callable":"true","firebase-functions-hash":"4d0e9bd4750926bf686d9a2578c78b22796053a7"},"sourceUploadUrl":"https://storage.googleapis.com/uploads-836972235469.us-central1.cloudfunctions.appspot.com/d25e375b-b285-4ae6-92e7-2788b17d669c.zip?GoogleAccessId=service-832093857842@gcf-admin-robot.iam.gserviceaccount.com&Expires=1786333476&Signature=vodKr4jEv8OxG2kgtja5bkjca7lc4oW09Rk0uIElcJWMVvGfHW3uZTtf0Pxaa9GxMn8AMyP29kWMN9T5upIvLBuEwjRBEITXuHhGqefqzbyP995sP%2FwVvGjBen%2FRGzS8u0F12UgYd%2B6vfLlhqyiKHsaJd1XlNcOVZH5%2BKvMKO3A719qEdkg8Tv8sn%2F7n8PLZFCYQBZr53ba2f1Ap6poBC%2F3XWkvGpzx6V1xj%2F7EwWkOE%2Flk24kM%2F9rpvQ2EESgJWOfdwoBhFXmz8XxdR3comtFOtedwxI99qUzVIOU6uhTBZwOGE3LlH8G7NPmspxSBdg1FRMa5CjozRjP1w4n7c4A%3D%3D","environmentVariables":{"FIREBASE_CONFIG":"{\"projectId\":\"refreshing-website\",\"storageBucket\":\"refreshing-website.firebasestorage.app\"}","GCLOUD_PROJECT":"refreshing-website","EVENTARC_CLOUD_EVENT_SOURCE":"projects/refreshing-website/locations/us-central1/functions/provisionAdminAccount"},"runtime":"nodejs20","buildId":"f5832f40-26c0-49b5-a0eb-5b522922e509","buildEnvironmentVariables":{"GOOGLE_NODE_RUN_SCRIPTS":""},"sourceToken":"34a41cb0-eee3-467d-a60b-d9de6c7ee8e3","buildName":"projects/832093857842/locations/us-central1/builds/f5832f40-26c0-49b5-a0eb-5b522922e509","dockerRegistry":"ARTIFACT_REGISTRY","automaticUpdatePolicy":{},"buildServiceAccount":"projects/refreshing-website/serviceAccounts/832093857842-compute@developer.gserviceaccount.com"},"versionId":"5","updateTime":"2026-08-10T03:15:28Z","buildId":"8396bccd-d1fd-4519-bbd2-33cc12b1fb18","sourceToken":"34a41cb0-eee3-467d-a60b-d9de6c7ee8e3","buildName":"projects/832093857842/locations/us-central1/builds/8396bccd-d1fd-4519-bbd2-33cc12b1fb18"}}
[2026-08-10T03:15:33.868Z] Got source token 34a41cb0-eee3-467d-a60b-d9de6c7ee8e3 for region us-central1
[2026-08-10T03:15:33.906Z] <<< [apiv2][status] GET https://cloudfunctions.googleapis.com/v1/operations/cmVmcmVzaGluZy13ZWJzaXRlL3VzLWNlbnRyYWwxL21hcmtDaGVja2VkSW4vdUJkcW51U2xPSjA 200
[2026-08-10T03:15:33.907Z] <<< [apiv2][body] GET https://cloudfunctions.googleapis.com/v1/operations/cmVmcmVzaGluZy13ZWJzaXRlL3VzLWNlbnRyYWwxL21hcmtDaGVja2VkSW4vdUJkcW51U2xPSjA {"name":"operations/cmVmcmVzaGluZy13ZWJzaXRlL3VzLWNlbnRyYWwxL21hcmtDaGVja2VkSW4vdUJkcW51U2xPSjA","metadata":{"@type":"type.googleapis.com/google.cloud.functions.v1.OperationMetadataV1","target":"projects/refreshing-website/locations/us-central1/functions/markCheckedIn","type":"UPDATE_FUNCTION","request":{"@type":"type.googleapis.com/google.cloud.functions.v1.CloudFunction","name":"projects/refreshing-website/locations/us-central1/functions/markCheckedIn","httpsTrigger":{"url":"https://us-central1-refreshing-website.cloudfunctions.net/markCheckedIn","securityLevel":"SECURE_ALWAYS"},"status":"ACTIVE","entryPoint":"markCheckedIn","updateTime":"2026-08-10T03:12:39.310Z","versionId":"4","labels":{"deployment-tool":"cli-firebase","deployment-callable":"true","firebase-functions-hash":"4d0e9bd4750926bf686d9a2578c78b22796053a7"},"sourceUploadUrl":"https://storage.googleapis.com/uploads-836972235469.us-central1.cloudfunctions.appspot.com/d25e375b-b285-4ae6-92e7-2788b17d669c.zip?GoogleAccessId=service-832093857842@gcf-admin-robot.iam.gserviceaccount.com&Expires=1786333476&Signature=vodKr4jEv8OxG2kgtja5bkjca7lc4oW09Rk0uIElcJWMVvGfHW3uZTtf0Pxaa9GxMn8AMyP29kWMN9T5upIvLBuEwjRBEITXuHhGqefqzbyP995sP%2FwVvGjBen%2FRGzS8u0F12UgYd%2B6vfLlhqyiKHsaJd1XlNcOVZH5%2BKvMKO3A719qEdkg8Tv8sn%2F7n8PLZFCYQBZr53ba2f1Ap6poBC%2F3XWkvGpzx6V1xj%2F7EwWkOE%2Flk24kM%2F9rpvQ2EESgJWOfdwoBhFXmz8XxdR3comtFOtedwxI99qUzVIOU6uhTBZwOGE3LlH8G7NPmspxSBdg1FRMa5CjozRjP1w4n7c4A%3D%3D","environmentVariables":{"FIREBASE_CONFIG":"{\"projectId\":\"refreshing-website\",\"storageBucket\":\"refreshing-website.firebasestorage.app\"}","GCLOUD_PROJECT":"refreshing-website","EVENTARC_CLOUD_EVENT_SOURCE":"projects/refreshing-website/locations/us-central1/functions/markCheckedIn"},"runtime":"nodejs20","buildId":"f5832f40-26c0-49b5-a0eb-5b522922e509","buildEnvironmentVariables":{"GOOGLE_NODE_RUN_SCRIPTS":""},"sourceToken":"34a41cb0-eee3-467d-a60b-d9de6c7ee8e3","buildName":"projects/832093857842/locations/us-central1/builds/f5832f40-26c0-49b5-a0eb-5b522922e509","dockerRegistry":"ARTIFACT_REGISTRY","automaticUpdatePolicy":{},"buildServiceAccount":"projects/refreshing-website/serviceAccounts/832093857842-compute@developer.gserviceaccount.com"},"versionId":"5","updateTime":"2026-08-10T03:15:28Z","buildId":"8396bccd-d1fd-4519-bbd2-33cc12b1fb18","sourceToken":"34a41cb0-eee3-467d-a60b-d9de6c7ee8e3","buildName":"projects/832093857842/locations/us-central1/builds/8396bccd-d1fd-4519-bbd2-33cc12b1fb18"}}
[2026-08-10T03:15:33.908Z] Got source token 34a41cb0-eee3-467d-a60b-d9de6c7ee8e3 for region us-central1
[2026-08-10T03:15:33.929Z] <<< [apiv2][status] GET https://cloudfunctions.googleapis.com/v1/operations/cmVmcmVzaGluZy13ZWJzaXRlL3VzLWNlbnRyYWwxL3N5bmNDaGVja2luVmlldy9uQTM1UGJGYXpiZw 200
[2026-08-10T03:15:33.929Z] <<< [apiv2][body] GET https://cloudfunctions.googleapis.com/v1/operations/cmVmcmVzaGluZy13ZWJzaXRlL3VzLWNlbnRyYWwxL3N5bmNDaGVja2luVmlldy9uQTM1UGJGYXpiZw {"name":"operations/cmVmcmVzaGluZy13ZWJzaXRlL3VzLWNlbnRyYWwxL3N5bmNDaGVja2luVmlldy9uQTM1UGJGYXpiZw","metadata":{"@type":"type.googleapis.com/google.cloud.functions.v1.OperationMetadataV1","target":"projects/refreshing-website/locations/us-central1/functions/syncCheckinView","type":"UPDATE_FUNCTION","request":{"@type":"type.googleapis.com/google.cloud.functions.v1.CloudFunction","name":"projects/refreshing-website/locations/us-central1/functions/syncCheckinView","eventTrigger":{"eventType":"providers/cloud.firestore/eventTypes/document.write","resource":"projects/refreshing-website/databases/(default)/documents/events/{eventId}/attendees/{attendeeId}","service":"firestore.googleapis.com"},"status":"ACTIVE","entryPoint":"syncCheckinView","updateTime":"2026-08-10T03:12:40.842Z","versionId":"4","labels":{"deployment-tool":"cli-firebase","firebase-functions-hash":"4d0e9bd4750926bf686d9a2578c78b22796053a7"},"sourceUploadUrl":"https://storage.googleapis.com/uploads-836972235469.us-central1.cloudfunctions.appspot.com/d25e375b-b285-4ae6-92e7-2788b17d669c.zip?GoogleAccessId=service-832093857842@gcf-admin-robot.iam.gserviceaccount.com&Expires=1786333476&Signature=vodKr4jEv8OxG2kgtja5bkjca7lc4oW09Rk0uIElcJWMVvGfHW3uZTtf0Pxaa9GxMn8AMyP29kWMN9T5upIvLBuEwjRBEITXuHhGqefqzbyP995sP%2FwVvGjBen%2FRGzS8u0F12UgYd%2B6vfLlhqyiKHsaJd1XlNcOVZH5%2BKvMKO3A719qEdkg8Tv8sn%2F7n8PLZFCYQBZr53ba2f1Ap6poBC%2F3XWkvGpzx6V1xj%2F7EwWkOE%2Flk24kM%2F9rpvQ2EESgJWOfdwoBhFXmz8XxdR3comtFOtedwxI99qUzVIOU6uhTBZwOGE3LlH8G7NPmspxSBdg1FRMa5CjozRjP1w4n7c4A%3D%3D","environmentVariables":{"FIREBASE_CONFIG":"{\"projectId\":\"refreshing-website\",\"storageBucket\":\"refreshing-website.firebasestorage.app\"}","GCLOUD_PROJECT":"refreshing-website","EVENTARC_CLOUD_EVENT_SOURCE":"projects/refreshing-website/locations/us-central1/functions/syncCheckinView"},"runtime":"nodejs20","buildId":"f5832f40-26c0-49b5-a0eb-5b522922e509","buildEnvironmentVariables":{"GOOGLE_NODE_RUN_SCRIPTS":""},"sourceToken":"34a41cb0-eee3-467d-a60b-d9de6c7ee8e3","buildName":"projects/832093857842/locations/us-central1/builds/f5832f40-26c0-49b5-a0eb-5b522922e509","dockerRegistry":"ARTIFACT_REGISTRY","automaticUpdatePolicy":{},"buildServiceAccount":"projects/refreshing-website/serviceAccounts/832093857842-compute@developer.gserviceaccount.com"},"versionId":"5","updateTime":"2026-08-10T03:15:28Z","buildId":"8396bccd-d1fd-4519-bbd2-33cc12b1fb18","sourceToken":"34a41cb0-eee3-467d-a60b-d9de6c7ee8e3","buildName":"projects/832093857842/locations/us-central1/builds/8396bccd-d1fd-4519-bbd2-33cc12b1fb18"}}
[2026-08-10T03:15:33.929Z] Got source token 34a41cb0-eee3-467d-a60b-d9de6c7ee8e3 for region us-central1
[2026-08-10T03:15:33.934Z] <<< [apiv2][status] GET https://cloudfunctions.googleapis.com/v1/operations/cmVmcmVzaGluZy13ZWJzaXRlL3VzLWNlbnRyYWwxL3VuZG9DaGVja0luL0E0ckIyRFREX0ln 200
[2026-08-10T03:15:33.934Z] <<< [apiv2][body] GET https://cloudfunctions.googleapis.com/v1/operations/cmVmcmVzaGluZy13ZWJzaXRlL3VzLWNlbnRyYWwxL3VuZG9DaGVja0luL0E0ckIyRFREX0ln {"name":"operations/cmVmcmVzaGluZy13ZWJzaXRlL3VzLWNlbnRyYWwxL3VuZG9DaGVja0luL0E0ckIyRFREX0ln","metadata":{"@type":"type.googleapis.com/google.cloud.functions.v1.OperationMetadataV1","target":"projects/refreshing-website/locations/us-central1/functions/undoCheckIn","type":"UPDATE_FUNCTION","request":{"@type":"type.googleapis.com/google.cloud.functions.v1.CloudFunction","name":"projects/refreshing-website/locations/us-central1/functions/undoCheckIn","httpsTrigger":{"url":"https://us-central1-refreshing-website.cloudfunctions.net/undoCheckIn","securityLevel":"SECURE_ALWAYS"},"status":"ACTIVE","entryPoint":"undoCheckIn","updateTime":"2026-08-10T03:12:41.295Z","versionId":"4","labels":{"deployment-tool":"cli-firebase","deployment-callable":"true","firebase-functions-hash":"4d0e9bd4750926bf686d9a2578c78b22796053a7"},"sourceUploadUrl":"https://storage.googleapis.com/uploads-836972235469.us-central1.cloudfunctions.appspot.com/d25e375b-b285-4ae6-92e7-2788b17d669c.zip?GoogleAccessId=service-832093857842@gcf-admin-robot.iam.gserviceaccount.com&Expires=1786333476&Signature=vodKr4jEv8OxG2kgtja5bkjca7lc4oW09Rk0uIElcJWMVvGfHW3uZTtf0Pxaa9GxMn8AMyP29kWMN9T5upIvLBuEwjRBEITXuHhGqefqzbyP995sP%2FwVvGjBen%2FRGzS8u0F12UgYd%2B6vfLlhqyiKHsaJd1XlNcOVZH5%2BKvMKO3A719qEdkg8Tv8sn%2F7n8PLZFCYQBZr53ba2f1Ap6poBC%2F3XWkvGpzx6V1xj%2F7EwWkOE%2Flk24kM%2F9rpvQ2EESgJWOfdwoBhFXmz8XxdR3comtFOtedwxI99qUzVIOU6uhTBZwOGE3LlH8G7NPmspxSBdg1FRMa5CjozRjP1w4n7c4A%3D%3D","environmentVariables":{"FIREBASE_CONFIG":"{\"projectId\":\"refreshing-website\",\"storageBucket\":\"refreshing-website.firebasestorage.app\"}","GCLOUD_PROJECT":"refreshing-website","EVENTARC_CLOUD_EVENT_SOURCE":"projects/refreshing-website/locations/us-central1/functions/undoCheckIn"},"runtime":"nodejs20","buildId":"f5832f40-26c0-49b5-a0eb-5b522922e509","buildEnvironmentVariables":{"GOOGLE_NODE_RUN_SCRIPTS":""},"sourceToken":"34a41cb0-eee3-467d-a60b-d9de6c7ee8e3","buildName":"projects/832093857842/locations/us-central1/builds/f5832f40-26c0-49b5-a0eb-5b522922e509","dockerRegistry":"ARTIFACT_REGISTRY","automaticUpdatePolicy":{},"buildServiceAccount":"projects/refreshing-website/serviceAccounts/832093857842-compute@developer.gserviceaccount.com"},"versionId":"5","updateTime":"2026-08-10T03:15:28Z","buildId":"8396bccd-d1fd-4519-bbd2-33cc12b1fb18","sourceToken":"34a41cb0-eee3-467d-a60b-d9de6c7ee8e3","buildName":"projects/832093857842/locations/us-central1/builds/8396bccd-d1fd-4519-bbd2-33cc12b1fb18"}}
[2026-08-10T03:15:33.935Z] Got source token 34a41cb0-eee3-467d-a60b-d9de6c7ee8e3 for region us-central1
[2026-08-10T03:15:33.973Z] <<< [apiv2][status] GET https://cloudfunctions.googleapis.com/v1/operations/cmVmcmVzaGluZy13ZWJzaXRlL3VzLWNlbnRyYWwxL3Jldm9rZVVzZXJBY2Nlc3MvOFVjcEI3M05NdTQ 200
[2026-08-10T03:15:33.973Z] <<< [apiv2][body] GET https://cloudfunctions.googleapis.com/v1/operations/cmVmcmVzaGluZy13ZWJzaXRlL3VzLWNlbnRyYWwxL3Jldm9rZVVzZXJBY2Nlc3MvOFVjcEI3M05NdTQ {"name":"operations/cmVmcmVzaGluZy13ZWJzaXRlL3VzLWNlbnRyYWwxL3Jldm9rZVVzZXJBY2Nlc3MvOFVjcEI3M05NdTQ","metadata":{"@type":"type.googleapis.com/google.cloud.functions.v1.OperationMetadataV1","target":"projects/refreshing-website/locations/us-central1/functions/revokeUserAccess","type":"UPDATE_FUNCTION","request":{"@type":"type.googleapis.com/google.cloud.functions.v1.CloudFunction","name":"projects/refreshing-website/locations/us-central1/functions/revokeUserAccess","httpsTrigger":{"url":"https://us-central1-refreshing-website.cloudfunctions.net/revokeUserAccess","securityLevel":"SECURE_ALWAYS"},"status":"ACTIVE","entryPoint":"revokeUserAccess","updateTime":"2026-08-10T03:12:38.596Z","versionId":"4","labels":{"deployment-tool":"cli-firebase","deployment-callable":"true","firebase-functions-hash":"4d0e9bd4750926bf686d9a2578c78b22796053a7"},"sourceUploadUrl":"https://storage.googleapis.com/uploads-836972235469.us-central1.cloudfunctions.appspot.com/d25e375b-b285-4ae6-92e7-2788b17d669c.zip?GoogleAccessId=service-832093857842@gcf-admin-robot.iam.gserviceaccount.com&Expires=1786333476&Signature=vodKr4jEv8OxG2kgtja5bkjca7lc4oW09Rk0uIElcJWMVvGfHW3uZTtf0Pxaa9GxMn8AMyP29kWMN9T5upIvLBuEwjRBEITXuHhGqefqzbyP995sP%2FwVvGjBen%2FRGzS8u0F12UgYd%2B6vfLlhqyiKHsaJd1XlNcOVZH5%2BKvMKO3A719qEdkg8Tv8sn%2F7n8PLZFCYQBZr53ba2f1Ap6poBC%2F3XWkvGpzx6V1xj%2F7EwWkOE%2Flk24kM%2F9rpvQ2EESgJWOfdwoBhFXmz8XxdR3comtFOtedwxI99qUzVIOU6uhTBZwOGE3LlH8G7NPmspxSBdg1FRMa5CjozRjP1w4n7c4A%3D%3D","environmentVariables":{"FIREBASE_CONFIG":"{\"projectId\":\"refreshing-website\",\"storageBucket\":\"refreshing-website.firebasestorage.app\"}","GCLOUD_PROJECT":"refreshing-website","EVENTARC_CLOUD_EVENT_SOURCE":"projects/refreshing-website/locations/us-central1/functions/revokeUserAccess"},"runtime":"nodejs20","buildId":"f5832f40-26c0-49b5-a0eb-5b522922e509","buildEnvironmentVariables":{"GOOGLE_NODE_RUN_SCRIPTS":""},"sourceToken":"34a41cb0-eee3-467d-a60b-d9de6c7ee8e3","buildName":"projects/832093857842/locations/us-central1/builds/f5832f40-26c0-49b5-a0eb-5b522922e509","dockerRegistry":"ARTIFACT_REGISTRY","automaticUpdatePolicy":{},"buildServiceAccount":"projects/refreshing-website/serviceAccounts/832093857842-compute@developer.gserviceaccount.com"},"versionId":"5","updateTime":"2026-08-10T03:15:28Z","buildId":"8396bccd-d1fd-4519-bbd2-33cc12b1fb18","sourceToken":"34a41cb0-eee3-467d-a60b-d9de6c7ee8e3","buildName":"projects/832093857842/locations/us-central1/builds/8396bccd-d1fd-4519-bbd2-33cc12b1fb18"}}
[2026-08-10T03:15:33.974Z] Got source token 34a41cb0-eee3-467d-a60b-d9de6c7ee8e3 for region us-central1
[2026-08-10T03:15:33.977Z] <<< [apiv2][status] GET https://cloudfunctions.googleapis.com/v1/operations/cmVmcmVzaGluZy13ZWJzaXRlL3VzLWNlbnRyYWwxL3BydW5lVmVyc2lvbkhpc3RvcnkvY1JoNlZvNHZmYkE 200
[2026-08-10T03:15:33.978Z] <<< [apiv2][body] GET https://cloudfunctions.googleapis.com/v1/operations/cmVmcmVzaGluZy13ZWJzaXRlL3VzLWNlbnRyYWwxL3BydW5lVmVyc2lvbkhpc3RvcnkvY1JoNlZvNHZmYkE {"name":"operations/cmVmcmVzaGluZy13ZWJzaXRlL3VzLWNlbnRyYWwxL3BydW5lVmVyc2lvbkhpc3RvcnkvY1JoNlZvNHZmYkE","metadata":{"@type":"type.googleapis.com/google.cloud.functions.v1.OperationMetadataV1","target":"projects/refreshing-website/locations/us-central1/functions/pruneVersionHistory","type":"UPDATE_FUNCTION","request":{"@type":"type.googleapis.com/google.cloud.functions.v1.CloudFunction","name":"projects/refreshing-website/locations/us-central1/functions/pruneVersionHistory","eventTrigger":{"eventType":"google.pubsub.topic.publish","resource":"projects/refreshing-website/topics/firebase-schedule-pruneVersionHistory-us-central1","service":"pubsub.googleapis.com","failurePolicy":{}},"status":"ACTIVE","entryPoint":"pruneVersionHistory","updateTime":"2026-08-10T03:12:38.388Z","versionId":"4","labels":{"deployment-tool":"cli-firebase","deployment-scheduled":"true","firebase-functions-hash":"4d0e9bd4750926bf686d9a2578c78b22796053a7"},"sourceUploadUrl":"https://storage.googleapis.com/uploads-836972235469.us-central1.cloudfunctions.appspot.com/d25e375b-b285-4ae6-92e7-2788b17d669c.zip?GoogleAccessId=service-832093857842@gcf-admin-robot.iam.gserviceaccount.com&Expires=1786333476&Signature=vodKr4jEv8OxG2kgtja5bkjca7lc4oW09Rk0uIElcJWMVvGfHW3uZTtf0Pxaa9GxMn8AMyP29kWMN9T5upIvLBuEwjRBEITXuHhGqefqzbyP995sP%2FwVvGjBen%2FRGzS8u0F12UgYd%2B6vfLlhqyiKHsaJd1XlNcOVZH5%2BKvMKO3A719qEdkg8Tv8sn%2F7n8PLZFCYQBZr53ba2f1Ap6poBC%2F3XWkvGpzx6V1xj%2F7EwWkOE%2Flk24kM%2F9rpvQ2EESgJWOfdwoBhFXmz8XxdR3comtFOtedwxI99qUzVIOU6uhTBZwOGE3LlH8G7NPmspxSBdg1FRMa5CjozRjP1w4n7c4A%3D%3D","environmentVariables":{"FIREBASE_CONFIG":"{\"projectId\":\"refreshing-website\",\"storageBucket\":\"refreshing-website.firebasestorage.app\"}","GCLOUD_PROJECT":"refreshing-website","EVENTARC_CLOUD_EVENT_SOURCE":"projects/refreshing-website/locations/us-central1/functions/pruneVersionHistory"},"runtime":"nodejs20","buildId":"f5832f40-26c0-49b5-a0eb-5b522922e509","buildEnvironmentVariables":{"GOOGLE_NODE_RUN_SCRIPTS":""},"sourceToken":"34a41cb0-eee3-467d-a60b-d9de6c7ee8e3","buildName":"projects/832093857842/locations/us-central1/builds/f5832f40-26c0-49b5-a0eb-5b522922e509","dockerRegistry":"ARTIFACT_REGISTRY","automaticUpdatePolicy":{},"buildServiceAccount":"projects/refreshing-website/serviceAccounts/832093857842-compute@developer.gserviceaccount.com"},"versionId":"5","updateTime":"2026-08-10T03:15:28Z","buildId":"8396bccd-d1fd-4519-bbd2-33cc12b1fb18","sourceToken":"34a41cb0-eee3-467d-a60b-d9de6c7ee8e3","buildName":"projects/832093857842/locations/us-central1/builds/8396bccd-d1fd-4519-bbd2-33cc12b1fb18"}}
[2026-08-10T03:15:33.979Z] Got source token 34a41cb0-eee3-467d-a60b-d9de6c7ee8e3 for region us-central1
[2026-08-10T03:15:34.016Z] <<< [apiv2][status] GET https://cloudfunctions.googleapis.com/v1/operations/cmVmcmVzaGluZy13ZWJzaXRlL3VzLWNlbnRyYWwxL2F1ZGl0U2Vzc2lvbnNXcml0ZS9ZOHJSeDdXZ0xrUQ 200
[2026-08-10T03:15:34.016Z] <<< [apiv2][body] GET https://cloudfunctions.googleapis.com/v1/operations/cmVmcmVzaGluZy13ZWJzaXRlL3VzLWNlbnRyYWwxL2F1ZGl0U2Vzc2lvbnNXcml0ZS9ZOHJSeDdXZ0xrUQ {"name":"operations/cmVmcmVzaGluZy13ZWJzaXRlL3VzLWNlbnRyYWwxL2F1ZGl0U2Vzc2lvbnNXcml0ZS9ZOHJSeDdXZ0xrUQ","metadata":{"@type":"type.googleapis.com/google.cloud.functions.v1.OperationMetadataV1","target":"projects/refreshing-website/locations/us-central1/functions/auditSessionsWrite","type":"UPDATE_FUNCTION","request":{"@type":"type.googleapis.com/google.cloud.functions.v1.CloudFunction","name":"projects/refreshing-website/locations/us-central1/functions/auditSessionsWrite","eventTrigger":{"eventType":"providers/cloud.firestore/eventTypes/document.write","resource":"projects/refreshing-website/databases/(default)/documents/events/{eventId}/sessions/{sessionId}","service":"firestore.googleapis.com"},"status":"ACTIVE","entryPoint":"auditSessionsWrite","updateTime":"2026-08-10T03:12:38.512Z","versionId":"4","labels":{"deployment-tool":"cli-firebase","firebase-functions-hash":"4d0e9bd4750926bf686d9a2578c78b22796053a7"},"sourceUploadUrl":"https://storage.googleapis.com/uploads-836972235469.us-central1.cloudfunctions.appspot.com/d25e375b-b285-4ae6-92e7-2788b17d669c.zip?GoogleAccessId=service-832093857842@gcf-admin-robot.iam.gserviceaccount.com&Expires=1786333476&Signature=vodKr4jEv8OxG2kgtja5bkjca7lc4oW09Rk0uIElcJWMVvGfHW3uZTtf0Pxaa9GxMn8AMyP29kWMN9T5upIvLBuEwjRBEITXuHhGqefqzbyP995sP%2FwVvGjBen%2FRGzS8u0F12UgYd%2B6vfLlhqyiKHsaJd1XlNcOVZH5%2BKvMKO3A719qEdkg8Tv8sn%2F7n8PLZFCYQBZr53ba2f1Ap6poBC%2F3XWkvGpzx6V1xj%2F7EwWkOE%2Flk24kM%2F9rpvQ2EESgJWOfdwoBhFXmz8XxdR3comtFOtedwxI99qUzVIOU6uhTBZwOGE3LlH8G7NPmspxSBdg1FRMa5CjozRjP1w4n7c4A%3D%3D","environmentVariables":{"FIREBASE_CONFIG":"{\"projectId\":\"refreshing-website\",\"storageBucket\":\"refreshing-website.firebasestorage.app\"}","GCLOUD_PROJECT":"refreshing-website","EVENTARC_CLOUD_EVENT_SOURCE":"projects/refreshing-website/locations/us-central1/functions/auditSessionsWrite"},"runtime":"nodejs20","buildId":"f5832f40-26c0-49b5-a0eb-5b522922e509","buildEnvironmentVariables":{"GOOGLE_NODE_RUN_SCRIPTS":""},"sourceToken":"34a41cb0-eee3-467d-a60b-d9de6c7ee8e3","buildName":"projects/832093857842/locations/us-central1/builds/f5832f40-26c0-49b5-a0eb-5b522922e509","dockerRegistry":"ARTIFACT_REGISTRY","automaticUpdatePolicy":{},"buildServiceAccount":"projects/refreshing-website/serviceAccounts/832093857842-compute@developer.gserviceaccount.com"},"versionId":"5","updateTime":"2026-08-10T03:15:28Z","buildId":"8396bccd-d1fd-4519-bbd2-33cc12b1fb18","sourceToken":"34a41cb0-eee3-467d-a60b-d9de6c7ee8e3","buildName":"projects/832093857842/locations/us-central1/builds/8396bccd-d1fd-4519-bbd2-33cc12b1fb18"}}
[2026-08-10T03:15:34.016Z] Got source token 34a41cb0-eee3-467d-a60b-d9de6c7ee8e3 for region us-central1
[2026-08-10T03:15:34.017Z] <<< [apiv2][status] GET https://cloudfunctions.googleapis.com/v1/operations/cmVmcmVzaGluZy13ZWJzaXRlL3VzLWNlbnRyYWwxL3B1cmdlVHJhc2gvV3p6OXBZZlQtVDg 200
[2026-08-10T03:15:34.017Z] <<< [apiv2][body] GET https://cloudfunctions.googleapis.com/v1/operations/cmVmcmVzaGluZy13ZWJzaXRlL3VzLWNlbnRyYWwxL3B1cmdlVHJhc2gvV3p6OXBZZlQtVDg {"name":"operations/cmVmcmVzaGluZy13ZWJzaXRlL3VzLWNlbnRyYWwxL3B1cmdlVHJhc2gvV3p6OXBZZlQtVDg","metadata":{"@type":"type.googleapis.com/google.cloud.functions.v1.OperationMetadataV1","target":"projects/refreshing-website/locations/us-central1/functions/purgeTrash","type":"UPDATE_FUNCTION","request":{"@type":"type.googleapis.com/google.cloud.functions.v1.CloudFunction","name":"projects/refreshing-website/locations/us-central1/functions/purgeTrash","eventTrigger":{"eventType":"google.pubsub.topic.publish","resource":"projects/refreshing-website/topics/firebase-schedule-purgeTrash-us-central1","service":"pubsub.googleapis.com","failurePolicy":{}},"status":"ACTIVE","entryPoint":"purgeTrash","updateTime":"2026-08-10T03:12:38.428Z","versionId":"4","labels":{"deployment-tool":"cli-firebase","deployment-scheduled":"true","firebase-functions-hash":"4d0e9bd4750926bf686d9a2578c78b22796053a7"},"sourceUploadUrl":"https://storage.googleapis.com/uploads-836972235469.us-central1.cloudfunctions.appspot.com/d25e375b-b285-4ae6-92e7-2788b17d669c.zip?GoogleAccessId=service-832093857842@gcf-admin-robot.iam.gserviceaccount.com&Expires=1786333476&Signature=vodKr4jEv8OxG2kgtja5bkjca7lc4oW09Rk0uIElcJWMVvGfHW3uZTtf0Pxaa9GxMn8AMyP29kWMN9T5upIvLBuEwjRBEITXuHhGqefqzbyP995sP%2FwVvGjBen%2FRGzS8u0F12UgYd%2B6vfLlhqyiKHsaJd1XlNcOVZH5%2BKvMKO3A719qEdkg8Tv8sn%2F7n8PLZFCYQBZr53ba2f1Ap6poBC%2F3XWkvGpzx6V1xj%2F7EwWkOE%2Flk24kM%2F9rpvQ2EESgJWOfdwoBhFXmz8XxdR3comtFOtedwxI99qUzVIOU6uhTBZwOGE3LlH8G7NPmspxSBdg1FRMa5CjozRjP1w4n7c4A%3D%3D","environmentVariables":{"FIREBASE_CONFIG":"{\"projectId\":\"refreshing-website\",\"storageBucket\":\"refreshing-website.firebasestorage.app\"}","GCLOUD_PROJECT":"refreshing-website","EVENTARC_CLOUD_EVENT_SOURCE":"projects/refreshing-website/locations/us-central1/functions/purgeTrash"},"runtime":"nodejs20","buildId":"f5832f40-26c0-49b5-a0eb-5b522922e509","buildEnvironmentVariables":{"GOOGLE_NODE_RUN_SCRIPTS":""},"sourceToken":"34a41cb0-eee3-467d-a60b-d9de6c7ee8e3","buildName":"projects/832093857842/locations/us-central1/builds/f5832f40-26c0-49b5-a0eb-5b522922e509","dockerRegistry":"ARTIFACT_REGISTRY","automaticUpdatePolicy":{},"buildServiceAccount":"projects/refreshing-website/serviceAccounts/832093857842-compute@developer.gserviceaccount.com"},"versionId":"5","updateTime":"2026-08-10T03:15:28Z","buildId":"8396bccd-d1fd-4519-bbd2-33cc12b1fb18","sourceToken":"34a41cb0-eee3-467d-a60b-d9de6c7ee8e3","buildName":"projects/832093857842/locations/us-central1/builds/8396bccd-d1fd-4519-bbd2-33cc12b1fb18"}}
[2026-08-10T03:15:34.017Z] Got source token 34a41cb0-eee3-467d-a60b-d9de6c7ee8e3 for region us-central1
[2026-08-10T03:15:34.030Z] <<< [apiv2][status] GET https://cloudfunctions.googleapis.com/v1/operations/cmVmcmVzaGluZy13ZWJzaXRlL3VzLWNlbnRyYWwxL2F1ZGl0QXR0ZW5kZWVzV3JpdGUvdEVIRmgzb1o4TDg 200
[2026-08-10T03:15:34.030Z] <<< [apiv2][body] GET https://cloudfunctions.googleapis.com/v1/operations/cmVmcmVzaGluZy13ZWJzaXRlL3VzLWNlbnRyYWwxL2F1ZGl0QXR0ZW5kZWVzV3JpdGUvdEVIRmgzb1o4TDg {"name":"operations/cmVmcmVzaGluZy13ZWJzaXRlL3VzLWNlbnRyYWwxL2F1ZGl0QXR0ZW5kZWVzV3JpdGUvdEVIRmgzb1o4TDg","metadata":{"@type":"type.googleapis.com/google.cloud.functions.v1.OperationMetadataV1","target":"projects/refreshing-website/locations/us-central1/functions/auditAttendeesWrite","type":"UPDATE_FUNCTION","request":{"@type":"type.googleapis.com/google.cloud.functions.v1.CloudFunction","name":"projects/refreshing-website/locations/us-central1/functions/auditAttendeesWrite","eventTrigger":{"eventType":"providers/cloud.firestore/eventTypes/document.write","resource":"projects/refreshing-website/databases/(default)/documents/events/{eventId}/attendees/{attendeeId}","service":"firestore.googleapis.com"},"status":"ACTIVE","entryPoint":"auditAttendeesWrite","updateTime":"2026-08-10T03:12:35.311Z","versionId":"4","labels":{"deployment-tool":"cli-firebase","firebase-functions-hash":"4d0e9bd4750926bf686d9a2578c78b22796053a7"},"sourceUploadUrl":"https://storage.googleapis.com/uploads-836972235469.us-central1.cloudfunctions.appspot.com/d25e375b-b285-4ae6-92e7-2788b17d669c.zip?GoogleAccessId=service-832093857842@gcf-admin-robot.iam.gserviceaccount.com&Expires=1786333476&Signature=vodKr4jEv8OxG2kgtja5bkjca7lc4oW09Rk0uIElcJWMVvGfHW3uZTtf0Pxaa9GxMn8AMyP29kWMN9T5upIvLBuEwjRBEITXuHhGqefqzbyP995sP%2FwVvGjBen%2FRGzS8u0F12UgYd%2B6vfLlhqyiKHsaJd1XlNcOVZH5%2BKvMKO3A719qEdkg8Tv8sn%2F7n8PLZFCYQBZr53ba2f1Ap6poBC%2F3XWkvGpzx6V1xj%2F7EwWkOE%2Flk24kM%2F9rpvQ2EESgJWOfdwoBhFXmz8XxdR3comtFOtedwxI99qUzVIOU6uhTBZwOGE3LlH8G7NPmspxSBdg1FRMa5CjozRjP1w4n7c4A%3D%3D","environmentVariables":{"FIREBASE_CONFIG":"{\"projectId\":\"refreshing-website\",\"storageBucket\":\"refreshing-website.firebasestorage.app\"}","GCLOUD_PROJECT":"refreshing-website","EVENTARC_CLOUD_EVENT_SOURCE":"projects/refreshing-website/locations/us-central1/functions/auditAttendeesWrite"},"runtime":"nodejs20","buildId":"f5832f40-26c0-49b5-a0eb-5b522922e509","buildEnvironmentVariables":{"GOOGLE_NODE_RUN_SCRIPTS":""},"sourceToken":"34a41cb0-eee3-467d-a60b-d9de6c7ee8e3","buildName":"projects/832093857842/locations/us-central1/builds/f5832f40-26c0-49b5-a0eb-5b522922e509","dockerRegistry":"ARTIFACT_REGISTRY","automaticUpdatePolicy":{},"buildServiceAccount":"projects/refreshing-website/serviceAccounts/832093857842-compute@developer.gserviceaccount.com"},"versionId":"5","updateTime":"2026-08-10T03:15:28Z","buildId":"8396bccd-d1fd-4519-bbd2-33cc12b1fb18","sourceToken":"34a41cb0-eee3-467d-a60b-d9de6c7ee8e3","buildName":"projects/832093857842/locations/us-central1/builds/8396bccd-d1fd-4519-bbd2-33cc12b1fb18"}}
[2026-08-10T03:15:34.030Z] Got source token 34a41cb0-eee3-467d-a60b-d9de6c7ee8e3 for region us-central1
[2026-08-10T03:15:37.704Z] [update-default-us-central1-acceptInvite] Retrying task index 0
[2026-08-10T03:15:37.705Z] Checked if tokens are valid: true, expires at: 1786334449855
[2026-08-10T03:15:37.705Z] Checked if tokens are valid: true, expires at: 1786334449855
[2026-08-10T03:15:37.705Z] >>> [apiv2][query] GET https://cloudfunctions.googleapis.com/v1/operations/cmVmcmVzaGluZy13ZWJzaXRlL3VzLWNlbnRyYWwxL2FjY2VwdEludml0ZS9oeWo4Q1MxbTh0UQ [none]
[2026-08-10T03:15:37.848Z] [update-default-us-central1-auditMinistersWrite] Retrying task index 0
[2026-08-10T03:15:37.848Z] Checked if tokens are valid: true, expires at: 1786334449855
[2026-08-10T03:15:37.848Z] Checked if tokens are valid: true, expires at: 1786334449855
[2026-08-10T03:15:37.849Z] >>> [apiv2][query] GET https://cloudfunctions.googleapis.com/v1/operations/cmVmcmVzaGluZy13ZWJzaXRlL3VzLWNlbnRyYWwxL2F1ZGl0TWluaXN0ZXJzV3JpdGUvWlg4VjVGREpJUW8 [none]
[2026-08-10T03:15:37.866Z] [update-default-us-central1-setUserRole] Retrying task index 0
[2026-08-10T03:15:37.867Z] Checked if tokens are valid: true, expires at: 1786334449855
[2026-08-10T03:15:37.867Z] Checked if tokens are valid: true, expires at: 1786334449855
[2026-08-10T03:15:37.867Z] >>> [apiv2][query] GET https://cloudfunctions.googleapis.com/v1/operations/cmVmcmVzaGluZy13ZWJzaXRlL3VzLWNlbnRyYWwxL3NldFVzZXJSb2xlL0tBQlBSWWt4aFJj [none]
[2026-08-10T03:15:37.871Z] [update-default-us-central1-provisionAdminAccount] Retrying task index 0
[2026-08-10T03:15:37.872Z] Checked if tokens are valid: true, expires at: 1786334449855
[2026-08-10T03:15:37.872Z] Checked if tokens are valid: true, expires at: 1786334449855
[2026-08-10T03:15:37.872Z] >>> [apiv2][query] GET https://cloudfunctions.googleapis.com/v1/operations/cmVmcmVzaGluZy13ZWJzaXRlL3VzLWNlbnRyYWwxL3Byb3Zpc2lvbkFkbWluQWNjb3VudC91cXEwUGxIRm5Fdw [none]
[2026-08-10T03:15:37.908Z] [update-default-us-central1-markCheckedIn] Retrying task index 0
[2026-08-10T03:15:37.908Z] Checked if tokens are valid: true, expires at: 1786334449855
[2026-08-10T03:15:37.908Z] Checked if tokens are valid: true, expires at: 1786334449855
[2026-08-10T03:15:37.908Z] >>> [apiv2][query] GET https://cloudfunctions.googleapis.com/v1/operations/cmVmcmVzaGluZy13ZWJzaXRlL3VzLWNlbnRyYWwxL21hcmtDaGVja2VkSW4vdUJkcW51U2xPSjA [none]
[2026-08-10T03:15:37.934Z] [update-default-us-central1-syncCheckinView] Retrying task index 0
[2026-08-10T03:15:37.934Z] Checked if tokens are valid: true, expires at: 1786334449855
[2026-08-10T03:15:37.935Z] Checked if tokens are valid: true, expires at: 1786334449855
[2026-08-10T03:15:37.935Z] >>> [apiv2][query] GET https://cloudfunctions.googleapis.com/v1/operations/cmVmcmVzaGluZy13ZWJzaXRlL3VzLWNlbnRyYWwxL3N5bmNDaGVja2luVmlldy9uQTM1UGJGYXpiZw [none]
[2026-08-10T03:15:37.936Z] [update-default-us-central1-undoCheckIn] Retrying task index 0
[2026-08-10T03:15:37.936Z] Checked if tokens are valid: true, expires at: 1786334449855
[2026-08-10T03:15:37.936Z] Checked if tokens are valid: true, expires at: 1786334449855
[2026-08-10T03:15:37.936Z] >>> [apiv2][query] GET https://cloudfunctions.googleapis.com/v1/operations/cmVmcmVzaGluZy13ZWJzaXRlL3VzLWNlbnRyYWwxL3VuZG9DaGVja0luL0E0ckIyRFREX0ln [none]
[2026-08-10T03:15:37.975Z] [update-default-us-central1-revokeUserAccess] Retrying task index 0
[2026-08-10T03:15:37.975Z] Checked if tokens are valid: true, expires at: 1786334449855
[2026-08-10T03:15:37.975Z] Checked if tokens are valid: true, expires at: 1786334449855
[2026-08-10T03:15:37.976Z] >>> [apiv2][query] GET https://cloudfunctions.googleapis.com/v1/operations/cmVmcmVzaGluZy13ZWJzaXRlL3VzLWNlbnRyYWwxL3Jldm9rZVVzZXJBY2Nlc3MvOFVjcEI3M05NdTQ [none]
[2026-08-10T03:15:37.982Z] [update-default-us-central1-pruneVersionHistory] Retrying task index 0
[2026-08-10T03:15:37.982Z] Checked if tokens are valid: true, expires at: 1786334449855
[2026-08-10T03:15:37.983Z] Checked if tokens are valid: true, expires at: 1786334449855
[2026-08-10T03:15:37.983Z] >>> [apiv2][query] GET https://cloudfunctions.googleapis.com/v1/operations/cmVmcmVzaGluZy13ZWJzaXRlL3VzLWNlbnRyYWwxL3BydW5lVmVyc2lvbkhpc3RvcnkvY1JoNlZvNHZmYkE [none]
[2026-08-10T03:15:38.017Z] [update-default-us-central1-auditSessionsWrite] Retrying task index 0
[2026-08-10T03:15:38.018Z] Checked if tokens are valid: true, expires at: 1786334449855
[2026-08-10T03:15:38.018Z] Checked if tokens are valid: true, expires at: 1786334449855
[2026-08-10T03:15:38.018Z] >>> [apiv2][query] GET https://cloudfunctions.googleapis.com/v1/operations/cmVmcmVzaGluZy13ZWJzaXRlL3VzLWNlbnRyYWwxL2F1ZGl0U2Vzc2lvbnNXcml0ZS9ZOHJSeDdXZ0xrUQ [none]
[2026-08-10T03:15:38.025Z] [update-default-us-central1-purgeTrash] Retrying task index 0
[2026-08-10T03:15:38.026Z] Checked if tokens are valid: true, expires at: 1786334449855
[2026-08-10T03:15:38.026Z] Checked if tokens are valid: true, expires at: 1786334449855
[2026-08-10T03:15:38.026Z] >>> [apiv2][query] GET https://cloudfunctions.googleapis.com/v1/operations/cmVmcmVzaGluZy13ZWJzaXRlL3VzLWNlbnRyYWwxL3B1cmdlVHJhc2gvV3p6OXBZZlQtVDg [none]
[2026-08-10T03:15:38.037Z] [update-default-us-central1-auditAttendeesWrite] Retrying task index 0
[2026-08-10T03:15:38.038Z] Checked if tokens are valid: true, expires at: 1786334449855
[2026-08-10T03:15:38.038Z] Checked if tokens are valid: true, expires at: 1786334449855
[2026-08-10T03:15:38.039Z] >>> [apiv2][query] GET https://cloudfunctions.googleapis.com/v1/operations/cmVmcmVzaGluZy13ZWJzaXRlL3VzLWNlbnRyYWwxL2F1ZGl0QXR0ZW5kZWVzV3JpdGUvdEVIRmgzb1o4TDg [none]
[2026-08-10T03:15:38.059Z] <<< [apiv2][status] GET https://cloudfunctions.googleapis.com/v1/operations/cmVmcmVzaGluZy13ZWJzaXRlL3VzLWNlbnRyYWwxL2FjY2VwdEludml0ZS9oeWo4Q1MxbTh0UQ 200
[2026-08-10T03:15:38.060Z] <<< [apiv2][body] GET https://cloudfunctions.googleapis.com/v1/operations/cmVmcmVzaGluZy13ZWJzaXRlL3VzLWNlbnRyYWwxL2FjY2VwdEludml0ZS9oeWo4Q1MxbTh0UQ {"name":"operations/cmVmcmVzaGluZy13ZWJzaXRlL3VzLWNlbnRyYWwxL2FjY2VwdEludml0ZS9oeWo4Q1MxbTh0UQ","metadata":{"@type":"type.googleapis.com/google.cloud.functions.v1.OperationMetadataV1","target":"projects/refreshing-website/locations/us-central1/functions/acceptInvite","type":"UPDATE_FUNCTION","request":{"@type":"type.googleapis.com/google.cloud.functions.v1.CloudFunction","name":"projects/refreshing-website/locations/us-central1/functions/acceptInvite","httpsTrigger":{"url":"https://us-central1-refreshing-website.cloudfunctions.net/acceptInvite","securityLevel":"SECURE_ALWAYS"},"status":"ACTIVE","entryPoint":"acceptInvite","updateTime":"2026-08-10T03:12:39.067Z","versionId":"4","labels":{"deployment-tool":"cli-firebase","deployment-callable":"true","firebase-functions-hash":"4d0e9bd4750926bf686d9a2578c78b22796053a7"},"sourceUploadUrl":"https://storage.googleapis.com/uploads-836972235469.us-central1.cloudfunctions.appspot.com/d25e375b-b285-4ae6-92e7-2788b17d669c.zip?GoogleAccessId=service-832093857842@gcf-admin-robot.iam.gserviceaccount.com&Expires=1786333476&Signature=vodKr4jEv8OxG2kgtja5bkjca7lc4oW09Rk0uIElcJWMVvGfHW3uZTtf0Pxaa9GxMn8AMyP29kWMN9T5upIvLBuEwjRBEITXuHhGqefqzbyP995sP%2FwVvGjBen%2FRGzS8u0F12UgYd%2B6vfLlhqyiKHsaJd1XlNcOVZH5%2BKvMKO3A719qEdkg8Tv8sn%2F7n8PLZFCYQBZr53ba2f1Ap6poBC%2F3XWkvGpzx6V1xj%2F7EwWkOE%2Flk24kM%2F9rpvQ2EESgJWOfdwoBhFXmz8XxdR3comtFOtedwxI99qUzVIOU6uhTBZwOGE3LlH8G7NPmspxSBdg1FRMa5CjozRjP1w4n7c4A%3D%3D","environmentVariables":{"FIREBASE_CONFIG":"{\"projectId\":\"refreshing-website\",\"storageBucket\":\"refreshing-website.firebasestorage.app\"}","GCLOUD_PROJECT":"refreshing-website","EVENTARC_CLOUD_EVENT_SOURCE":"projects/refreshing-website/locations/us-central1/functions/acceptInvite"},"runtime":"nodejs20","buildId":"f5832f40-26c0-49b5-a0eb-5b522922e509","buildEnvironmentVariables":{"GOOGLE_NODE_RUN_SCRIPTS":""},"sourceToken":"34a41cb0-eee3-467d-a60b-d9de6c7ee8e3","buildName":"projects/832093857842/locations/us-central1/builds/f5832f40-26c0-49b5-a0eb-5b522922e509","dockerRegistry":"ARTIFACT_REGISTRY","automaticUpdatePolicy":{},"buildServiceAccount":"projects/refreshing-website/serviceAccounts/832093857842-compute@developer.gserviceaccount.com"},"versionId":"5","updateTime":"2026-08-10T03:15:28Z","buildId":"8396bccd-d1fd-4519-bbd2-33cc12b1fb18","sourceToken":"34a41cb0-eee3-467d-a60b-d9de6c7ee8e3","buildName":"projects/832093857842/locations/us-central1/builds/8396bccd-d1fd-4519-bbd2-33cc12b1fb18"}}
[2026-08-10T03:15:38.060Z] Got source token 34a41cb0-eee3-467d-a60b-d9de6c7ee8e3 for region us-central1
[2026-08-10T03:15:38.262Z] [update-default-us-central1-createInvite] Retrying task index 0
[2026-08-10T03:15:38.264Z] Checked if tokens are valid: true, expires at: 1786334449855
[2026-08-10T03:15:38.264Z] Checked if tokens are valid: true, expires at: 1786334449855
[2026-08-10T03:15:38.265Z] >>> [apiv2][query] GET https://cloudfunctions.googleapis.com/v1/operations/cmVmcmVzaGluZy13ZWJzaXRlL3VzLWNlbnRyYWwxL2NyZWF0ZUludml0ZS95N1Fqb1o3TTQ1Yw [none]
[2026-08-10T03:15:38.269Z] <<< [apiv2][status] GET https://cloudfunctions.googleapis.com/v1/operations/cmVmcmVzaGluZy13ZWJzaXRlL3VzLWNlbnRyYWwxL3N5bmNDaGVja2luVmlldy9uQTM1UGJGYXpiZw 200
[2026-08-10T03:15:38.269Z] <<< [apiv2][body] GET https://cloudfunctions.googleapis.com/v1/operations/cmVmcmVzaGluZy13ZWJzaXRlL3VzLWNlbnRyYWwxL3N5bmNDaGVja2luVmlldy9uQTM1UGJGYXpiZw {"name":"operations/cmVmcmVzaGluZy13ZWJzaXRlL3VzLWNlbnRyYWwxL3N5bmNDaGVja2luVmlldy9uQTM1UGJGYXpiZw","metadata":{"@type":"type.googleapis.com/google.cloud.functions.v1.OperationMetadataV1","target":"projects/refreshing-website/locations/us-central1/functions/syncCheckinView","type":"UPDATE_FUNCTION","request":{"@type":"type.googleapis.com/google.cloud.functions.v1.CloudFunction","name":"projects/refreshing-website/locations/us-central1/functions/syncCheckinView","eventTrigger":{"eventType":"providers/cloud.firestore/eventTypes/document.write","resource":"projects/refreshing-website/databases/(default)/documents/events/{eventId}/attendees/{attendeeId}","service":"firestore.googleapis.com"},"status":"ACTIVE","entryPoint":"syncCheckinView","updateTime":"2026-08-10T03:12:40.842Z","versionId":"4","labels":{"deployment-tool":"cli-firebase","firebase-functions-hash":"4d0e9bd4750926bf686d9a2578c78b22796053a7"},"sourceUploadUrl":"https://storage.googleapis.com/uploads-836972235469.us-central1.cloudfunctions.appspot.com/d25e375b-b285-4ae6-92e7-2788b17d669c.zip?GoogleAccessId=service-832093857842@gcf-admin-robot.iam.gserviceaccount.com&Expires=1786333476&Signature=vodKr4jEv8OxG2kgtja5bkjca7lc4oW09Rk0uIElcJWMVvGfHW3uZTtf0Pxaa9GxMn8AMyP29kWMN9T5upIvLBuEwjRBEITXuHhGqefqzbyP995sP%2FwVvGjBen%2FRGzS8u0F12UgYd%2B6vfLlhqyiKHsaJd1XlNcOVZH5%2BKvMKO3A719qEdkg8Tv8sn%2F7n8PLZFCYQBZr53ba2f1Ap6poBC%2F3XWkvGpzx6V1xj%2F7EwWkOE%2Flk24kM%2F9rpvQ2EESgJWOfdwoBhFXmz8XxdR3comtFOtedwxI99qUzVIOU6uhTBZwOGE3LlH8G7NPmspxSBdg1FRMa5CjozRjP1w4n7c4A%3D%3D","environmentVariables":{"FIREBASE_CONFIG":"{\"projectId\":\"refreshing-website\",\"storageBucket\":\"refreshing-website.firebasestorage.app\"}","GCLOUD_PROJECT":"refreshing-website","EVENTARC_CLOUD_EVENT_SOURCE":"projects/refreshing-website/locations/us-central1/functions/syncCheckinView"},"runtime":"nodejs20","buildId":"f5832f40-26c0-49b5-a0eb-5b522922e509","buildEnvironmentVariables":{"GOOGLE_NODE_RUN_SCRIPTS":""},"sourceToken":"34a41cb0-eee3-467d-a60b-d9de6c7ee8e3","buildName":"projects/832093857842/locations/us-central1/builds/f5832f40-26c0-49b5-a0eb-5b522922e509","dockerRegistry":"ARTIFACT_REGISTRY","automaticUpdatePolicy":{},"buildServiceAccount":"projects/refreshing-website/serviceAccounts/832093857842-compute@developer.gserviceaccount.com"},"versionId":"5","updateTime":"2026-08-10T03:15:28Z","buildId":"8396bccd-d1fd-4519-bbd2-33cc12b1fb18","sourceToken":"34a41cb0-eee3-467d-a60b-d9de6c7ee8e3","buildName":"projects/832093857842/locations/us-central1/builds/8396bccd-d1fd-4519-bbd2-33cc12b1fb18"}}
[2026-08-10T03:15:38.269Z] Got source token 34a41cb0-eee3-467d-a60b-d9de6c7ee8e3 for region us-central1
[2026-08-10T03:15:38.319Z] <<< [apiv2][status] GET https://cloudfunctions.googleapis.com/v1/operations/cmVmcmVzaGluZy13ZWJzaXRlL3VzLWNlbnRyYWwxL3Byb3Zpc2lvbkFkbWluQWNjb3VudC91cXEwUGxIRm5Fdw 200
[2026-08-10T03:15:38.320Z] <<< [apiv2][body] GET https://cloudfunctions.googleapis.com/v1/operations/cmVmcmVzaGluZy13ZWJzaXRlL3VzLWNlbnRyYWwxL3Byb3Zpc2lvbkFkbWluQWNjb3VudC91cXEwUGxIRm5Fdw {"name":"operations/cmVmcmVzaGluZy13ZWJzaXRlL3VzLWNlbnRyYWwxL3Byb3Zpc2lvbkFkbWluQWNjb3VudC91cXEwUGxIRm5Fdw","metadata":{"@type":"type.googleapis.com/google.cloud.functions.v1.OperationMetadataV1","target":"projects/refreshing-website/locations/us-central1/functions/provisionAdminAccount","type":"UPDATE_FUNCTION","request":{"@type":"type.googleapis.com/google.cloud.functions.v1.CloudFunction","name":"projects/refreshing-website/locations/us-central1/functions/provisionAdminAccount","httpsTrigger":{"url":"https://us-central1-refreshing-website.cloudfunctions.net/provisionAdminAccount","securityLevel":"SECURE_ALWAYS"},"status":"ACTIVE","entryPoint":"provisionAdminAccount","updateTime":"2026-08-10T03:12:35.356Z","versionId":"4","labels":{"deployment-tool":"cli-firebase","deployment-callable":"true","firebase-functions-hash":"4d0e9bd4750926bf686d9a2578c78b22796053a7"},"sourceUploadUrl":"https://storage.googleapis.com/uploads-836972235469.us-central1.cloudfunctions.appspot.com/d25e375b-b285-4ae6-92e7-2788b17d669c.zip?GoogleAccessId=service-832093857842@gcf-admin-robot.iam.gserviceaccount.com&Expires=1786333476&Signature=vodKr4jEv8OxG2kgtja5bkjca7lc4oW09Rk0uIElcJWMVvGfHW3uZTtf0Pxaa9GxMn8AMyP29kWMN9T5upIvLBuEwjRBEITXuHhGqefqzbyP995sP%2FwVvGjBen%2FRGzS8u0F12UgYd%2B6vfLlhqyiKHsaJd1XlNcOVZH5%2BKvMKO3A719qEdkg8Tv8sn%2F7n8PLZFCYQBZr53ba2f1Ap6poBC%2F3XWkvGpzx6V1xj%2F7EwWkOE%2Flk24kM%2F9rpvQ2EESgJWOfdwoBhFXmz8XxdR3comtFOtedwxI99qUzVIOU6uhTBZwOGE3LlH8G7NPmspxSBdg1FRMa5CjozRjP1w4n7c4A%3D%3D","environmentVariables":{"FIREBASE_CONFIG":"{\"projectId\":\"refreshing-website\",\"storageBucket\":\"refreshing-website.firebasestorage.app\"}","GCLOUD_PROJECT":"refreshing-website","EVENTARC_CLOUD_EVENT_SOURCE":"projects/refreshing-website/locations/us-central1/functions/provisionAdminAccount"},"runtime":"nodejs20","buildId":"f5832f40-26c0-49b5-a0eb-5b522922e509","buildEnvironmentVariables":{"GOOGLE_NODE_RUN_SCRIPTS":""},"sourceToken":"34a41cb0-eee3-467d-a60b-d9de6c7ee8e3","buildName":"projects/832093857842/locations/us-central1/builds/f5832f40-26c0-49b5-a0eb-5b522922e509","dockerRegistry":"ARTIFACT_REGISTRY","automaticUpdatePolicy":{},"buildServiceAccount":"projects/refreshing-website/serviceAccounts/832093857842-compute@developer.gserviceaccount.com"},"versionId":"5","updateTime":"2026-08-10T03:15:28Z","buildId":"8396bccd-d1fd-4519-bbd2-33cc12b1fb18","sourceToken":"34a41cb0-eee3-467d-a60b-d9de6c7ee8e3","buildName":"projects/832093857842/locations/us-central1/builds/8396bccd-d1fd-4519-bbd2-33cc12b1fb18"}}
[2026-08-10T03:15:38.320Z] Got source token 34a41cb0-eee3-467d-a60b-d9de6c7ee8e3 for region us-central1
[2026-08-10T03:15:38.325Z] <<< [apiv2][status] GET https://cloudfunctions.googleapis.com/v1/operations/cmVmcmVzaGluZy13ZWJzaXRlL3VzLWNlbnRyYWwxL2F1ZGl0TWluaXN0ZXJzV3JpdGUvWlg4VjVGREpJUW8 200
[2026-08-10T03:15:38.326Z] <<< [apiv2][body] GET https://cloudfunctions.googleapis.com/v1/operations/cmVmcmVzaGluZy13ZWJzaXRlL3VzLWNlbnRyYWwxL2F1ZGl0TWluaXN0ZXJzV3JpdGUvWlg4VjVGREpJUW8 {"name":"operations/cmVmcmVzaGluZy13ZWJzaXRlL3VzLWNlbnRyYWwxL2F1ZGl0TWluaXN0ZXJzV3JpdGUvWlg4VjVGREpJUW8","metadata":{"@type":"type.googleapis.com/google.cloud.functions.v1.OperationMetadataV1","target":"projects/refreshing-website/locations/us-central1/functions/auditMinistersWrite","type":"UPDATE_FUNCTION","request":{"@type":"type.googleapis.com/google.cloud.functions.v1.CloudFunction","name":"projects/refreshing-website/locations/us-central1/functions/auditMinistersWrite","eventTrigger":{"eventType":"providers/cloud.firestore/eventTypes/document.write","resource":"projects/refreshing-website/databases/(default)/documents/events/{eventId}/ministers/{ministerId}","service":"firestore.googleapis.com"},"status":"ACTIVE","entryPoint":"auditMinistersWrite","updateTime":"2026-08-10T03:12:38.944Z","versionId":"4","labels":{"deployment-tool":"cli-firebase","firebase-functions-hash":"4d0e9bd4750926bf686d9a2578c78b22796053a7"},"sourceUploadUrl":"https://storage.googleapis.com/uploads-836972235469.us-central1.cloudfunctions.appspot.com/d25e375b-b285-4ae6-92e7-2788b17d669c.zip?GoogleAccessId=service-832093857842@gcf-admin-robot.iam.gserviceaccount.com&Expires=1786333476&Signature=vodKr4jEv8OxG2kgtja5bkjca7lc4oW09Rk0uIElcJWMVvGfHW3uZTtf0Pxaa9GxMn8AMyP29kWMN9T5upIvLBuEwjRBEITXuHhGqefqzbyP995sP%2FwVvGjBen%2FRGzS8u0F12UgYd%2B6vfLlhqyiKHsaJd1XlNcOVZH5%2BKvMKO3A719qEdkg8Tv8sn%2F7n8PLZFCYQBZr53ba2f1Ap6poBC%2F3XWkvGpzx6V1xj%2F7EwWkOE%2Flk24kM%2F9rpvQ2EESgJWOfdwoBhFXmz8XxdR3comtFOtedwxI99qUzVIOU6uhTBZwOGE3LlH8G7NPmspxSBdg1FRMa5CjozRjP1w4n7c4A%3D%3D","environmentVariables":{"FIREBASE_CONFIG":"{\"projectId\":\"refreshing-website\",\"storageBucket\":\"refreshing-website.firebasestorage.app\"}","GCLOUD_PROJECT":"refreshing-website","EVENTARC_CLOUD_EVENT_SOURCE":"projects/refreshing-website/locations/us-central1/functions/auditMinistersWrite"},"runtime":"nodejs20","buildId":"f5832f40-26c0-49b5-a0eb-5b522922e509","buildEnvironmentVariables":{"GOOGLE_NODE_RUN_SCRIPTS":""},"sourceToken":"34a41cb0-eee3-467d-a60b-d9de6c7ee8e3","buildName":"projects/832093857842/locations/us-central1/builds/f5832f40-26c0-49b5-a0eb-5b522922e509","dockerRegistry":"ARTIFACT_REGISTRY","automaticUpdatePolicy":{},"buildServiceAccount":"projects/refreshing-website/serviceAccounts/832093857842-compute@developer.gserviceaccount.com"},"versionId":"5","updateTime":"2026-08-10T03:15:28Z","buildId":"8396bccd-d1fd-4519-bbd2-33cc12b1fb18","sourceToken":"34a41cb0-eee3-467d-a60b-d9de6c7ee8e3","buildName":"projects/832093857842/locations/us-central1/builds/8396bccd-d1fd-4519-bbd2-33cc12b1fb18"}}
[2026-08-10T03:15:38.326Z] Got source token 34a41cb0-eee3-467d-a60b-d9de6c7ee8e3 for region us-central1
[2026-08-10T03:15:38.375Z] <<< [apiv2][status] GET https://cloudfunctions.googleapis.com/v1/operations/cmVmcmVzaGluZy13ZWJzaXRlL3VzLWNlbnRyYWwxL3B1cmdlVHJhc2gvV3p6OXBZZlQtVDg 200
[2026-08-10T03:15:38.375Z] <<< [apiv2][body] GET https://cloudfunctions.googleapis.com/v1/operations/cmVmcmVzaGluZy13ZWJzaXRlL3VzLWNlbnRyYWwxL3B1cmdlVHJhc2gvV3p6OXBZZlQtVDg {"name":"operations/cmVmcmVzaGluZy13ZWJzaXRlL3VzLWNlbnRyYWwxL3B1cmdlVHJhc2gvV3p6OXBZZlQtVDg","metadata":{"@type":"type.googleapis.com/google.cloud.functions.v1.OperationMetadataV1","target":"projects/refreshing-website/locations/us-central1/functions/purgeTrash","type":"UPDATE_FUNCTION","request":{"@type":"type.googleapis.com/google.cloud.functions.v1.CloudFunction","name":"projects/refreshing-website/locations/us-central1/functions/purgeTrash","eventTrigger":{"eventType":"google.pubsub.topic.publish","resource":"projects/refreshing-website/topics/firebase-schedule-purgeTrash-us-central1","service":"pubsub.googleapis.com","failurePolicy":{}},"status":"ACTIVE","entryPoint":"purgeTrash","updateTime":"2026-08-10T03:12:38.428Z","versionId":"4","labels":{"deployment-tool":"cli-firebase","deployment-scheduled":"true","firebase-functions-hash":"4d0e9bd4750926bf686d9a2578c78b22796053a7"},"sourceUploadUrl":"https://storage.googleapis.com/uploads-836972235469.us-central1.cloudfunctions.appspot.com/d25e375b-b285-4ae6-92e7-2788b17d669c.zip?GoogleAccessId=service-832093857842@gcf-admin-robot.iam.gserviceaccount.com&Expires=1786333476&Signature=vodKr4jEv8OxG2kgtja5bkjca7lc4oW09Rk0uIElcJWMVvGfHW3uZTtf0Pxaa9GxMn8AMyP29kWMN9T5upIvLBuEwjRBEITXuHhGqefqzbyP995sP%2FwVvGjBen%2FRGzS8u0F12UgYd%2B6vfLlhqyiKHsaJd1XlNcOVZH5%2BKvMKO3A719qEdkg8Tv8sn%2F7n8PLZFCYQBZr53ba2f1Ap6poBC%2F3XWkvGpzx6V1xj%2F7EwWkOE%2Flk24kM%2F9rpvQ2EESgJWOfdwoBhFXmz8XxdR3comtFOtedwxI99qUzVIOU6uhTBZwOGE3LlH8G7NPmspxSBdg1FRMa5CjozRjP1w4n7c4A%3D%3D","environmentVariables":{"FIREBASE_CONFIG":"{\"projectId\":\"refreshing-website\",\"storageBucket\":\"refreshing-website.firebasestorage.app\"}","GCLOUD_PROJECT":"refreshing-website","EVENTARC_CLOUD_EVENT_SOURCE":"projects/refreshing-website/locations/us-central1/functions/purgeTrash"},"runtime":"nodejs20","buildId":"f5832f40-26c0-49b5-a0eb-5b522922e509","buildEnvironmentVariables":{"GOOGLE_NODE_RUN_SCRIPTS":""},"sourceToken":"34a41cb0-eee3-467d-a60b-d9de6c7ee8e3","buildName":"projects/832093857842/locations/us-central1/builds/f5832f40-26c0-49b5-a0eb-5b522922e509","dockerRegistry":"ARTIFACT_REGISTRY","automaticUpdatePolicy":{},"buildServiceAccount":"projects/refreshing-website/serviceAccounts/832093857842-compute@developer.gserviceaccount.com"},"versionId":"5","updateTime":"2026-08-10T03:15:28Z","buildId":"8396bccd-d1fd-4519-bbd2-33cc12b1fb18","sourceToken":"34a41cb0-eee3-467d-a60b-d9de6c7ee8e3","buildName":"projects/832093857842/locations/us-central1/builds/8396bccd-d1fd-4519-bbd2-33cc12b1fb18"}}
[2026-08-10T03:15:38.375Z] Got source token 34a41cb0-eee3-467d-a60b-d9de6c7ee8e3 for region us-central1
[2026-08-10T03:15:38.377Z] <<< [apiv2][status] GET https://cloudfunctions.googleapis.com/v1/operations/cmVmcmVzaGluZy13ZWJzaXRlL3VzLWNlbnRyYWwxL3NldFVzZXJSb2xlL0tBQlBSWWt4aFJj 200
[2026-08-10T03:15:38.378Z] <<< [apiv2][body] GET https://cloudfunctions.googleapis.com/v1/operations/cmVmcmVzaGluZy13ZWJzaXRlL3VzLWNlbnRyYWwxL3NldFVzZXJSb2xlL0tBQlBSWWt4aFJj {"name":"operations/cmVmcmVzaGluZy13ZWJzaXRlL3VzLWNlbnRyYWwxL3NldFVzZXJSb2xlL0tBQlBSWWt4aFJj","metadata":{"@type":"type.googleapis.com/google.cloud.functions.v1.OperationMetadataV1","target":"projects/refreshing-website/locations/us-central1/functions/setUserRole","type":"UPDATE_FUNCTION","request":{"@type":"type.googleapis.com/google.cloud.functions.v1.CloudFunction","name":"projects/refreshing-website/locations/us-central1/functions/setUserRole","httpsTrigger":{"url":"https://us-central1-refreshing-website.cloudfunctions.net/setUserRole","securityLevel":"SECURE_ALWAYS"},"status":"ACTIVE","entryPoint":"setUserRole","updateTime":"2026-08-10T03:12:36.232Z","versionId":"4","labels":{"deployment-tool":"cli-firebase","deployment-callable":"true","firebase-functions-hash":"4d0e9bd4750926bf686d9a2578c78b22796053a7"},"sourceUploadUrl":"https://storage.googleapis.com/uploads-836972235469.us-central1.cloudfunctions.appspot.com/d25e375b-b285-4ae6-92e7-2788b17d669c.zip?GoogleAccessId=service-832093857842@gcf-admin-robot.iam.gserviceaccount.com&Expires=1786333476&Signature=vodKr4jEv8OxG2kgtja5bkjca7lc4oW09Rk0uIElcJWMVvGfHW3uZTtf0Pxaa9GxMn8AMyP29kWMN9T5upIvLBuEwjRBEITXuHhGqefqzbyP995sP%2FwVvGjBen%2FRGzS8u0F12UgYd%2B6vfLlhqyiKHsaJd1XlNcOVZH5%2BKvMKO3A719qEdkg8Tv8sn%2F7n8PLZFCYQBZr53ba2f1Ap6poBC%2F3XWkvGpzx6V1xj%2F7EwWkOE%2Flk24kM%2F9rpvQ2EESgJWOfdwoBhFXmz8XxdR3comtFOtedwxI99qUzVIOU6uhTBZwOGE3LlH8G7NPmspxSBdg1FRMa5CjozRjP1w4n7c4A%3D%3D","environmentVariables":{"FIREBASE_CONFIG":"{\"projectId\":\"refreshing-website\",\"storageBucket\":\"refreshing-website.firebasestorage.app\"}","GCLOUD_PROJECT":"refreshing-website","EVENTARC_CLOUD_EVENT_SOURCE":"projects/refreshing-website/locations/us-central1/functions/setUserRole"},"runtime":"nodejs20","buildId":"f5832f40-26c0-49b5-a0eb-5b522922e509","buildEnvironmentVariables":{"GOOGLE_NODE_RUN_SCRIPTS":""},"sourceToken":"34a41cb0-eee3-467d-a60b-d9de6c7ee8e3","buildName":"projects/832093857842/locations/us-central1/builds/f5832f40-26c0-49b5-a0eb-5b522922e509","dockerRegistry":"ARTIFACT_REGISTRY","automaticUpdatePolicy":{},"buildServiceAccount":"projects/refreshing-website/serviceAccounts/832093857842-compute@developer.gserviceaccount.com"},"versionId":"5","updateTime":"2026-08-10T03:15:28Z","buildId":"8396bccd-d1fd-4519-bbd2-33cc12b1fb18","sourceToken":"34a41cb0-eee3-467d-a60b-d9de6c7ee8e3","buildName":"projects/832093857842/locations/us-central1/builds/8396bccd-d1fd-4519-bbd2-33cc12b1fb18"}}
[2026-08-10T03:15:38.378Z] Got source token 34a41cb0-eee3-467d-a60b-d9de6c7ee8e3 for region us-central1
[2026-08-10T03:15:38.398Z] <<< [apiv2][status] GET https://cloudfunctions.googleapis.com/v1/operations/cmVmcmVzaGluZy13ZWJzaXRlL3VzLWNlbnRyYWwxL21hcmtDaGVja2VkSW4vdUJkcW51U2xPSjA 200
[2026-08-10T03:15:38.398Z] <<< [apiv2][body] GET https://cloudfunctions.googleapis.com/v1/operations/cmVmcmVzaGluZy13ZWJzaXRlL3VzLWNlbnRyYWwxL21hcmtDaGVja2VkSW4vdUJkcW51U2xPSjA {"name":"operations/cmVmcmVzaGluZy13ZWJzaXRlL3VzLWNlbnRyYWwxL21hcmtDaGVja2VkSW4vdUJkcW51U2xPSjA","metadata":{"@type":"type.googleapis.com/google.cloud.functions.v1.OperationMetadataV1","target":"projects/refreshing-website/locations/us-central1/functions/markCheckedIn","type":"UPDATE_FUNCTION","request":{"@type":"type.googleapis.com/google.cloud.functions.v1.CloudFunction","name":"projects/refreshing-website/locations/us-central1/functions/markCheckedIn","httpsTrigger":{"url":"https://us-central1-refreshing-website.cloudfunctions.net/markCheckedIn","securityLevel":"SECURE_ALWAYS"},"status":"ACTIVE","entryPoint":"markCheckedIn","updateTime":"2026-08-10T03:12:39.310Z","versionId":"4","labels":{"deployment-tool":"cli-firebase","deployment-callable":"true","firebase-functions-hash":"4d0e9bd4750926bf686d9a2578c78b22796053a7"},"sourceUploadUrl":"https://storage.googleapis.com/uploads-836972235469.us-central1.cloudfunctions.appspot.com/d25e375b-b285-4ae6-92e7-2788b17d669c.zip?GoogleAccessId=service-832093857842@gcf-admin-robot.iam.gserviceaccount.com&Expires=1786333476&Signature=vodKr4jEv8OxG2kgtja5bkjca7lc4oW09Rk0uIElcJWMVvGfHW3uZTtf0Pxaa9GxMn8AMyP29kWMN9T5upIvLBuEwjRBEITXuHhGqefqzbyP995sP%2FwVvGjBen%2FRGzS8u0F12UgYd%2B6vfLlhqyiKHsaJd1XlNcOVZH5%2BKvMKO3A719qEdkg8Tv8sn%2F7n8PLZFCYQBZr53ba2f1Ap6poBC%2F3XWkvGpzx6V1xj%2F7EwWkOE%2Flk24kM%2F9rpvQ2EESgJWOfdwoBhFXmz8XxdR3comtFOtedwxI99qUzVIOU6uhTBZwOGE3LlH8G7NPmspxSBdg1FRMa5CjozRjP1w4n7c4A%3D%3D","environmentVariables":{"FIREBASE_CONFIG":"{\"projectId\":\"refreshing-website\",\"storageBucket\":\"refreshing-website.firebasestorage.app\"}","GCLOUD_PROJECT":"refreshing-website","EVENTARC_CLOUD_EVENT_SOURCE":"projects/refreshing-website/locations/us-central1/functions/markCheckedIn"},"runtime":"nodejs20","buildId":"f5832f40-26c0-49b5-a0eb-5b522922e509","buildEnvironmentVariables":{"GOOGLE_NODE_RUN_SCRIPTS":""},"sourceToken":"34a41cb0-eee3-467d-a60b-d9de6c7ee8e3","buildName":"projects/832093857842/locations/us-central1/builds/f5832f40-26c0-49b5-a0eb-5b522922e509","dockerRegistry":"ARTIFACT_REGISTRY","automaticUpdatePolicy":{},"buildServiceAccount":"projects/refreshing-website/serviceAccounts/832093857842-compute@developer.gserviceaccount.com"},"versionId":"5","updateTime":"2026-08-10T03:15:28Z","buildId":"8396bccd-d1fd-4519-bbd2-33cc12b1fb18","sourceToken":"34a41cb0-eee3-467d-a60b-d9de6c7ee8e3","buildName":"projects/832093857842/locations/us-central1/builds/8396bccd-d1fd-4519-bbd2-33cc12b1fb18"}}
[2026-08-10T03:15:38.398Z] Got source token 34a41cb0-eee3-467d-a60b-d9de6c7ee8e3 for region us-central1
[2026-08-10T03:15:38.422Z] <<< [apiv2][status] GET https://cloudfunctions.googleapis.com/v1/operations/cmVmcmVzaGluZy13ZWJzaXRlL3VzLWNlbnRyYWwxL3Jldm9rZVVzZXJBY2Nlc3MvOFVjcEI3M05NdTQ 200
[2026-08-10T03:15:38.422Z] <<< [apiv2][body] GET https://cloudfunctions.googleapis.com/v1/operations/cmVmcmVzaGluZy13ZWJzaXRlL3VzLWNlbnRyYWwxL3Jldm9rZVVzZXJBY2Nlc3MvOFVjcEI3M05NdTQ {"name":"operations/cmVmcmVzaGluZy13ZWJzaXRlL3VzLWNlbnRyYWwxL3Jldm9rZVVzZXJBY2Nlc3MvOFVjcEI3M05NdTQ","metadata":{"@type":"type.googleapis.com/google.cloud.functions.v1.OperationMetadataV1","target":"projects/refreshing-website/locations/us-central1/functions/revokeUserAccess","type":"UPDATE_FUNCTION","request":{"@type":"type.googleapis.com/google.cloud.functions.v1.CloudFunction","name":"projects/refreshing-website/locations/us-central1/functions/revokeUserAccess","httpsTrigger":{"url":"https://us-central1-refreshing-website.cloudfunctions.net/revokeUserAccess","securityLevel":"SECURE_ALWAYS"},"status":"ACTIVE","entryPoint":"revokeUserAccess","updateTime":"2026-08-10T03:12:38.596Z","versionId":"4","labels":{"deployment-tool":"cli-firebase","deployment-callable":"true","firebase-functions-hash":"4d0e9bd4750926bf686d9a2578c78b22796053a7"},"sourceUploadUrl":"https://storage.googleapis.com/uploads-836972235469.us-central1.cloudfunctions.appspot.com/d25e375b-b285-4ae6-92e7-2788b17d669c.zip?GoogleAccessId=service-832093857842@gcf-admin-robot.iam.gserviceaccount.com&Expires=1786333476&Signature=vodKr4jEv8OxG2kgtja5bkjca7lc4oW09Rk0uIElcJWMVvGfHW3uZTtf0Pxaa9GxMn8AMyP29kWMN9T5upIvLBuEwjRBEITXuHhGqefqzbyP995sP%2FwVvGjBen%2FRGzS8u0F12UgYd%2B6vfLlhqyiKHsaJd1XlNcOVZH5%2BKvMKO3A719qEdkg8Tv8sn%2F7n8PLZFCYQBZr53ba2f1Ap6poBC%2F3XWkvGpzx6V1xj%2F7EwWkOE%2Flk24kM%2F9rpvQ2EESgJWOfdwoBhFXmz8XxdR3comtFOtedwxI99qUzVIOU6uhTBZwOGE3LlH8G7NPmspxSBdg1FRMa5CjozRjP1w4n7c4A%3D%3D","environmentVariables":{"FIREBASE_CONFIG":"{\"projectId\":\"refreshing-website\",\"storageBucket\":\"refreshing-website.firebasestorage.app\"}","GCLOUD_PROJECT":"refreshing-website","EVENTARC_CLOUD_EVENT_SOURCE":"projects/refreshing-website/locations/us-central1/functions/revokeUserAccess"},"runtime":"nodejs20","buildId":"f5832f40-26c0-49b5-a0eb-5b522922e509","buildEnvironmentVariables":{"GOOGLE_NODE_RUN_SCRIPTS":""},"sourceToken":"34a41cb0-eee3-467d-a60b-d9de6c7ee8e3","buildName":"projects/832093857842/locations/us-central1/builds/f5832f40-26c0-49b5-a0eb-5b522922e509","dockerRegistry":"ARTIFACT_REGISTRY","automaticUpdatePolicy":{},"buildServiceAccount":"projects/refreshing-website/serviceAccounts/832093857842-compute@developer.gserviceaccount.com"},"versionId":"5","updateTime":"2026-08-10T03:15:28Z","buildId":"8396bccd-d1fd-4519-bbd2-33cc12b1fb18","sourceToken":"34a41cb0-eee3-467d-a60b-d9de6c7ee8e3","buildName":"projects/832093857842/locations/us-central1/builds/8396bccd-d1fd-4519-bbd2-33cc12b1fb18"}}
[2026-08-10T03:15:38.422Z] Got source token 34a41cb0-eee3-467d-a60b-d9de6c7ee8e3 for region us-central1
[2026-08-10T03:15:38.466Z] <<< [apiv2][status] GET https://cloudfunctions.googleapis.com/v1/operations/cmVmcmVzaGluZy13ZWJzaXRlL3VzLWNlbnRyYWwxL3BydW5lVmVyc2lvbkhpc3RvcnkvY1JoNlZvNHZmYkE 200
[2026-08-10T03:15:38.466Z] <<< [apiv2][body] GET https://cloudfunctions.googleapis.com/v1/operations/cmVmcmVzaGluZy13ZWJzaXRlL3VzLWNlbnRyYWwxL3BydW5lVmVyc2lvbkhpc3RvcnkvY1JoNlZvNHZmYkE {"name":"operations/cmVmcmVzaGluZy13ZWJzaXRlL3VzLWNlbnRyYWwxL3BydW5lVmVyc2lvbkhpc3RvcnkvY1JoNlZvNHZmYkE","metadata":{"@type":"type.googleapis.com/google.cloud.functions.v1.OperationMetadataV1","target":"projects/refreshing-website/locations/us-central1/functions/pruneVersionHistory","type":"UPDATE_FUNCTION","request":{"@type":"type.googleapis.com/google.cloud.functions.v1.CloudFunction","name":"projects/refreshing-website/locations/us-central1/functions/pruneVersionHistory","eventTrigger":{"eventType":"google.pubsub.topic.publish","resource":"projects/refreshing-website/topics/firebase-schedule-pruneVersionHistory-us-central1","service":"pubsub.googleapis.com","failurePolicy":{}},"status":"ACTIVE","entryPoint":"pruneVersionHistory","updateTime":"2026-08-10T03:12:38.388Z","versionId":"4","labels":{"deployment-tool":"cli-firebase","deployment-scheduled":"true","firebase-functions-hash":"4d0e9bd4750926bf686d9a2578c78b22796053a7"},"sourceUploadUrl":"https://storage.googleapis.com/uploads-836972235469.us-central1.cloudfunctions.appspot.com/d25e375b-b285-4ae6-92e7-2788b17d669c.zip?GoogleAccessId=service-832093857842@gcf-admin-robot.iam.gserviceaccount.com&Expires=1786333476&Signature=vodKr4jEv8OxG2kgtja5bkjca7lc4oW09Rk0uIElcJWMVvGfHW3uZTtf0Pxaa9GxMn8AMyP29kWMN9T5upIvLBuEwjRBEITXuHhGqefqzbyP995sP%2FwVvGjBen%2FRGzS8u0F12UgYd%2B6vfLlhqyiKHsaJd1XlNcOVZH5%2BKvMKO3A719qEdkg8Tv8sn%2F7n8PLZFCYQBZr53ba2f1Ap6poBC%2F3XWkvGpzx6V1xj%2F7EwWkOE%2Flk24kM%2F9rpvQ2EESgJWOfdwoBhFXmz8XxdR3comtFOtedwxI99qUzVIOU6uhTBZwOGE3LlH8G7NPmspxSBdg1FRMa5CjozRjP1w4n7c4A%3D%3D","environmentVariables":{"FIREBASE_CONFIG":"{\"projectId\":\"refreshing-website\",\"storageBucket\":\"refreshing-website.firebasestorage.app\"}","GCLOUD_PROJECT":"refreshing-website","EVENTARC_CLOUD_EVENT_SOURCE":"projects/refreshing-website/locations/us-central1/functions/pruneVersionHistory"},"runtime":"nodejs20","buildId":"f5832f40-26c0-49b5-a0eb-5b522922e509","buildEnvironmentVariables":{"GOOGLE_NODE_RUN_SCRIPTS":""},"sourceToken":"34a41cb0-eee3-467d-a60b-d9de6c7ee8e3","buildName":"projects/832093857842/locations/us-central1/builds/f5832f40-26c0-49b5-a0eb-5b522922e509","dockerRegistry":"ARTIFACT_REGISTRY","automaticUpdatePolicy":{},"buildServiceAccount":"projects/refreshing-website/serviceAccounts/832093857842-compute@developer.gserviceaccount.com"},"versionId":"5","updateTime":"2026-08-10T03:15:28Z","buildId":"8396bccd-d1fd-4519-bbd2-33cc12b1fb18","sourceToken":"34a41cb0-eee3-467d-a60b-d9de6c7ee8e3","buildName":"projects/832093857842/locations/us-central1/builds/8396bccd-d1fd-4519-bbd2-33cc12b1fb18"}}
[2026-08-10T03:15:38.467Z] Got source token 34a41cb0-eee3-467d-a60b-d9de6c7ee8e3 for region us-central1
[2026-08-10T03:15:38.494Z] <<< [apiv2][status] GET https://cloudfunctions.googleapis.com/v1/operations/cmVmcmVzaGluZy13ZWJzaXRlL3VzLWNlbnRyYWwxL2F1ZGl0QXR0ZW5kZWVzV3JpdGUvdEVIRmgzb1o4TDg 200
[2026-08-10T03:15:38.494Z] <<< [apiv2][body] GET https://cloudfunctions.googleapis.com/v1/operations/cmVmcmVzaGluZy13ZWJzaXRlL3VzLWNlbnRyYWwxL2F1ZGl0QXR0ZW5kZWVzV3JpdGUvdEVIRmgzb1o4TDg {"name":"operations/cmVmcmVzaGluZy13ZWJzaXRlL3VzLWNlbnRyYWwxL2F1ZGl0QXR0ZW5kZWVzV3JpdGUvdEVIRmgzb1o4TDg","metadata":{"@type":"type.googleapis.com/google.cloud.functions.v1.OperationMetadataV1","target":"projects/refreshing-website/locations/us-central1/functions/auditAttendeesWrite","type":"UPDATE_FUNCTION","request":{"@type":"type.googleapis.com/google.cloud.functions.v1.CloudFunction","name":"projects/refreshing-website/locations/us-central1/functions/auditAttendeesWrite","eventTrigger":{"eventType":"providers/cloud.firestore/eventTypes/document.write","resource":"projects/refreshing-website/databases/(default)/documents/events/{eventId}/attendees/{attendeeId}","service":"firestore.googleapis.com"},"status":"ACTIVE","entryPoint":"auditAttendeesWrite","updateTime":"2026-08-10T03:12:35.311Z","versionId":"4","labels":{"deployment-tool":"cli-firebase","firebase-functions-hash":"4d0e9bd4750926bf686d9a2578c78b22796053a7"},"sourceUploadUrl":"https://storage.googleapis.com/uploads-836972235469.us-central1.cloudfunctions.appspot.com/d25e375b-b285-4ae6-92e7-2788b17d669c.zip?GoogleAccessId=service-832093857842@gcf-admin-robot.iam.gserviceaccount.com&Expires=1786333476&Signature=vodKr4jEv8OxG2kgtja5bkjca7lc4oW09Rk0uIElcJWMVvGfHW3uZTtf0Pxaa9GxMn8AMyP29kWMN9T5upIvLBuEwjRBEITXuHhGqefqzbyP995sP%2FwVvGjBen%2FRGzS8u0F12UgYd%2B6vfLlhqyiKHsaJd1XlNcOVZH5%2BKvMKO3A719qEdkg8Tv8sn%2F7n8PLZFCYQBZr53ba2f1Ap6poBC%2F3XWkvGpzx6V1xj%2F7EwWkOE%2Flk24kM%2F9rpvQ2EESgJWOfdwoBhFXmz8XxdR3comtFOtedwxI99qUzVIOU6uhTBZwOGE3LlH8G7NPmspxSBdg1FRMa5CjozRjP1w4n7c4A%3D%3D","environmentVariables":{"FIREBASE_CONFIG":"{\"projectId\":\"refreshing-website\",\"storageBucket\":\"refreshing-website.firebasestorage.app\"}","GCLOUD_PROJECT":"refreshing-website","EVENTARC_CLOUD_EVENT_SOURCE":"projects/refreshing-website/locations/us-central1/functions/auditAttendeesWrite"},"runtime":"nodejs20","buildId":"f5832f40-26c0-49b5-a0eb-5b522922e509","buildEnvironmentVariables":{"GOOGLE_NODE_RUN_SCRIPTS":""},"sourceToken":"34a41cb0-eee3-467d-a60b-d9de6c7ee8e3","buildName":"projects/832093857842/locations/us-central1/builds/f5832f40-26c0-49b5-a0eb-5b522922e509","dockerRegistry":"ARTIFACT_REGISTRY","automaticUpdatePolicy":{},"buildServiceAccount":"projects/refreshing-website/serviceAccounts/832093857842-compute@developer.gserviceaccount.com"},"versionId":"5","updateTime":"2026-08-10T03:15:28Z","buildId":"8396bccd-d1fd-4519-bbd2-33cc12b1fb18","sourceToken":"34a41cb0-eee3-467d-a60b-d9de6c7ee8e3","buildName":"projects/832093857842/locations/us-central1/builds/8396bccd-d1fd-4519-bbd2-33cc12b1fb18"}}
[2026-08-10T03:15:38.494Z] Got source token 34a41cb0-eee3-467d-a60b-d9de6c7ee8e3 for region us-central1
[2026-08-10T03:15:38.496Z] <<< [apiv2][status] GET https://cloudfunctions.googleapis.com/v1/operations/cmVmcmVzaGluZy13ZWJzaXRlL3VzLWNlbnRyYWwxL3VuZG9DaGVja0luL0E0ckIyRFREX0ln 200
[2026-08-10T03:15:38.496Z] <<< [apiv2][body] GET https://cloudfunctions.googleapis.com/v1/operations/cmVmcmVzaGluZy13ZWJzaXRlL3VzLWNlbnRyYWwxL3VuZG9DaGVja0luL0E0ckIyRFREX0ln {"name":"operations/cmVmcmVzaGluZy13ZWJzaXRlL3VzLWNlbnRyYWwxL3VuZG9DaGVja0luL0E0ckIyRFREX0ln","metadata":{"@type":"type.googleapis.com/google.cloud.functions.v1.OperationMetadataV1","target":"projects/refreshing-website/locations/us-central1/functions/undoCheckIn","type":"UPDATE_FUNCTION","request":{"@type":"type.googleapis.com/google.cloud.functions.v1.CloudFunction","name":"projects/refreshing-website/locations/us-central1/functions/undoCheckIn","httpsTrigger":{"url":"https://us-central1-refreshing-website.cloudfunctions.net/undoCheckIn","securityLevel":"SECURE_ALWAYS"},"status":"ACTIVE","entryPoint":"undoCheckIn","updateTime":"2026-08-10T03:12:41.295Z","versionId":"4","labels":{"deployment-tool":"cli-firebase","deployment-callable":"true","firebase-functions-hash":"4d0e9bd4750926bf686d9a2578c78b22796053a7"},"sourceUploadUrl":"https://storage.googleapis.com/uploads-836972235469.us-central1.cloudfunctions.appspot.com/d25e375b-b285-4ae6-92e7-2788b17d669c.zip?GoogleAccessId=service-832093857842@gcf-admin-robot.iam.gserviceaccount.com&Expires=1786333476&Signature=vodKr4jEv8OxG2kgtja5bkjca7lc4oW09Rk0uIElcJWMVvGfHW3uZTtf0Pxaa9GxMn8AMyP29kWMN9T5upIvLBuEwjRBEITXuHhGqefqzbyP995sP%2FwVvGjBen%2FRGzS8u0F12UgYd%2B6vfLlhqyiKHsaJd1XlNcOVZH5%2BKvMKO3A719qEdkg8Tv8sn%2F7n8PLZFCYQBZr53ba2f1Ap6poBC%2F3XWkvGpzx6V1xj%2F7EwWkOE%2Flk24kM%2F9rpvQ2EESgJWOfdwoBhFXmz8XxdR3comtFOtedwxI99qUzVIOU6uhTBZwOGE3LlH8G7NPmspxSBdg1FRMa5CjozRjP1w4n7c4A%3D%3D","environmentVariables":{"FIREBASE_CONFIG":"{\"projectId\":\"refreshing-website\",\"storageBucket\":\"refreshing-website.firebasestorage.app\"}","GCLOUD_PROJECT":"refreshing-website","EVENTARC_CLOUD_EVENT_SOURCE":"projects/refreshing-website/locations/us-central1/functions/undoCheckIn"},"runtime":"nodejs20","buildId":"f5832f40-26c0-49b5-a0eb-5b522922e509","buildEnvironmentVariables":{"GOOGLE_NODE_RUN_SCRIPTS":""},"sourceToken":"34a41cb0-eee3-467d-a60b-d9de6c7ee8e3","buildName":"projects/832093857842/locations/us-central1/builds/f5832f40-26c0-49b5-a0eb-5b522922e509","dockerRegistry":"ARTIFACT_REGISTRY","automaticUpdatePolicy":{},"buildServiceAccount":"projects/refreshing-website/serviceAccounts/832093857842-compute@developer.gserviceaccount.com"},"versionId":"5","updateTime":"2026-08-10T03:15:28Z","buildId":"8396bccd-d1fd-4519-bbd2-33cc12b1fb18","sourceToken":"34a41cb0-eee3-467d-a60b-d9de6c7ee8e3","buildName":"projects/832093857842/locations/us-central1/builds/8396bccd-d1fd-4519-bbd2-33cc12b1fb18"}}
[2026-08-10T03:15:38.497Z] Got source token 34a41cb0-eee3-467d-a60b-d9de6c7ee8e3 for region us-central1
[2026-08-10T03:15:38.503Z] <<< [apiv2][status] GET https://cloudfunctions.googleapis.com/v1/operations/cmVmcmVzaGluZy13ZWJzaXRlL3VzLWNlbnRyYWwxL2F1ZGl0U2Vzc2lvbnNXcml0ZS9ZOHJSeDdXZ0xrUQ 200
[2026-08-10T03:15:38.503Z] <<< [apiv2][body] GET https://cloudfunctions.googleapis.com/v1/operations/cmVmcmVzaGluZy13ZWJzaXRlL3VzLWNlbnRyYWwxL2F1ZGl0U2Vzc2lvbnNXcml0ZS9ZOHJSeDdXZ0xrUQ {"name":"operations/cmVmcmVzaGluZy13ZWJzaXRlL3VzLWNlbnRyYWwxL2F1ZGl0U2Vzc2lvbnNXcml0ZS9ZOHJSeDdXZ0xrUQ","metadata":{"@type":"type.googleapis.com/google.cloud.functions.v1.OperationMetadataV1","target":"projects/refreshing-website/locations/us-central1/functions/auditSessionsWrite","type":"UPDATE_FUNCTION","request":{"@type":"type.googleapis.com/google.cloud.functions.v1.CloudFunction","name":"projects/refreshing-website/locations/us-central1/functions/auditSessionsWrite","eventTrigger":{"eventType":"providers/cloud.firestore/eventTypes/document.write","resource":"projects/refreshing-website/databases/(default)/documents/events/{eventId}/sessions/{sessionId}","service":"firestore.googleapis.com"},"status":"ACTIVE","entryPoint":"auditSessionsWrite","updateTime":"2026-08-10T03:12:38.512Z","versionId":"4","labels":{"deployment-tool":"cli-firebase","firebase-functions-hash":"4d0e9bd4750926bf686d9a2578c78b22796053a7"},"sourceUploadUrl":"https://storage.googleapis.com/uploads-836972235469.us-central1.cloudfunctions.appspot.com/d25e375b-b285-4ae6-92e7-2788b17d669c.zip?GoogleAccessId=service-832093857842@gcf-admin-robot.iam.gserviceaccount.com&Expires=1786333476&Signature=vodKr4jEv8OxG2kgtja5bkjca7lc4oW09Rk0uIElcJWMVvGfHW3uZTtf0Pxaa9GxMn8AMyP29kWMN9T5upIvLBuEwjRBEITXuHhGqefqzbyP995sP%2FwVvGjBen%2FRGzS8u0F12UgYd%2B6vfLlhqyiKHsaJd1XlNcOVZH5%2BKvMKO3A719qEdkg8Tv8sn%2F7n8PLZFCYQBZr53ba2f1Ap6poBC%2F3XWkvGpzx6V1xj%2F7EwWkOE%2Flk24kM%2F9rpvQ2EESgJWOfdwoBhFXmz8XxdR3comtFOtedwxI99qUzVIOU6uhTBZwOGE3LlH8G7NPmspxSBdg1FRMa5CjozRjP1w4n7c4A%3D%3D","environmentVariables":{"FIREBASE_CONFIG":"{\"projectId\":\"refreshing-website\",\"storageBucket\":\"refreshing-website.firebasestorage.app\"}","GCLOUD_PROJECT":"refreshing-website","EVENTARC_CLOUD_EVENT_SOURCE":"projects/refreshing-website/locations/us-central1/functions/auditSessionsWrite"},"runtime":"nodejs20","buildId":"f5832f40-26c0-49b5-a0eb-5b522922e509","buildEnvironmentVariables":{"GOOGLE_NODE_RUN_SCRIPTS":""},"sourceToken":"34a41cb0-eee3-467d-a60b-d9de6c7ee8e3","buildName":"projects/832093857842/locations/us-central1/builds/f5832f40-26c0-49b5-a0eb-5b522922e509","dockerRegistry":"ARTIFACT_REGISTRY","automaticUpdatePolicy":{},"buildServiceAccount":"projects/refreshing-website/serviceAccounts/832093857842-compute@developer.gserviceaccount.com"},"versionId":"5","updateTime":"2026-08-10T03:15:28Z","buildId":"8396bccd-d1fd-4519-bbd2-33cc12b1fb18","sourceToken":"34a41cb0-eee3-467d-a60b-d9de6c7ee8e3","buildName":"projects/832093857842/locations/us-central1/builds/8396bccd-d1fd-4519-bbd2-33cc12b1fb18"}}
[2026-08-10T03:15:38.503Z] Got source token 34a41cb0-eee3-467d-a60b-d9de6c7ee8e3 for region us-central1
[2026-08-10T03:15:38.549Z] <<< [apiv2][status] GET https://cloudfunctions.googleapis.com/v1/operations/cmVmcmVzaGluZy13ZWJzaXRlL3VzLWNlbnRyYWwxL2NyZWF0ZUludml0ZS95N1Fqb1o3TTQ1Yw 200
[2026-08-10T03:15:38.549Z] <<< [apiv2][body] GET https://cloudfunctions.googleapis.com/v1/operations/cmVmcmVzaGluZy13ZWJzaXRlL3VzLWNlbnRyYWwxL2NyZWF0ZUludml0ZS95N1Fqb1o3TTQ1Yw {"name":"operations/cmVmcmVzaGluZy13ZWJzaXRlL3VzLWNlbnRyYWwxL2NyZWF0ZUludml0ZS95N1Fqb1o3TTQ1Yw","metadata":{"@type":"type.googleapis.com/google.cloud.functions.v1.OperationMetadataV1","target":"projects/refreshing-website/locations/us-central1/functions/createInvite","type":"UPDATE_FUNCTION","request":{"@type":"type.googleapis.com/google.cloud.functions.v1.CloudFunction","name":"projects/refreshing-website/locations/us-central1/functions/createInvite","httpsTrigger":{"url":"https://us-central1-refreshing-website.cloudfunctions.net/createInvite","securityLevel":"SECURE_ALWAYS"},"status":"ACTIVE","entryPoint":"createInvite","updateTime":"2026-08-10T03:12:28.857Z","versionId":"5","labels":{"deployment-tool":"cli-firebase","deployment-callable":"true","firebase-functions-hash":"fd8dcf7cb78b07320b04390e661a2227bbaf8243"},"sourceUploadUrl":"https://storage.googleapis.com/uploads-836972235469.us-central1.cloudfunctions.appspot.com/d25e375b-b285-4ae6-92e7-2788b17d669c.zip?GoogleAccessId=service-832093857842@gcf-admin-robot.iam.gserviceaccount.com&Expires=1786333476&Signature=vodKr4jEv8OxG2kgtja5bkjca7lc4oW09Rk0uIElcJWMVvGfHW3uZTtf0Pxaa9GxMn8AMyP29kWMN9T5upIvLBuEwjRBEITXuHhGqefqzbyP995sP%2FwVvGjBen%2FRGzS8u0F12UgYd%2B6vfLlhqyiKHsaJd1XlNcOVZH5%2BKvMKO3A719qEdkg8Tv8sn%2F7n8PLZFCYQBZr53ba2f1Ap6poBC%2F3XWkvGpzx6V1xj%2F7EwWkOE%2Flk24kM%2F9rpvQ2EESgJWOfdwoBhFXmz8XxdR3comtFOtedwxI99qUzVIOU6uhTBZwOGE3LlH8G7NPmspxSBdg1FRMa5CjozRjP1w4n7c4A%3D%3D","environmentVariables":{"FIREBASE_CONFIG":"{\"projectId\":\"refreshing-website\",\"storageBucket\":\"refreshing-website.firebasestorage.app\"}","GCLOUD_PROJECT":"refreshing-website","EVENTARC_CLOUD_EVENT_SOURCE":"projects/refreshing-website/locations/us-central1/functions/createInvite"},"runtime":"nodejs20","buildId":"f5832f40-26c0-49b5-a0eb-5b522922e509","buildEnvironmentVariables":{"GOOGLE_NODE_RUN_SCRIPTS":""},"secretEnvironmentVariables":[{"key":"EMAIL_API_KEY","projectId":"refreshing-website","secret":"EMAIL_API_KEY","version":"1"}],"buildName":"projects/832093857842/locations/us-central1/builds/f5832f40-26c0-49b5-a0eb-5b522922e509","dockerRegistry":"ARTIFACT_REGISTRY","automaticUpdatePolicy":{},"buildServiceAccount":"projects/refreshing-website/serviceAccounts/832093857842-compute@developer.gserviceaccount.com"},"versionId":"6","updateTime":"2026-08-10T03:14:38Z","buildId":"8396bccd-d1fd-4519-bbd2-33cc12b1fb18","sourceToken":"34a41cb0-eee3-467d-a60b-d9de6c7ee8e3","buildName":"projects/832093857842/locations/us-central1/builds/8396bccd-d1fd-4519-bbd2-33cc12b1fb18"}}
[2026-08-10T03:15:38.550Z] Got source token 34a41cb0-eee3-467d-a60b-d9de6c7ee8e3 for region us-central1
[2026-08-10T03:15:46.061Z] [update-default-us-central1-acceptInvite] Retrying task index 0
[2026-08-10T03:15:46.061Z] Checked if tokens are valid: true, expires at: 1786334449855
[2026-08-10T03:15:46.061Z] Checked if tokens are valid: true, expires at: 1786334449855
[2026-08-10T03:15:46.061Z] >>> [apiv2][query] GET https://cloudfunctions.googleapis.com/v1/operations/cmVmcmVzaGluZy13ZWJzaXRlL3VzLWNlbnRyYWwxL2FjY2VwdEludml0ZS9oeWo4Q1MxbTh0UQ [none]
[2026-08-10T03:15:46.270Z] [update-default-us-central1-syncCheckinView] Retrying task index 0
[2026-08-10T03:15:46.271Z] Checked if tokens are valid: true, expires at: 1786334449855
[2026-08-10T03:15:46.271Z] Checked if tokens are valid: true, expires at: 1786334449855
[2026-08-10T03:15:46.271Z] >>> [apiv2][query] GET https://cloudfunctions.googleapis.com/v1/operations/cmVmcmVzaGluZy13ZWJzaXRlL3VzLWNlbnRyYWwxL3N5bmNDaGVja2luVmlldy9uQTM1UGJGYXpiZw [none]
[2026-08-10T03:15:46.320Z] [update-default-us-central1-provisionAdminAccount] Retrying task index 0
[2026-08-10T03:15:46.320Z] Checked if tokens are valid: true, expires at: 1786334449855
[2026-08-10T03:15:46.321Z] Checked if tokens are valid: true, expires at: 1786334449855
[2026-08-10T03:15:46.321Z] >>> [apiv2][query] GET https://cloudfunctions.googleapis.com/v1/operations/cmVmcmVzaGluZy13ZWJzaXRlL3VzLWNlbnRyYWwxL3Byb3Zpc2lvbkFkbWluQWNjb3VudC91cXEwUGxIRm5Fdw [none]
[2026-08-10T03:15:46.328Z] [update-default-us-central1-auditMinistersWrite] Retrying task index 0
[2026-08-10T03:15:46.329Z] Checked if tokens are valid: true, expires at: 1786334449855
[2026-08-10T03:15:46.329Z] Checked if tokens are valid: true, expires at: 1786334449855
[2026-08-10T03:15:46.329Z] >>> [apiv2][query] GET https://cloudfunctions.googleapis.com/v1/operations/cmVmcmVzaGluZy13ZWJzaXRlL3VzLWNlbnRyYWwxL2F1ZGl0TWluaXN0ZXJzV3JpdGUvWlg4VjVGREpJUW8 [none]
[2026-08-10T03:15:46.376Z] [update-default-us-central1-purgeTrash] Retrying task index 0
[2026-08-10T03:15:46.376Z] Checked if tokens are valid: true, expires at: 1786334449855
[2026-08-10T03:15:46.376Z] Checked if tokens are valid: true, expires at: 1786334449855
[2026-08-10T03:15:46.376Z] >>> [apiv2][query] GET https://cloudfunctions.googleapis.com/v1/operations/cmVmcmVzaGluZy13ZWJzaXRlL3VzLWNlbnRyYWwxL3B1cmdlVHJhc2gvV3p6OXBZZlQtVDg [none]
[2026-08-10T03:15:46.381Z] [update-default-us-central1-setUserRole] Retrying task index 0
[2026-08-10T03:15:46.381Z] Checked if tokens are valid: true, expires at: 1786334449855
[2026-08-10T03:15:46.381Z] Checked if tokens are valid: true, expires at: 1786334449855
[2026-08-10T03:15:46.382Z] >>> [apiv2][query] GET https://cloudfunctions.googleapis.com/v1/operations/cmVmcmVzaGluZy13ZWJzaXRlL3VzLWNlbnRyYWwxL3NldFVzZXJSb2xlL0tBQlBSWWt4aFJj [none]
[2026-08-10T03:15:46.400Z] [update-default-us-central1-markCheckedIn] Retrying task index 0
[2026-08-10T03:15:46.400Z] Checked if tokens are valid: true, expires at: 1786334449855
[2026-08-10T03:15:46.400Z] Checked if tokens are valid: true, expires at: 1786334449855
[2026-08-10T03:15:46.400Z] >>> [apiv2][query] GET https://cloudfunctions.googleapis.com/v1/operations/cmVmcmVzaGluZy13ZWJzaXRlL3VzLWNlbnRyYWwxL21hcmtDaGVja2VkSW4vdUJkcW51U2xPSjA [none]
[2026-08-10T03:15:46.423Z] [update-default-us-central1-revokeUserAccess] Retrying task index 0
[2026-08-10T03:15:46.423Z] Checked if tokens are valid: true, expires at: 1786334449855
[2026-08-10T03:15:46.423Z] Checked if tokens are valid: true, expires at: 1786334449855
[2026-08-10T03:15:46.424Z] >>> [apiv2][query] GET https://cloudfunctions.googleapis.com/v1/operations/cmVmcmVzaGluZy13ZWJzaXRlL3VzLWNlbnRyYWwxL3Jldm9rZVVzZXJBY2Nlc3MvOFVjcEI3M05NdTQ [none]
[2026-08-10T03:15:46.468Z] [update-default-us-central1-pruneVersionHistory] Retrying task index 0
[2026-08-10T03:15:46.469Z] Checked if tokens are valid: true, expires at: 1786334449855
[2026-08-10T03:15:46.469Z] Checked if tokens are valid: true, expires at: 1786334449855
[2026-08-10T03:15:46.469Z] >>> [apiv2][query] GET https://cloudfunctions.googleapis.com/v1/operations/cmVmcmVzaGluZy13ZWJzaXRlL3VzLWNlbnRyYWwxL3BydW5lVmVyc2lvbkhpc3RvcnkvY1JoNlZvNHZmYkE [none]
[2026-08-10T03:15:46.504Z] [update-default-us-central1-auditAttendeesWrite] Retrying task index 0
[2026-08-10T03:15:46.505Z] Checked if tokens are valid: true, expires at: 1786334449855
[2026-08-10T03:15:46.505Z] Checked if tokens are valid: true, expires at: 1786334449855
[2026-08-10T03:15:46.505Z] >>> [apiv2][query] GET https://cloudfunctions.googleapis.com/v1/operations/cmVmcmVzaGluZy13ZWJzaXRlL3VzLWNlbnRyYWwxL2F1ZGl0QXR0ZW5kZWVzV3JpdGUvdEVIRmgzb1o4TDg [none]
[2026-08-10T03:15:46.511Z] [update-default-us-central1-undoCheckIn] Retrying task index 0
[2026-08-10T03:15:46.511Z] Checked if tokens are valid: true, expires at: 1786334449855
[2026-08-10T03:15:46.512Z] Checked if tokens are valid: true, expires at: 1786334449855
[2026-08-10T03:15:46.512Z] >>> [apiv2][query] GET https://cloudfunctions.googleapis.com/v1/operations/cmVmcmVzaGluZy13ZWJzaXRlL3VzLWNlbnRyYWwxL3VuZG9DaGVja0luL0E0ckIyRFREX0ln [none]
[2026-08-10T03:15:46.516Z] [update-default-us-central1-auditSessionsWrite] Retrying task index 0
[2026-08-10T03:15:46.516Z] Checked if tokens are valid: true, expires at: 1786334449855
[2026-08-10T03:15:46.516Z] Checked if tokens are valid: true, expires at: 1786334449855
[2026-08-10T03:15:46.516Z] >>> [apiv2][query] GET https://cloudfunctions.googleapis.com/v1/operations/cmVmcmVzaGluZy13ZWJzaXRlL3VzLWNlbnRyYWwxL2F1ZGl0U2Vzc2lvbnNXcml0ZS9ZOHJSeDdXZ0xrUQ [none]
[2026-08-10T03:15:46.543Z] <<< [apiv2][status] GET https://cloudfunctions.googleapis.com/v1/operations/cmVmcmVzaGluZy13ZWJzaXRlL3VzLWNlbnRyYWwxL2FjY2VwdEludml0ZS9oeWo4Q1MxbTh0UQ 200
[2026-08-10T03:15:46.544Z] <<< [apiv2][body] GET https://cloudfunctions.googleapis.com/v1/operations/cmVmcmVzaGluZy13ZWJzaXRlL3VzLWNlbnRyYWwxL2FjY2VwdEludml0ZS9oeWo4Q1MxbTh0UQ {"name":"operations/cmVmcmVzaGluZy13ZWJzaXRlL3VzLWNlbnRyYWwxL2FjY2VwdEludml0ZS9oeWo4Q1MxbTh0UQ","metadata":{"@type":"type.googleapis.com/google.cloud.functions.v1.OperationMetadataV1","target":"projects/refreshing-website/locations/us-central1/functions/acceptInvite","type":"UPDATE_FUNCTION","request":{"@type":"type.googleapis.com/google.cloud.functions.v1.CloudFunction","name":"projects/refreshing-website/locations/us-central1/functions/acceptInvite","httpsTrigger":{"url":"https://us-central1-refreshing-website.cloudfunctions.net/acceptInvite","securityLevel":"SECURE_ALWAYS"},"status":"ACTIVE","entryPoint":"acceptInvite","updateTime":"2026-08-10T03:12:39.067Z","versionId":"4","labels":{"deployment-tool":"cli-firebase","deployment-callable":"true","firebase-functions-hash":"4d0e9bd4750926bf686d9a2578c78b22796053a7"},"sourceUploadUrl":"https://storage.googleapis.com/uploads-836972235469.us-central1.cloudfunctions.appspot.com/d25e375b-b285-4ae6-92e7-2788b17d669c.zip?GoogleAccessId=service-832093857842@gcf-admin-robot.iam.gserviceaccount.com&Expires=1786333476&Signature=vodKr4jEv8OxG2kgtja5bkjca7lc4oW09Rk0uIElcJWMVvGfHW3uZTtf0Pxaa9GxMn8AMyP29kWMN9T5upIvLBuEwjRBEITXuHhGqefqzbyP995sP%2FwVvGjBen%2FRGzS8u0F12UgYd%2B6vfLlhqyiKHsaJd1XlNcOVZH5%2BKvMKO3A719qEdkg8Tv8sn%2F7n8PLZFCYQBZr53ba2f1Ap6poBC%2F3XWkvGpzx6V1xj%2F7EwWkOE%2Flk24kM%2F9rpvQ2EESgJWOfdwoBhFXmz8XxdR3comtFOtedwxI99qUzVIOU6uhTBZwOGE3LlH8G7NPmspxSBdg1FRMa5CjozRjP1w4n7c4A%3D%3D","environmentVariables":{"FIREBASE_CONFIG":"{\"projectId\":\"refreshing-website\",\"storageBucket\":\"refreshing-website.firebasestorage.app\"}","GCLOUD_PROJECT":"refreshing-website","EVENTARC_CLOUD_EVENT_SOURCE":"projects/refreshing-website/locations/us-central1/functions/acceptInvite"},"runtime":"nodejs20","buildId":"f5832f40-26c0-49b5-a0eb-5b522922e509","buildEnvironmentVariables":{"GOOGLE_NODE_RUN_SCRIPTS":""},"sourceToken":"34a41cb0-eee3-467d-a60b-d9de6c7ee8e3","buildName":"projects/832093857842/locations/us-central1/builds/f5832f40-26c0-49b5-a0eb-5b522922e509","dockerRegistry":"ARTIFACT_REGISTRY","automaticUpdatePolicy":{},"buildServiceAccount":"projects/refreshing-website/serviceAccounts/832093857842-compute@developer.gserviceaccount.com"},"versionId":"5","updateTime":"2026-08-10T03:15:28Z","buildId":"8396bccd-d1fd-4519-bbd2-33cc12b1fb18","sourceToken":"34a41cb0-eee3-467d-a60b-d9de6c7ee8e3","buildName":"projects/832093857842/locations/us-central1/builds/8396bccd-d1fd-4519-bbd2-33cc12b1fb18"}}
[2026-08-10T03:15:46.544Z] Got source token 34a41cb0-eee3-467d-a60b-d9de6c7ee8e3 for region us-central1
[2026-08-10T03:15:46.713Z] <<< [apiv2][status] GET https://cloudfunctions.googleapis.com/v1/operations/cmVmcmVzaGluZy13ZWJzaXRlL3VzLWNlbnRyYWwxL3N5bmNDaGVja2luVmlldy9uQTM1UGJGYXpiZw 200
[2026-08-10T03:15:46.714Z] <<< [apiv2][body] GET https://cloudfunctions.googleapis.com/v1/operations/cmVmcmVzaGluZy13ZWJzaXRlL3VzLWNlbnRyYWwxL3N5bmNDaGVja2luVmlldy9uQTM1UGJGYXpiZw {"name":"operations/cmVmcmVzaGluZy13ZWJzaXRlL3VzLWNlbnRyYWwxL3N5bmNDaGVja2luVmlldy9uQTM1UGJGYXpiZw","metadata":{"@type":"type.googleapis.com/google.cloud.functions.v1.OperationMetadataV1","target":"projects/refreshing-website/locations/us-central1/functions/syncCheckinView","type":"UPDATE_FUNCTION","request":{"@type":"type.googleapis.com/google.cloud.functions.v1.CloudFunction","name":"projects/refreshing-website/locations/us-central1/functions/syncCheckinView","eventTrigger":{"eventType":"providers/cloud.firestore/eventTypes/document.write","resource":"projects/refreshing-website/databases/(default)/documents/events/{eventId}/attendees/{attendeeId}","service":"firestore.googleapis.com"},"status":"ACTIVE","entryPoint":"syncCheckinView","updateTime":"2026-08-10T03:12:40.842Z","versionId":"4","labels":{"deployment-tool":"cli-firebase","firebase-functions-hash":"4d0e9bd4750926bf686d9a2578c78b22796053a7"},"sourceUploadUrl":"https://storage.googleapis.com/uploads-836972235469.us-central1.cloudfunctions.appspot.com/d25e375b-b285-4ae6-92e7-2788b17d669c.zip?GoogleAccessId=service-832093857842@gcf-admin-robot.iam.gserviceaccount.com&Expires=1786333476&Signature=vodKr4jEv8OxG2kgtja5bkjca7lc4oW09Rk0uIElcJWMVvGfHW3uZTtf0Pxaa9GxMn8AMyP29kWMN9T5upIvLBuEwjRBEITXuHhGqefqzbyP995sP%2FwVvGjBen%2FRGzS8u0F12UgYd%2B6vfLlhqyiKHsaJd1XlNcOVZH5%2BKvMKO3A719qEdkg8Tv8sn%2F7n8PLZFCYQBZr53ba2f1Ap6poBC%2F3XWkvGpzx6V1xj%2F7EwWkOE%2Flk24kM%2F9rpvQ2EESgJWOfdwoBhFXmz8XxdR3comtFOtedwxI99qUzVIOU6uhTBZwOGE3LlH8G7NPmspxSBdg1FRMa5CjozRjP1w4n7c4A%3D%3D","environmentVariables":{"FIREBASE_CONFIG":"{\"projectId\":\"refreshing-website\",\"storageBucket\":\"refreshing-website.firebasestorage.app\"}","GCLOUD_PROJECT":"refreshing-website","EVENTARC_CLOUD_EVENT_SOURCE":"projects/refreshing-website/locations/us-central1/functions/syncCheckinView"},"runtime":"nodejs20","buildId":"f5832f40-26c0-49b5-a0eb-5b522922e509","buildEnvironmentVariables":{"GOOGLE_NODE_RUN_SCRIPTS":""},"sourceToken":"34a41cb0-eee3-467d-a60b-d9de6c7ee8e3","buildName":"projects/832093857842/locations/us-central1/builds/f5832f40-26c0-49b5-a0eb-5b522922e509","dockerRegistry":"ARTIFACT_REGISTRY","automaticUpdatePolicy":{},"buildServiceAccount":"projects/refreshing-website/serviceAccounts/832093857842-compute@developer.gserviceaccount.com"},"versionId":"5","updateTime":"2026-08-10T03:15:28Z","buildId":"8396bccd-d1fd-4519-bbd2-33cc12b1fb18","sourceToken":"34a41cb0-eee3-467d-a60b-d9de6c7ee8e3","buildName":"projects/832093857842/locations/us-central1/builds/8396bccd-d1fd-4519-bbd2-33cc12b1fb18"}}
[2026-08-10T03:15:46.714Z] Got source token 34a41cb0-eee3-467d-a60b-d9de6c7ee8e3 for region us-central1
[2026-08-10T03:15:46.777Z] <<< [apiv2][status] GET https://cloudfunctions.googleapis.com/v1/operations/cmVmcmVzaGluZy13ZWJzaXRlL3VzLWNlbnRyYWwxL2F1ZGl0TWluaXN0ZXJzV3JpdGUvWlg4VjVGREpJUW8 200
[2026-08-10T03:15:46.778Z] <<< [apiv2][body] GET https://cloudfunctions.googleapis.com/v1/operations/cmVmcmVzaGluZy13ZWJzaXRlL3VzLWNlbnRyYWwxL2F1ZGl0TWluaXN0ZXJzV3JpdGUvWlg4VjVGREpJUW8 {"name":"operations/cmVmcmVzaGluZy13ZWJzaXRlL3VzLWNlbnRyYWwxL2F1ZGl0TWluaXN0ZXJzV3JpdGUvWlg4VjVGREpJUW8","metadata":{"@type":"type.googleapis.com/google.cloud.functions.v1.OperationMetadataV1","target":"projects/refreshing-website/locations/us-central1/functions/auditMinistersWrite","type":"UPDATE_FUNCTION","request":{"@type":"type.googleapis.com/google.cloud.functions.v1.CloudFunction","name":"projects/refreshing-website/locations/us-central1/functions/auditMinistersWrite","eventTrigger":{"eventType":"providers/cloud.firestore/eventTypes/document.write","resource":"projects/refreshing-website/databases/(default)/documents/events/{eventId}/ministers/{ministerId}","service":"firestore.googleapis.com"},"status":"ACTIVE","entryPoint":"auditMinistersWrite","updateTime":"2026-08-10T03:12:38.944Z","versionId":"4","labels":{"deployment-tool":"cli-firebase","firebase-functions-hash":"4d0e9bd4750926bf686d9a2578c78b22796053a7"},"sourceUploadUrl":"https://storage.googleapis.com/uploads-836972235469.us-central1.cloudfunctions.appspot.com/d25e375b-b285-4ae6-92e7-2788b17d669c.zip?GoogleAccessId=service-832093857842@gcf-admin-robot.iam.gserviceaccount.com&Expires=1786333476&Signature=vodKr4jEv8OxG2kgtja5bkjca7lc4oW09Rk0uIElcJWMVvGfHW3uZTtf0Pxaa9GxMn8AMyP29kWMN9T5upIvLBuEwjRBEITXuHhGqefqzbyP995sP%2FwVvGjBen%2FRGzS8u0F12UgYd%2B6vfLlhqyiKHsaJd1XlNcOVZH5%2BKvMKO3A719qEdkg8Tv8sn%2F7n8PLZFCYQBZr53ba2f1Ap6poBC%2F3XWkvGpzx6V1xj%2F7EwWkOE%2Flk24kM%2F9rpvQ2EESgJWOfdwoBhFXmz8XxdR3comtFOtedwxI99qUzVIOU6uhTBZwOGE3LlH8G7NPmspxSBdg1FRMa5CjozRjP1w4n7c4A%3D%3D","environmentVariables":{"FIREBASE_CONFIG":"{\"projectId\":\"refreshing-website\",\"storageBucket\":\"refreshing-website.firebasestorage.app\"}","GCLOUD_PROJECT":"refreshing-website","EVENTARC_CLOUD_EVENT_SOURCE":"projects/refreshing-website/locations/us-central1/functions/auditMinistersWrite"},"runtime":"nodejs20","buildId":"f5832f40-26c0-49b5-a0eb-5b522922e509","buildEnvironmentVariables":{"GOOGLE_NODE_RUN_SCRIPTS":""},"sourceToken":"34a41cb0-eee3-467d-a60b-d9de6c7ee8e3","buildName":"projects/832093857842/locations/us-central1/builds/f5832f40-26c0-49b5-a0eb-5b522922e509","dockerRegistry":"ARTIFACT_REGISTRY","automaticUpdatePolicy":{},"buildServiceAccount":"projects/refreshing-website/serviceAccounts/832093857842-compute@developer.gserviceaccount.com"},"versionId":"5","updateTime":"2026-08-10T03:15:28Z","buildId":"8396bccd-d1fd-4519-bbd2-33cc12b1fb18","sourceToken":"34a41cb0-eee3-467d-a60b-d9de6c7ee8e3","buildName":"projects/832093857842/locations/us-central1/builds/8396bccd-d1fd-4519-bbd2-33cc12b1fb18"}}
[2026-08-10T03:15:46.778Z] Got source token 34a41cb0-eee3-467d-a60b-d9de6c7ee8e3 for region us-central1
[2026-08-10T03:15:46.819Z] <<< [apiv2][status] GET https://cloudfunctions.googleapis.com/v1/operations/cmVmcmVzaGluZy13ZWJzaXRlL3VzLWNlbnRyYWwxL3NldFVzZXJSb2xlL0tBQlBSWWt4aFJj 200
[2026-08-10T03:15:46.819Z] <<< [apiv2][body] GET https://cloudfunctions.googleapis.com/v1/operations/cmVmcmVzaGluZy13ZWJzaXRlL3VzLWNlbnRyYWwxL3NldFVzZXJSb2xlL0tBQlBSWWt4aFJj {"name":"operations/cmVmcmVzaGluZy13ZWJzaXRlL3VzLWNlbnRyYWwxL3NldFVzZXJSb2xlL0tBQlBSWWt4aFJj","metadata":{"@type":"type.googleapis.com/google.cloud.functions.v1.OperationMetadataV1","target":"projects/refreshing-website/locations/us-central1/functions/setUserRole","type":"UPDATE_FUNCTION","request":{"@type":"type.googleapis.com/google.cloud.functions.v1.CloudFunction","name":"projects/refreshing-website/locations/us-central1/functions/setUserRole","httpsTrigger":{"url":"https://us-central1-refreshing-website.cloudfunctions.net/setUserRole","securityLevel":"SECURE_ALWAYS"},"status":"ACTIVE","entryPoint":"setUserRole","updateTime":"2026-08-10T03:12:36.232Z","versionId":"4","labels":{"deployment-tool":"cli-firebase","deployment-callable":"true","firebase-functions-hash":"4d0e9bd4750926bf686d9a2578c78b22796053a7"},"sourceUploadUrl":"https://storage.googleapis.com/uploads-836972235469.us-central1.cloudfunctions.appspot.com/d25e375b-b285-4ae6-92e7-2788b17d669c.zip?GoogleAccessId=service-832093857842@gcf-admin-robot.iam.gserviceaccount.com&Expires=1786333476&Signature=vodKr4jEv8OxG2kgtja5bkjca7lc4oW09Rk0uIElcJWMVvGfHW3uZTtf0Pxaa9GxMn8AMyP29kWMN9T5upIvLBuEwjRBEITXuHhGqefqzbyP995sP%2FwVvGjBen%2FRGzS8u0F12UgYd%2B6vfLlhqyiKHsaJd1XlNcOVZH5%2BKvMKO3A719qEdkg8Tv8sn%2F7n8PLZFCYQBZr53ba2f1Ap6poBC%2F3XWkvGpzx6V1xj%2F7EwWkOE%2Flk24kM%2F9rpvQ2EESgJWOfdwoBhFXmz8XxdR3comtFOtedwxI99qUzVIOU6uhTBZwOGE3LlH8G7NPmspxSBdg1FRMa5CjozRjP1w4n7c4A%3D%3D","environmentVariables":{"FIREBASE_CONFIG":"{\"projectId\":\"refreshing-website\",\"storageBucket\":\"refreshing-website.firebasestorage.app\"}","GCLOUD_PROJECT":"refreshing-website","EVENTARC_CLOUD_EVENT_SOURCE":"projects/refreshing-website/locations/us-central1/functions/setUserRole"},"runtime":"nodejs20","buildId":"f5832f40-26c0-49b5-a0eb-5b522922e509","buildEnvironmentVariables":{"GOOGLE_NODE_RUN_SCRIPTS":""},"sourceToken":"34a41cb0-eee3-467d-a60b-d9de6c7ee8e3","buildName":"projects/832093857842/locations/us-central1/builds/f5832f40-26c0-49b5-a0eb-5b522922e509","dockerRegistry":"ARTIFACT_REGISTRY","automaticUpdatePolicy":{},"buildServiceAccount":"projects/refreshing-website/serviceAccounts/832093857842-compute@developer.gserviceaccount.com"},"versionId":"5","updateTime":"2026-08-10T03:15:42Z","buildId":"8396bccd-d1fd-4519-bbd2-33cc12b1fb18","sourceToken":"34a41cb0-eee3-467d-a60b-d9de6c7ee8e3","buildName":"projects/832093857842/locations/us-central1/builds/8396bccd-d1fd-4519-bbd2-33cc12b1fb18"},"done":true,"response":{"@type":"type.googleapis.com/google.cloud.functions.v1.CloudFunction","name":"projects/refreshing-website/locations/us-central1/functions/setUserRole","httpsTrigger":{"url":"https://us-central1-refreshing-website.cloudfunctions.net/setUserRole","securityLevel":"SECURE_ALWAYS"},"status":"ACTIVE","entryPoint":"setUserRole","timeout":"60s","availableMemoryMb":256,"serviceAccountEmail":"refreshing-website@appspot.gserviceaccount.com","updateTime":"2026-08-10T03:15:42.163Z","versionId":"5","labels":{"deployment-tool":"cli-firebase","deployment-callable":"true","firebase-functions-hash":"4d0e9bd4750926bf686d9a2578c78b22796053a7"},"sourceUploadUrl":"https://storage.googleapis.com/uploads-836972235469.us-central1.cloudfunctions.appspot.com/d25e375b-b285-4ae6-92e7-2788b17d669c.zip","environmentVariables":{"FIREBASE_CONFIG":"{\"projectId\":\"refreshing-website\",\"storageBucket\":\"refreshing-website.firebasestorage.app\"}","GCLOUD_PROJECT":"refreshing-website","EVENTARC_CLOUD_EVENT_SOURCE":"projects/refreshing-website/locations/us-central1/functions/setUserRole"},"runtime":"nodejs20","ingressSettings":"ALLOW_ALL","buildId":"8396bccd-d1fd-4519-bbd2-33cc12b1fb18","buildEnvironmentVariables":{"GOOGLE_NODE_RUN_SCRIPTS":""},"buildName":"projects/832093857842/locations/us-central1/builds/8396bccd-d1fd-4519-bbd2-33cc12b1fb18","dockerRegistry":"ARTIFACT_REGISTRY","automaticUpdatePolicy":{},"buildServiceAccount":"projects/refreshing-website/serviceAccounts/832093857842-compute@developer.gserviceaccount.com"}}
[2026-08-10T03:15:46.820Z] Got source token 34a41cb0-eee3-467d-a60b-d9de6c7ee8e3 for region us-central1
+  functions[setUserRole(us-central1)] Successful update operation. 
[2026-08-10T03:15:46.821Z] <<< [apiv2][status] GET https://cloudfunctions.googleapis.com/v1/operations/cmVmcmVzaGluZy13ZWJzaXRlL3VzLWNlbnRyYWwxL3Byb3Zpc2lvbkFkbWluQWNjb3VudC91cXEwUGxIRm5Fdw 200
[2026-08-10T03:15:46.822Z] <<< [apiv2][body] GET https://cloudfunctions.googleapis.com/v1/operations/cmVmcmVzaGluZy13ZWJzaXRlL3VzLWNlbnRyYWwxL3Byb3Zpc2lvbkFkbWluQWNjb3VudC91cXEwUGxIRm5Fdw {"name":"operations/cmVmcmVzaGluZy13ZWJzaXRlL3VzLWNlbnRyYWwxL3Byb3Zpc2lvbkFkbWluQWNjb3VudC91cXEwUGxIRm5Fdw","metadata":{"@type":"type.googleapis.com/google.cloud.functions.v1.OperationMetadataV1","target":"projects/refreshing-website/locations/us-central1/functions/provisionAdminAccount","type":"UPDATE_FUNCTION","request":{"@type":"type.googleapis.com/google.cloud.functions.v1.CloudFunction","name":"projects/refreshing-website/locations/us-central1/functions/provisionAdminAccount","httpsTrigger":{"url":"https://us-central1-refreshing-website.cloudfunctions.net/provisionAdminAccount","securityLevel":"SECURE_ALWAYS"},"status":"ACTIVE","entryPoint":"provisionAdminAccount","updateTime":"2026-08-10T03:12:35.356Z","versionId":"4","labels":{"deployment-tool":"cli-firebase","deployment-callable":"true","firebase-functions-hash":"4d0e9bd4750926bf686d9a2578c78b22796053a7"},"sourceUploadUrl":"https://storage.googleapis.com/uploads-836972235469.us-central1.cloudfunctions.appspot.com/d25e375b-b285-4ae6-92e7-2788b17d669c.zip?GoogleAccessId=service-832093857842@gcf-admin-robot.iam.gserviceaccount.com&Expires=1786333476&Signature=vodKr4jEv8OxG2kgtja5bkjca7lc4oW09Rk0uIElcJWMVvGfHW3uZTtf0Pxaa9GxMn8AMyP29kWMN9T5upIvLBuEwjRBEITXuHhGqefqzbyP995sP%2FwVvGjBen%2FRGzS8u0F12UgYd%2B6vfLlhqyiKHsaJd1XlNcOVZH5%2BKvMKO3A719qEdkg8Tv8sn%2F7n8PLZFCYQBZr53ba2f1Ap6poBC%2F3XWkvGpzx6V1xj%2F7EwWkOE%2Flk24kM%2F9rpvQ2EESgJWOfdwoBhFXmz8XxdR3comtFOtedwxI99qUzVIOU6uhTBZwOGE3LlH8G7NPmspxSBdg1FRMa5CjozRjP1w4n7c4A%3D%3D","environmentVariables":{"FIREBASE_CONFIG":"{\"projectId\":\"refreshing-website\",\"storageBucket\":\"refreshing-website.firebasestorage.app\"}","GCLOUD_PROJECT":"refreshing-website","EVENTARC_CLOUD_EVENT_SOURCE":"projects/refreshing-website/locations/us-central1/functions/provisionAdminAccount"},"runtime":"nodejs20","buildId":"f5832f40-26c0-49b5-a0eb-5b522922e509","buildEnvironmentVariables":{"GOOGLE_NODE_RUN_SCRIPTS":""},"sourceToken":"34a41cb0-eee3-467d-a60b-d9de6c7ee8e3","buildName":"projects/832093857842/locations/us-central1/builds/f5832f40-26c0-49b5-a0eb-5b522922e509","dockerRegistry":"ARTIFACT_REGISTRY","automaticUpdatePolicy":{},"buildServiceAccount":"projects/refreshing-website/serviceAccounts/832093857842-compute@developer.gserviceaccount.com"},"versionId":"5","updateTime":"2026-08-10T03:15:28Z","buildId":"8396bccd-d1fd-4519-bbd2-33cc12b1fb18","sourceToken":"34a41cb0-eee3-467d-a60b-d9de6c7ee8e3","buildName":"projects/832093857842/locations/us-central1/builds/8396bccd-d1fd-4519-bbd2-33cc12b1fb18"}}
[2026-08-10T03:15:46.822Z] Got source token 34a41cb0-eee3-467d-a60b-d9de6c7ee8e3 for region us-central1
[2026-08-10T03:15:46.841Z] <<< [apiv2][status] GET https://cloudfunctions.googleapis.com/v1/operations/cmVmcmVzaGluZy13ZWJzaXRlL3VzLWNlbnRyYWwxL21hcmtDaGVja2VkSW4vdUJkcW51U2xPSjA 200
[2026-08-10T03:15:46.842Z] <<< [apiv2][body] GET https://cloudfunctions.googleapis.com/v1/operations/cmVmcmVzaGluZy13ZWJzaXRlL3VzLWNlbnRyYWwxL21hcmtDaGVja2VkSW4vdUJkcW51U2xPSjA {"name":"operations/cmVmcmVzaGluZy13ZWJzaXRlL3VzLWNlbnRyYWwxL21hcmtDaGVja2VkSW4vdUJkcW51U2xPSjA","metadata":{"@type":"type.googleapis.com/google.cloud.functions.v1.OperationMetadataV1","target":"projects/refreshing-website/locations/us-central1/functions/markCheckedIn","type":"UPDATE_FUNCTION","request":{"@type":"type.googleapis.com/google.cloud.functions.v1.CloudFunction","name":"projects/refreshing-website/locations/us-central1/functions/markCheckedIn","httpsTrigger":{"url":"https://us-central1-refreshing-website.cloudfunctions.net/markCheckedIn","securityLevel":"SECURE_ALWAYS"},"status":"ACTIVE","entryPoint":"markCheckedIn","updateTime":"2026-08-10T03:12:39.310Z","versionId":"4","labels":{"deployment-tool":"cli-firebase","deployment-callable":"true","firebase-functions-hash":"4d0e9bd4750926bf686d9a2578c78b22796053a7"},"sourceUploadUrl":"https://storage.googleapis.com/uploads-836972235469.us-central1.cloudfunctions.appspot.com/d25e375b-b285-4ae6-92e7-2788b17d669c.zip?GoogleAccessId=service-832093857842@gcf-admin-robot.iam.gserviceaccount.com&Expires=1786333476&Signature=vodKr4jEv8OxG2kgtja5bkjca7lc4oW09Rk0uIElcJWMVvGfHW3uZTtf0Pxaa9GxMn8AMyP29kWMN9T5upIvLBuEwjRBEITXuHhGqefqzbyP995sP%2FwVvGjBen%2FRGzS8u0F12UgYd%2B6vfLlhqyiKHsaJd1XlNcOVZH5%2BKvMKO3A719qEdkg8Tv8sn%2F7n8PLZFCYQBZr53ba2f1Ap6poBC%2F3XWkvGpzx6V1xj%2F7EwWkOE%2Flk24kM%2F9rpvQ2EESgJWOfdwoBhFXmz8XxdR3comtFOtedwxI99qUzVIOU6uhTBZwOGE3LlH8G7NPmspxSBdg1FRMa5CjozRjP1w4n7c4A%3D%3D","environmentVariables":{"FIREBASE_CONFIG":"{\"projectId\":\"refreshing-website\",\"storageBucket\":\"refreshing-website.firebasestorage.app\"}","GCLOUD_PROJECT":"refreshing-website","EVENTARC_CLOUD_EVENT_SOURCE":"projects/refreshing-website/locations/us-central1/functions/markCheckedIn"},"runtime":"nodejs20","buildId":"f5832f40-26c0-49b5-a0eb-5b522922e509","buildEnvironmentVariables":{"GOOGLE_NODE_RUN_SCRIPTS":""},"sourceToken":"34a41cb0-eee3-467d-a60b-d9de6c7ee8e3","buildName":"projects/832093857842/locations/us-central1/builds/f5832f40-26c0-49b5-a0eb-5b522922e509","dockerRegistry":"ARTIFACT_REGISTRY","automaticUpdatePolicy":{},"buildServiceAccount":"projects/refreshing-website/serviceAccounts/832093857842-compute@developer.gserviceaccount.com"},"versionId":"5","updateTime":"2026-08-10T03:15:44Z","buildId":"8396bccd-d1fd-4519-bbd2-33cc12b1fb18","sourceToken":"34a41cb0-eee3-467d-a60b-d9de6c7ee8e3","buildName":"projects/832093857842/locations/us-central1/builds/8396bccd-d1fd-4519-bbd2-33cc12b1fb18"},"done":true,"response":{"@type":"type.googleapis.com/google.cloud.functions.v1.CloudFunction","name":"projects/refreshing-website/locations/us-central1/functions/markCheckedIn","httpsTrigger":{"url":"https://us-central1-refreshing-website.cloudfunctions.net/markCheckedIn","securityLevel":"SECURE_ALWAYS"},"status":"ACTIVE","entryPoint":"markCheckedIn","timeout":"60s","availableMemoryMb":256,"serviceAccountEmail":"refreshing-website@appspot.gserviceaccount.com","updateTime":"2026-08-10T03:15:44.672Z","versionId":"5","labels":{"deployment-tool":"cli-firebase","deployment-callable":"true","firebase-functions-hash":"4d0e9bd4750926bf686d9a2578c78b22796053a7"},"sourceUploadUrl":"https://storage.googleapis.com/uploads-836972235469.us-central1.cloudfunctions.appspot.com/d25e375b-b285-4ae6-92e7-2788b17d669c.zip","environmentVariables":{"FIREBASE_CONFIG":"{\"projectId\":\"refreshing-website\",\"storageBucket\":\"refreshing-website.firebasestorage.app\"}","GCLOUD_PROJECT":"refreshing-website","EVENTARC_CLOUD_EVENT_SOURCE":"projects/refreshing-website/locations/us-central1/functions/markCheckedIn"},"runtime":"nodejs20","ingressSettings":"ALLOW_ALL","buildId":"8396bccd-d1fd-4519-bbd2-33cc12b1fb18","buildEnvironmentVariables":{"GOOGLE_NODE_RUN_SCRIPTS":""},"buildName":"projects/832093857842/locations/us-central1/builds/8396bccd-d1fd-4519-bbd2-33cc12b1fb18","dockerRegistry":"ARTIFACT_REGISTRY","automaticUpdatePolicy":{},"buildServiceAccount":"projects/refreshing-website/serviceAccounts/832093857842-compute@developer.gserviceaccount.com"}}
[2026-08-10T03:15:46.842Z] Got source token 34a41cb0-eee3-467d-a60b-d9de6c7ee8e3 for region us-central1
+  functions[markCheckedIn(us-central1)] Successful update operation. 
[2026-08-10T03:15:46.895Z] <<< [apiv2][status] GET https://cloudfunctions.googleapis.com/v1/operations/cmVmcmVzaGluZy13ZWJzaXRlL3VzLWNlbnRyYWwxL3B1cmdlVHJhc2gvV3p6OXBZZlQtVDg 200
[2026-08-10T03:15:46.895Z] <<< [apiv2][body] GET https://cloudfunctions.googleapis.com/v1/operations/cmVmcmVzaGluZy13ZWJzaXRlL3VzLWNlbnRyYWwxL3B1cmdlVHJhc2gvV3p6OXBZZlQtVDg {"name":"operations/cmVmcmVzaGluZy13ZWJzaXRlL3VzLWNlbnRyYWwxL3B1cmdlVHJhc2gvV3p6OXBZZlQtVDg","metadata":{"@type":"type.googleapis.com/google.cloud.functions.v1.OperationMetadataV1","target":"projects/refreshing-website/locations/us-central1/functions/purgeTrash","type":"UPDATE_FUNCTION","request":{"@type":"type.googleapis.com/google.cloud.functions.v1.CloudFunction","name":"projects/refreshing-website/locations/us-central1/functions/purgeTrash","eventTrigger":{"eventType":"google.pubsub.topic.publish","resource":"projects/refreshing-website/topics/firebase-schedule-purgeTrash-us-central1","service":"pubsub.googleapis.com","failurePolicy":{}},"status":"ACTIVE","entryPoint":"purgeTrash","updateTime":"2026-08-10T03:12:38.428Z","versionId":"4","labels":{"deployment-tool":"cli-firebase","deployment-scheduled":"true","firebase-functions-hash":"4d0e9bd4750926bf686d9a2578c78b22796053a7"},"sourceUploadUrl":"https://storage.googleapis.com/uploads-836972235469.us-central1.cloudfunctions.appspot.com/d25e375b-b285-4ae6-92e7-2788b17d669c.zip?GoogleAccessId=service-832093857842@gcf-admin-robot.iam.gserviceaccount.com&Expires=1786333476&Signature=vodKr4jEv8OxG2kgtja5bkjca7lc4oW09Rk0uIElcJWMVvGfHW3uZTtf0Pxaa9GxMn8AMyP29kWMN9T5upIvLBuEwjRBEITXuHhGqefqzbyP995sP%2FwVvGjBen%2FRGzS8u0F12UgYd%2B6vfLlhqyiKHsaJd1XlNcOVZH5%2BKvMKO3A719qEdkg8Tv8sn%2F7n8PLZFCYQBZr53ba2f1Ap6poBC%2F3XWkvGpzx6V1xj%2F7EwWkOE%2Flk24kM%2F9rpvQ2EESgJWOfdwoBhFXmz8XxdR3comtFOtedwxI99qUzVIOU6uhTBZwOGE3LlH8G7NPmspxSBdg1FRMa5CjozRjP1w4n7c4A%3D%3D","environmentVariables":{"FIREBASE_CONFIG":"{\"projectId\":\"refreshing-website\",\"storageBucket\":\"refreshing-website.firebasestorage.app\"}","GCLOUD_PROJECT":"refreshing-website","EVENTARC_CLOUD_EVENT_SOURCE":"projects/refreshing-website/locations/us-central1/functions/purgeTrash"},"runtime":"nodejs20","buildId":"f5832f40-26c0-49b5-a0eb-5b522922e509","buildEnvironmentVariables":{"GOOGLE_NODE_RUN_SCRIPTS":""},"sourceToken":"34a41cb0-eee3-467d-a60b-d9de6c7ee8e3","buildName":"projects/832093857842/locations/us-central1/builds/f5832f40-26c0-49b5-a0eb-5b522922e509","dockerRegistry":"ARTIFACT_REGISTRY","automaticUpdatePolicy":{},"buildServiceAccount":"projects/refreshing-website/serviceAccounts/832093857842-compute@developer.gserviceaccount.com"},"versionId":"5","updateTime":"2026-08-10T03:15:42Z","buildId":"8396bccd-d1fd-4519-bbd2-33cc12b1fb18","sourceToken":"34a41cb0-eee3-467d-a60b-d9de6c7ee8e3","buildName":"projects/832093857842/locations/us-central1/builds/8396bccd-d1fd-4519-bbd2-33cc12b1fb18"},"done":true,"response":{"@type":"type.googleapis.com/google.cloud.functions.v1.CloudFunction","name":"projects/refreshing-website/locations/us-central1/functions/purgeTrash","eventTrigger":{"eventType":"google.pubsub.topic.publish","resource":"projects/refreshing-website/topics/firebase-schedule-purgeTrash-us-central1","service":"pubsub.googleapis.com","failurePolicy":{}},"status":"ACTIVE","entryPoint":"purgeTrash","timeout":"60s","availableMemoryMb":256,"serviceAccountEmail":"refreshing-website@appspot.gserviceaccount.com","updateTime":"2026-08-10T03:15:42.860Z","versionId":"5","labels":{"deployment-tool":"cli-firebase","deployment-scheduled":"true","firebase-functions-hash":"4d0e9bd4750926bf686d9a2578c78b22796053a7"},"sourceUploadUrl":"https://storage.googleapis.com/uploads-836972235469.us-central1.cloudfunctions.appspot.com/d25e375b-b285-4ae6-92e7-2788b17d669c.zip","environmentVariables":{"FIREBASE_CONFIG":"{\"projectId\":\"refreshing-website\",\"storageBucket\":\"refreshing-website.firebasestorage.app\"}","GCLOUD_PROJECT":"refreshing-website","EVENTARC_CLOUD_EVENT_SOURCE":"projects/refreshing-website/locations/us-central1/functions/purgeTrash"},"runtime":"nodejs20","maxInstances":3000,"ingressSettings":"ALLOW_ALL","buildId":"8396bccd-d1fd-4519-bbd2-33cc12b1fb18","buildEnvironmentVariables":{"GOOGLE_NODE_RUN_SCRIPTS":""},"buildName":"projects/832093857842/locations/us-central1/builds/8396bccd-d1fd-4519-bbd2-33cc12b1fb18","dockerRegistry":"ARTIFACT_REGISTRY","automaticUpdatePolicy":{},"buildServiceAccount":"projects/refreshing-website/serviceAccounts/832093857842-compute@developer.gserviceaccount.com"}}
[2026-08-10T03:15:46.896Z] Got source token 34a41cb0-eee3-467d-a60b-d9de6c7ee8e3 for region us-central1
[2026-08-10T03:15:46.897Z] Checked if tokens are valid: true, expires at: 1786334449855
[2026-08-10T03:15:46.898Z] Checked if tokens are valid: true, expires at: 1786334449855
[2026-08-10T03:15:46.898Z] >>> [apiv2][query] GET https://cloudscheduler.googleapis.com/v1/projects/refreshing-website/locations/us-central1/jobs/firebase-schedule-purgeTrash-us-central1 [none]
[2026-08-10T03:15:46.907Z] <<< [apiv2][status] GET https://cloudfunctions.googleapis.com/v1/operations/cmVmcmVzaGluZy13ZWJzaXRlL3VzLWNlbnRyYWwxL3Jldm9rZVVzZXJBY2Nlc3MvOFVjcEI3M05NdTQ 200
[2026-08-10T03:15:46.907Z] <<< [apiv2][body] GET https://cloudfunctions.googleapis.com/v1/operations/cmVmcmVzaGluZy13ZWJzaXRlL3VzLWNlbnRyYWwxL3Jldm9rZVVzZXJBY2Nlc3MvOFVjcEI3M05NdTQ {"name":"operations/cmVmcmVzaGluZy13ZWJzaXRlL3VzLWNlbnRyYWwxL3Jldm9rZVVzZXJBY2Nlc3MvOFVjcEI3M05NdTQ","metadata":{"@type":"type.googleapis.com/google.cloud.functions.v1.OperationMetadataV1","target":"projects/refreshing-website/locations/us-central1/functions/revokeUserAccess","type":"UPDATE_FUNCTION","request":{"@type":"type.googleapis.com/google.cloud.functions.v1.CloudFunction","name":"projects/refreshing-website/locations/us-central1/functions/revokeUserAccess","httpsTrigger":{"url":"https://us-central1-refreshing-website.cloudfunctions.net/revokeUserAccess","securityLevel":"SECURE_ALWAYS"},"status":"ACTIVE","entryPoint":"revokeUserAccess","updateTime":"2026-08-10T03:12:38.596Z","versionId":"4","labels":{"deployment-tool":"cli-firebase","deployment-callable":"true","firebase-functions-hash":"4d0e9bd4750926bf686d9a2578c78b22796053a7"},"sourceUploadUrl":"https://storage.googleapis.com/uploads-836972235469.us-central1.cloudfunctions.appspot.com/d25e375b-b285-4ae6-92e7-2788b17d669c.zip?GoogleAccessId=service-832093857842@gcf-admin-robot.iam.gserviceaccount.com&Expires=1786333476&Signature=vodKr4jEv8OxG2kgtja5bkjca7lc4oW09Rk0uIElcJWMVvGfHW3uZTtf0Pxaa9GxMn8AMyP29kWMN9T5upIvLBuEwjRBEITXuHhGqefqzbyP995sP%2FwVvGjBen%2FRGzS8u0F12UgYd%2B6vfLlhqyiKHsaJd1XlNcOVZH5%2BKvMKO3A719qEdkg8Tv8sn%2F7n8PLZFCYQBZr53ba2f1Ap6poBC%2F3XWkvGpzx6V1xj%2F7EwWkOE%2Flk24kM%2F9rpvQ2EESgJWOfdwoBhFXmz8XxdR3comtFOtedwxI99qUzVIOU6uhTBZwOGE3LlH8G7NPmspxSBdg1FRMa5CjozRjP1w4n7c4A%3D%3D","environmentVariables":{"FIREBASE_CONFIG":"{\"projectId\":\"refreshing-website\",\"storageBucket\":\"refreshing-website.firebasestorage.app\"}","GCLOUD_PROJECT":"refreshing-website","EVENTARC_CLOUD_EVENT_SOURCE":"projects/refreshing-website/locations/us-central1/functions/revokeUserAccess"},"runtime":"nodejs20","buildId":"f5832f40-26c0-49b5-a0eb-5b522922e509","buildEnvironmentVariables":{"GOOGLE_NODE_RUN_SCRIPTS":""},"sourceToken":"34a41cb0-eee3-467d-a60b-d9de6c7ee8e3","buildName":"projects/832093857842/locations/us-central1/builds/f5832f40-26c0-49b5-a0eb-5b522922e509","dockerRegistry":"ARTIFACT_REGISTRY","automaticUpdatePolicy":{},"buildServiceAccount":"projects/refreshing-website/serviceAccounts/832093857842-compute@developer.gserviceaccount.com"},"versionId":"5","updateTime":"2026-08-10T03:15:28Z","buildId":"8396bccd-d1fd-4519-bbd2-33cc12b1fb18","sourceToken":"34a41cb0-eee3-467d-a60b-d9de6c7ee8e3","buildName":"projects/832093857842/locations/us-central1/builds/8396bccd-d1fd-4519-bbd2-33cc12b1fb18"}}
[2026-08-10T03:15:46.907Z] Got source token 34a41cb0-eee3-467d-a60b-d9de6c7ee8e3 for region us-central1
[2026-08-10T03:15:46.946Z] <<< [apiv2][status] GET https://cloudfunctions.googleapis.com/v1/operations/cmVmcmVzaGluZy13ZWJzaXRlL3VzLWNlbnRyYWwxL3BydW5lVmVyc2lvbkhpc3RvcnkvY1JoNlZvNHZmYkE 200
[2026-08-10T03:15:46.946Z] <<< [apiv2][body] GET https://cloudfunctions.googleapis.com/v1/operations/cmVmcmVzaGluZy13ZWJzaXRlL3VzLWNlbnRyYWwxL3BydW5lVmVyc2lvbkhpc3RvcnkvY1JoNlZvNHZmYkE {"name":"operations/cmVmcmVzaGluZy13ZWJzaXRlL3VzLWNlbnRyYWwxL3BydW5lVmVyc2lvbkhpc3RvcnkvY1JoNlZvNHZmYkE","metadata":{"@type":"type.googleapis.com/google.cloud.functions.v1.OperationMetadataV1","target":"projects/refreshing-website/locations/us-central1/functions/pruneVersionHistory","type":"UPDATE_FUNCTION","request":{"@type":"type.googleapis.com/google.cloud.functions.v1.CloudFunction","name":"projects/refreshing-website/locations/us-central1/functions/pruneVersionHistory","eventTrigger":{"eventType":"google.pubsub.topic.publish","resource":"projects/refreshing-website/topics/firebase-schedule-pruneVersionHistory-us-central1","service":"pubsub.googleapis.com","failurePolicy":{}},"status":"ACTIVE","entryPoint":"pruneVersionHistory","updateTime":"2026-08-10T03:12:38.388Z","versionId":"4","labels":{"deployment-tool":"cli-firebase","deployment-scheduled":"true","firebase-functions-hash":"4d0e9bd4750926bf686d9a2578c78b22796053a7"},"sourceUploadUrl":"https://storage.googleapis.com/uploads-836972235469.us-central1.cloudfunctions.appspot.com/d25e375b-b285-4ae6-92e7-2788b17d669c.zip?GoogleAccessId=service-832093857842@gcf-admin-robot.iam.gserviceaccount.com&Expires=1786333476&Signature=vodKr4jEv8OxG2kgtja5bkjca7lc4oW09Rk0uIElcJWMVvGfHW3uZTtf0Pxaa9GxMn8AMyP29kWMN9T5upIvLBuEwjRBEITXuHhGqefqzbyP995sP%2FwVvGjBen%2FRGzS8u0F12UgYd%2B6vfLlhqyiKHsaJd1XlNcOVZH5%2BKvMKO3A719qEdkg8Tv8sn%2F7n8PLZFCYQBZr53ba2f1Ap6poBC%2F3XWkvGpzx6V1xj%2F7EwWkOE%2Flk24kM%2F9rpvQ2EESgJWOfdwoBhFXmz8XxdR3comtFOtedwxI99qUzVIOU6uhTBZwOGE3LlH8G7NPmspxSBdg1FRMa5CjozRjP1w4n7c4A%3D%3D","environmentVariables":{"FIREBASE_CONFIG":"{\"projectId\":\"refreshing-website\",\"storageBucket\":\"refreshing-website.firebasestorage.app\"}","GCLOUD_PROJECT":"refreshing-website","EVENTARC_CLOUD_EVENT_SOURCE":"projects/refreshing-website/locations/us-central1/functions/pruneVersionHistory"},"runtime":"nodejs20","buildId":"f5832f40-26c0-49b5-a0eb-5b522922e509","buildEnvironmentVariables":{"GOOGLE_NODE_RUN_SCRIPTS":""},"sourceToken":"34a41cb0-eee3-467d-a60b-d9de6c7ee8e3","buildName":"projects/832093857842/locations/us-central1/builds/f5832f40-26c0-49b5-a0eb-5b522922e509","dockerRegistry":"ARTIFACT_REGISTRY","automaticUpdatePolicy":{},"buildServiceAccount":"projects/refreshing-website/serviceAccounts/832093857842-compute@developer.gserviceaccount.com"},"versionId":"5","updateTime":"2026-08-10T03:15:46Z","buildId":"8396bccd-d1fd-4519-bbd2-33cc12b1fb18","sourceToken":"34a41cb0-eee3-467d-a60b-d9de6c7ee8e3","buildName":"projects/832093857842/locations/us-central1/builds/8396bccd-d1fd-4519-bbd2-33cc12b1fb18"},"done":true,"response":{"@type":"type.googleapis.com/google.cloud.functions.v1.CloudFunction","name":"projects/refreshing-website/locations/us-central1/functions/pruneVersionHistory","eventTrigger":{"eventType":"google.pubsub.topic.publish","resource":"projects/refreshing-website/topics/firebase-schedule-pruneVersionHistory-us-central1","service":"pubsub.googleapis.com","failurePolicy":{}},"status":"ACTIVE","entryPoint":"pruneVersionHistory","timeout":"60s","availableMemoryMb":256,"serviceAccountEmail":"refreshing-website@appspot.gserviceaccount.com","updateTime":"2026-08-10T03:15:46.062Z","versionId":"5","labels":{"deployment-tool":"cli-firebase","deployment-scheduled":"true","firebase-functions-hash":"4d0e9bd4750926bf686d9a2578c78b22796053a7"},"sourceUploadUrl":"https://storage.googleapis.com/uploads-836972235469.us-central1.cloudfunctions.appspot.com/d25e375b-b285-4ae6-92e7-2788b17d669c.zip","environmentVariables":{"FIREBASE_CONFIG":"{\"projectId\":\"refreshing-website\",\"storageBucket\":\"refreshing-website.firebasestorage.app\"}","GCLOUD_PROJECT":"refreshing-website","EVENTARC_CLOUD_EVENT_SOURCE":"projects/refreshing-website/locations/us-central1/functions/pruneVersionHistory"},"runtime":"nodejs20","maxInstances":3000,"ingressSettings":"ALLOW_ALL","buildId":"8396bccd-d1fd-4519-bbd2-33cc12b1fb18","buildEnvironmentVariables":{"GOOGLE_NODE_RUN_SCRIPTS":""},"buildName":"projects/832093857842/locations/us-central1/builds/8396bccd-d1fd-4519-bbd2-33cc12b1fb18","dockerRegistry":"ARTIFACT_REGISTRY","automaticUpdatePolicy":{},"buildServiceAccount":"projects/refreshing-website/serviceAccounts/832093857842-compute@developer.gserviceaccount.com"}}
[2026-08-10T03:15:46.948Z] Got source token 34a41cb0-eee3-467d-a60b-d9de6c7ee8e3 for region us-central1
[2026-08-10T03:15:46.948Z] Checked if tokens are valid: true, expires at: 1786334449855
[2026-08-10T03:15:46.948Z] Checked if tokens are valid: true, expires at: 1786334449855
[2026-08-10T03:15:46.948Z] >>> [apiv2][query] GET https://cloudscheduler.googleapis.com/v1/projects/refreshing-website/locations/us-central1/jobs/firebase-schedule-pruneVersionHistory-us-central1 [none]
[2026-08-10T03:15:46.956Z] <<< [apiv2][status] GET https://cloudfunctions.googleapis.com/v1/operations/cmVmcmVzaGluZy13ZWJzaXRlL3VzLWNlbnRyYWwxL2F1ZGl0QXR0ZW5kZWVzV3JpdGUvdEVIRmgzb1o4TDg 200
[2026-08-10T03:15:46.956Z] <<< [apiv2][body] GET https://cloudfunctions.googleapis.com/v1/operations/cmVmcmVzaGluZy13ZWJzaXRlL3VzLWNlbnRyYWwxL2F1ZGl0QXR0ZW5kZWVzV3JpdGUvdEVIRmgzb1o4TDg {"name":"operations/cmVmcmVzaGluZy13ZWJzaXRlL3VzLWNlbnRyYWwxL2F1ZGl0QXR0ZW5kZWVzV3JpdGUvdEVIRmgzb1o4TDg","metadata":{"@type":"type.googleapis.com/google.cloud.functions.v1.OperationMetadataV1","target":"projects/refreshing-website/locations/us-central1/functions/auditAttendeesWrite","type":"UPDATE_FUNCTION","request":{"@type":"type.googleapis.com/google.cloud.functions.v1.CloudFunction","name":"projects/refreshing-website/locations/us-central1/functions/auditAttendeesWrite","eventTrigger":{"eventType":"providers/cloud.firestore/eventTypes/document.write","resource":"projects/refreshing-website/databases/(default)/documents/events/{eventId}/attendees/{attendeeId}","service":"firestore.googleapis.com"},"status":"ACTIVE","entryPoint":"auditAttendeesWrite","updateTime":"2026-08-10T03:12:35.311Z","versionId":"4","labels":{"deployment-tool":"cli-firebase","firebase-functions-hash":"4d0e9bd4750926bf686d9a2578c78b22796053a7"},"sourceUploadUrl":"https://storage.googleapis.com/uploads-836972235469.us-central1.cloudfunctions.appspot.com/d25e375b-b285-4ae6-92e7-2788b17d669c.zip?GoogleAccessId=service-832093857842@gcf-admin-robot.iam.gserviceaccount.com&Expires=1786333476&Signature=vodKr4jEv8OxG2kgtja5bkjca7lc4oW09Rk0uIElcJWMVvGfHW3uZTtf0Pxaa9GxMn8AMyP29kWMN9T5upIvLBuEwjRBEITXuHhGqefqzbyP995sP%2FwVvGjBen%2FRGzS8u0F12UgYd%2B6vfLlhqyiKHsaJd1XlNcOVZH5%2BKvMKO3A719qEdkg8Tv8sn%2F7n8PLZFCYQBZr53ba2f1Ap6poBC%2F3XWkvGpzx6V1xj%2F7EwWkOE%2Flk24kM%2F9rpvQ2EESgJWOfdwoBhFXmz8XxdR3comtFOtedwxI99qUzVIOU6uhTBZwOGE3LlH8G7NPmspxSBdg1FRMa5CjozRjP1w4n7c4A%3D%3D","environmentVariables":{"FIREBASE_CONFIG":"{\"projectId\":\"refreshing-website\",\"storageBucket\":\"refreshing-website.firebasestorage.app\"}","GCLOUD_PROJECT":"refreshing-website","EVENTARC_CLOUD_EVENT_SOURCE":"projects/refreshing-website/locations/us-central1/functions/auditAttendeesWrite"},"runtime":"nodejs20","buildId":"f5832f40-26c0-49b5-a0eb-5b522922e509","buildEnvironmentVariables":{"GOOGLE_NODE_RUN_SCRIPTS":""},"sourceToken":"34a41cb0-eee3-467d-a60b-d9de6c7ee8e3","buildName":"projects/832093857842/locations/us-central1/builds/f5832f40-26c0-49b5-a0eb-5b522922e509","dockerRegistry":"ARTIFACT_REGISTRY","automaticUpdatePolicy":{},"buildServiceAccount":"projects/refreshing-website/serviceAccounts/832093857842-compute@developer.gserviceaccount.com"},"versionId":"5","updateTime":"2026-08-10T03:15:45Z","buildId":"8396bccd-d1fd-4519-bbd2-33cc12b1fb18","sourceToken":"34a41cb0-eee3-467d-a60b-d9de6c7ee8e3","buildName":"projects/832093857842/locations/us-central1/builds/8396bccd-d1fd-4519-bbd2-33cc12b1fb18"},"done":true,"response":{"@type":"type.googleapis.com/google.cloud.functions.v1.CloudFunction","name":"projects/refreshing-website/locations/us-central1/functions/auditAttendeesWrite","eventTrigger":{"eventType":"providers/cloud.firestore/eventTypes/document.write","resource":"projects/refreshing-website/databases/(default)/documents/events/{eventId}/attendees/{attendeeId}","service":"firestore.googleapis.com","failurePolicy":{}},"status":"ACTIVE","entryPoint":"auditAttendeesWrite","timeout":"60s","availableMemoryMb":256,"serviceAccountEmail":"refreshing-website@appspot.gserviceaccount.com","updateTime":"2026-08-10T03:15:45.158Z","versionId":"5","labels":{"deployment-tool":"cli-firebase","firebase-functions-hash":"4d0e9bd4750926bf686d9a2578c78b22796053a7"},"sourceUploadUrl":"https://storage.googleapis.com/uploads-836972235469.us-central1.cloudfunctions.appspot.com/d25e375b-b285-4ae6-92e7-2788b17d669c.zip","environmentVariables":{"FIREBASE_CONFIG":"{\"projectId\":\"refreshing-website\",\"storageBucket\":\"refreshing-website.firebasestorage.app\"}","GCLOUD_PROJECT":"refreshing-website","EVENTARC_CLOUD_EVENT_SOURCE":"projects/refreshing-website/locations/us-central1/functions/auditAttendeesWrite"},"runtime":"nodejs20","maxInstances":3000,"ingressSettings":"ALLOW_ALL","buildId":"8396bccd-d1fd-4519-bbd2-33cc12b1fb18","buildEnvironmentVariables":{"GOOGLE_NODE_RUN_SCRIPTS":""},"buildName":"projects/832093857842/locations/us-central1/builds/8396bccd-d1fd-4519-bbd2-33cc12b1fb18","dockerRegistry":"ARTIFACT_REGISTRY","automaticUpdatePolicy":{},"buildServiceAccount":"projects/refreshing-website/serviceAccounts/832093857842-compute@developer.gserviceaccount.com"}}
[2026-08-10T03:15:46.957Z] Got source token 34a41cb0-eee3-467d-a60b-d9de6c7ee8e3 for region us-central1
+  functions[auditAttendeesWrite(us-central1)] Successful update operation. 
[2026-08-10T03:15:46.958Z] <<< [apiv2][status] GET https://cloudfunctions.googleapis.com/v1/operations/cmVmcmVzaGluZy13ZWJzaXRlL3VzLWNlbnRyYWwxL3VuZG9DaGVja0luL0E0ckIyRFREX0ln 200
[2026-08-10T03:15:46.958Z] <<< [apiv2][body] GET https://cloudfunctions.googleapis.com/v1/operations/cmVmcmVzaGluZy13ZWJzaXRlL3VzLWNlbnRyYWwxL3VuZG9DaGVja0luL0E0ckIyRFREX0ln {"name":"operations/cmVmcmVzaGluZy13ZWJzaXRlL3VzLWNlbnRyYWwxL3VuZG9DaGVja0luL0E0ckIyRFREX0ln","metadata":{"@type":"type.googleapis.com/google.cloud.functions.v1.OperationMetadataV1","target":"projects/refreshing-website/locations/us-central1/functions/undoCheckIn","type":"UPDATE_FUNCTION","request":{"@type":"type.googleapis.com/google.cloud.functions.v1.CloudFunction","name":"projects/refreshing-website/locations/us-central1/functions/undoCheckIn","httpsTrigger":{"url":"https://us-central1-refreshing-website.cloudfunctions.net/undoCheckIn","securityLevel":"SECURE_ALWAYS"},"status":"ACTIVE","entryPoint":"undoCheckIn","updateTime":"2026-08-10T03:12:41.295Z","versionId":"4","labels":{"deployment-tool":"cli-firebase","deployment-callable":"true","firebase-functions-hash":"4d0e9bd4750926bf686d9a2578c78b22796053a7"},"sourceUploadUrl":"https://storage.googleapis.com/uploads-836972235469.us-central1.cloudfunctions.appspot.com/d25e375b-b285-4ae6-92e7-2788b17d669c.zip?GoogleAccessId=service-832093857842@gcf-admin-robot.iam.gserviceaccount.com&Expires=1786333476&Signature=vodKr4jEv8OxG2kgtja5bkjca7lc4oW09Rk0uIElcJWMVvGfHW3uZTtf0Pxaa9GxMn8AMyP29kWMN9T5upIvLBuEwjRBEITXuHhGqefqzbyP995sP%2FwVvGjBen%2FRGzS8u0F12UgYd%2B6vfLlhqyiKHsaJd1XlNcOVZH5%2BKvMKO3A719qEdkg8Tv8sn%2F7n8PLZFCYQBZr53ba2f1Ap6poBC%2F3XWkvGpzx6V1xj%2F7EwWkOE%2Flk24kM%2F9rpvQ2EESgJWOfdwoBhFXmz8XxdR3comtFOtedwxI99qUzVIOU6uhTBZwOGE3LlH8G7NPmspxSBdg1FRMa5CjozRjP1w4n7c4A%3D%3D","environmentVariables":{"FIREBASE_CONFIG":"{\"projectId\":\"refreshing-website\",\"storageBucket\":\"refreshing-website.firebasestorage.app\"}","GCLOUD_PROJECT":"refreshing-website","EVENTARC_CLOUD_EVENT_SOURCE":"projects/refreshing-website/locations/us-central1/functions/undoCheckIn"},"runtime":"nodejs20","buildId":"f5832f40-26c0-49b5-a0eb-5b522922e509","buildEnvironmentVariables":{"GOOGLE_NODE_RUN_SCRIPTS":""},"sourceToken":"34a41cb0-eee3-467d-a60b-d9de6c7ee8e3","buildName":"projects/832093857842/locations/us-central1/builds/f5832f40-26c0-49b5-a0eb-5b522922e509","dockerRegistry":"ARTIFACT_REGISTRY","automaticUpdatePolicy":{},"buildServiceAccount":"projects/refreshing-website/serviceAccounts/832093857842-compute@developer.gserviceaccount.com"},"versionId":"5","updateTime":"2026-08-10T03:15:28Z","buildId":"8396bccd-d1fd-4519-bbd2-33cc12b1fb18","sourceToken":"34a41cb0-eee3-467d-a60b-d9de6c7ee8e3","buildName":"projects/832093857842/locations/us-central1/builds/8396bccd-d1fd-4519-bbd2-33cc12b1fb18"}}
[2026-08-10T03:15:46.958Z] Got source token 34a41cb0-eee3-467d-a60b-d9de6c7ee8e3 for region us-central1
[2026-08-10T03:15:47.023Z] <<< [apiv2][status] GET https://cloudfunctions.googleapis.com/v1/operations/cmVmcmVzaGluZy13ZWJzaXRlL3VzLWNlbnRyYWwxL2F1ZGl0U2Vzc2lvbnNXcml0ZS9ZOHJSeDdXZ0xrUQ 200
[2026-08-10T03:15:47.024Z] <<< [apiv2][body] GET https://cloudfunctions.googleapis.com/v1/operations/cmVmcmVzaGluZy13ZWJzaXRlL3VzLWNlbnRyYWwxL2F1ZGl0U2Vzc2lvbnNXcml0ZS9ZOHJSeDdXZ0xrUQ {"name":"operations/cmVmcmVzaGluZy13ZWJzaXRlL3VzLWNlbnRyYWwxL2F1ZGl0U2Vzc2lvbnNXcml0ZS9ZOHJSeDdXZ0xrUQ","metadata":{"@type":"type.googleapis.com/google.cloud.functions.v1.OperationMetadataV1","target":"projects/refreshing-website/locations/us-central1/functions/auditSessionsWrite","type":"UPDATE_FUNCTION","request":{"@type":"type.googleapis.com/google.cloud.functions.v1.CloudFunction","name":"projects/refreshing-website/locations/us-central1/functions/auditSessionsWrite","eventTrigger":{"eventType":"providers/cloud.firestore/eventTypes/document.write","resource":"projects/refreshing-website/databases/(default)/documents/events/{eventId}/sessions/{sessionId}","service":"firestore.googleapis.com"},"status":"ACTIVE","entryPoint":"auditSessionsWrite","updateTime":"2026-08-10T03:12:38.512Z","versionId":"4","labels":{"deployment-tool":"cli-firebase","firebase-functions-hash":"4d0e9bd4750926bf686d9a2578c78b22796053a7"},"sourceUploadUrl":"https://storage.googleapis.com/uploads-836972235469.us-central1.cloudfunctions.appspot.com/d25e375b-b285-4ae6-92e7-2788b17d669c.zip?GoogleAccessId=service-832093857842@gcf-admin-robot.iam.gserviceaccount.com&Expires=1786333476&Signature=vodKr4jEv8OxG2kgtja5bkjca7lc4oW09Rk0uIElcJWMVvGfHW3uZTtf0Pxaa9GxMn8AMyP29kWMN9T5upIvLBuEwjRBEITXuHhGqefqzbyP995sP%2FwVvGjBen%2FRGzS8u0F12UgYd%2B6vfLlhqyiKHsaJd1XlNcOVZH5%2BKvMKO3A719qEdkg8Tv8sn%2F7n8PLZFCYQBZr53ba2f1Ap6poBC%2F3XWkvGpzx6V1xj%2F7EwWkOE%2Flk24kM%2F9rpvQ2EESgJWOfdwoBhFXmz8XxdR3comtFOtedwxI99qUzVIOU6uhTBZwOGE3LlH8G7NPmspxSBdg1FRMa5CjozRjP1w4n7c4A%3D%3D","environmentVariables":{"FIREBASE_CONFIG":"{\"projectId\":\"refreshing-website\",\"storageBucket\":\"refreshing-website.firebasestorage.app\"}","GCLOUD_PROJECT":"refreshing-website","EVENTARC_CLOUD_EVENT_SOURCE":"projects/refreshing-website/locations/us-central1/functions/auditSessionsWrite"},"runtime":"nodejs20","buildId":"f5832f40-26c0-49b5-a0eb-5b522922e509","buildEnvironmentVariables":{"GOOGLE_NODE_RUN_SCRIPTS":""},"sourceToken":"34a41cb0-eee3-467d-a60b-d9de6c7ee8e3","buildName":"projects/832093857842/locations/us-central1/builds/f5832f40-26c0-49b5-a0eb-5b522922e509","dockerRegistry":"ARTIFACT_REGISTRY","automaticUpdatePolicy":{},"buildServiceAccount":"projects/refreshing-website/serviceAccounts/832093857842-compute@developer.gserviceaccount.com"},"versionId":"5","updateTime":"2026-08-10T03:15:28Z","buildId":"8396bccd-d1fd-4519-bbd2-33cc12b1fb18","sourceToken":"34a41cb0-eee3-467d-a60b-d9de6c7ee8e3","buildName":"projects/832093857842/locations/us-central1/builds/8396bccd-d1fd-4519-bbd2-33cc12b1fb18"}}
[2026-08-10T03:15:47.024Z] Got source token 34a41cb0-eee3-467d-a60b-d9de6c7ee8e3 for region us-central1
[2026-08-10T03:15:48.044Z] <<< [apiv2][status] GET https://cloudscheduler.googleapis.com/v1/projects/refreshing-website/locations/us-central1/jobs/firebase-schedule-purgeTrash-us-central1 200
[2026-08-10T03:15:48.044Z] <<< [apiv2][body] GET https://cloudscheduler.googleapis.com/v1/projects/refreshing-website/locations/us-central1/jobs/firebase-schedule-purgeTrash-us-central1 {"name":"projects/refreshing-website/locations/us-central1/jobs/firebase-schedule-purgeTrash-us-central1","pubsubTarget":{"topicName":"projects/refreshing-website/topics/firebase-schedule-purgeTrash-us-central1","attributes":{"scheduled":"true"}},"userUpdateTime":"2026-08-10T03:12:44.691399Z","state":"ENABLED","status":{"code":-1},"scheduleTime":"2026-08-10T07:00:00Z","retryConfig":{"maxRetryDuration":"0s","minBackoffDuration":"5s","maxBackoffDuration":"3600s","maxDoublings":5},"schedule":"0 0 * * *","timeZone":"America/Los_Angeles"}
[2026-08-10T03:15:48.045Z] Checked if tokens are valid: true, expires at: 1786334449855
[2026-08-10T03:15:48.045Z] Checked if tokens are valid: true, expires at: 1786334449855
[2026-08-10T03:15:48.045Z] >>> [apiv2][query] PATCH https://cloudscheduler.googleapis.com/v1/projects/refreshing-website/locations/us-central1/jobs/firebase-schedule-purgeTrash-us-central1 updateMask=name%2CtimeZone%2CpubsubTarget%2Cschedule%2CretryConfig.maxDoublings%2CretryConfig.retryCount%2CretryConfig.maxBackoffDuration%2CretryConfig.minBackoffDuration%2CretryConfig.maxRetryDuration
[2026-08-10T03:15:48.045Z] >>> [apiv2][body] PATCH https://cloudscheduler.googleapis.com/v1/projects/refreshing-website/locations/us-central1/jobs/firebase-schedule-purgeTrash-us-central1 {"timeZone":"America/Los_Angeles","name":"projects/refreshing-website/locations/us-central1/jobs/firebase-schedule-purgeTrash-us-central1","pubsubTarget":{"topicName":"projects/refreshing-website/topics/firebase-schedule-purgeTrash-us-central1","attributes":{"scheduled":"true"}},"schedule":"0 0 * * *","retryConfig":{"maxDoublings":null,"retryCount":null,"maxBackoffDuration":null,"minBackoffDuration":null,"maxRetryDuration":null}}
[2026-08-10T03:15:48.049Z] <<< [apiv2][status] GET https://cloudscheduler.googleapis.com/v1/projects/refreshing-website/locations/us-central1/jobs/firebase-schedule-pruneVersionHistory-us-central1 200
[2026-08-10T03:15:48.049Z] <<< [apiv2][body] GET https://cloudscheduler.googleapis.com/v1/projects/refreshing-website/locations/us-central1/jobs/firebase-schedule-pruneVersionHistory-us-central1 {"name":"projects/refreshing-website/locations/us-central1/jobs/firebase-schedule-pruneVersionHistory-us-central1","pubsubTarget":{"topicName":"projects/refreshing-website/topics/firebase-schedule-pruneVersionHistory-us-central1","attributes":{"scheduled":"true"}},"userUpdateTime":"2026-08-10T03:12:44.779625Z","state":"ENABLED","status":{"code":-1},"scheduleTime":"2026-08-10T08:00:00Z","retryConfig":{"maxRetryDuration":"0s","minBackoffDuration":"5s","maxBackoffDuration":"3600s","maxDoublings":5},"schedule":"0 1 * * *","timeZone":"America/Los_Angeles"}
[2026-08-10T03:15:48.050Z] Checked if tokens are valid: true, expires at: 1786334449855
[2026-08-10T03:15:48.050Z] Checked if tokens are valid: true, expires at: 1786334449855
[2026-08-10T03:15:48.050Z] >>> [apiv2][query] PATCH https://cloudscheduler.googleapis.com/v1/projects/refreshing-website/locations/us-central1/jobs/firebase-schedule-pruneVersionHistory-us-central1 updateMask=name%2CtimeZone%2CpubsubTarget%2Cschedule%2CretryConfig.maxDoublings%2CretryConfig.retryCount%2CretryConfig.maxBackoffDuration%2CretryConfig.minBackoffDuration%2CretryConfig.maxRetryDuration
[2026-08-10T03:15:48.051Z] >>> [apiv2][body] PATCH https://cloudscheduler.googleapis.com/v1/projects/refreshing-website/locations/us-central1/jobs/firebase-schedule-pruneVersionHistory-us-central1 {"timeZone":"America/Los_Angeles","name":"projects/refreshing-website/locations/us-central1/jobs/firebase-schedule-pruneVersionHistory-us-central1","pubsubTarget":{"topicName":"projects/refreshing-website/topics/firebase-schedule-pruneVersionHistory-us-central1","attributes":{"scheduled":"true"}},"schedule":"0 1 * * *","retryConfig":{"maxDoublings":null,"retryCount":null,"maxBackoffDuration":null,"minBackoffDuration":null,"maxRetryDuration":null}}
[2026-08-10T03:15:48.551Z] [update-default-us-central1-createInvite] Retrying task index 0
[2026-08-10T03:15:48.552Z] Checked if tokens are valid: true, expires at: 1786334449855
[2026-08-10T03:15:48.552Z] Checked if tokens are valid: true, expires at: 1786334449855
[2026-08-10T03:15:48.552Z] >>> [apiv2][query] GET https://cloudfunctions.googleapis.com/v1/operations/cmVmcmVzaGluZy13ZWJzaXRlL3VzLWNlbnRyYWwxL2NyZWF0ZUludml0ZS95N1Fqb1o3TTQ1Yw [none]
[2026-08-10T03:15:48.926Z] <<< [apiv2][status] GET https://cloudfunctions.googleapis.com/v1/operations/cmVmcmVzaGluZy13ZWJzaXRlL3VzLWNlbnRyYWwxL2NyZWF0ZUludml0ZS95N1Fqb1o3TTQ1Yw 200
[2026-08-10T03:15:48.927Z] <<< [apiv2][body] GET https://cloudfunctions.googleapis.com/v1/operations/cmVmcmVzaGluZy13ZWJzaXRlL3VzLWNlbnRyYWwxL2NyZWF0ZUludml0ZS95N1Fqb1o3TTQ1Yw {"name":"operations/cmVmcmVzaGluZy13ZWJzaXRlL3VzLWNlbnRyYWwxL2NyZWF0ZUludml0ZS95N1Fqb1o3TTQ1Yw","metadata":{"@type":"type.googleapis.com/google.cloud.functions.v1.OperationMetadataV1","target":"projects/refreshing-website/locations/us-central1/functions/createInvite","type":"UPDATE_FUNCTION","request":{"@type":"type.googleapis.com/google.cloud.functions.v1.CloudFunction","name":"projects/refreshing-website/locations/us-central1/functions/createInvite","httpsTrigger":{"url":"https://us-central1-refreshing-website.cloudfunctions.net/createInvite","securityLevel":"SECURE_ALWAYS"},"status":"ACTIVE","entryPoint":"createInvite","updateTime":"2026-08-10T03:12:28.857Z","versionId":"5","labels":{"deployment-tool":"cli-firebase","deployment-callable":"true","firebase-functions-hash":"fd8dcf7cb78b07320b04390e661a2227bbaf8243"},"sourceUploadUrl":"https://storage.googleapis.com/uploads-836972235469.us-central1.cloudfunctions.appspot.com/d25e375b-b285-4ae6-92e7-2788b17d669c.zip?GoogleAccessId=service-832093857842@gcf-admin-robot.iam.gserviceaccount.com&Expires=1786333476&Signature=vodKr4jEv8OxG2kgtja5bkjca7lc4oW09Rk0uIElcJWMVvGfHW3uZTtf0Pxaa9GxMn8AMyP29kWMN9T5upIvLBuEwjRBEITXuHhGqefqzbyP995sP%2FwVvGjBen%2FRGzS8u0F12UgYd%2B6vfLlhqyiKHsaJd1XlNcOVZH5%2BKvMKO3A719qEdkg8Tv8sn%2F7n8PLZFCYQBZr53ba2f1Ap6poBC%2F3XWkvGpzx6V1xj%2F7EwWkOE%2Flk24kM%2F9rpvQ2EESgJWOfdwoBhFXmz8XxdR3comtFOtedwxI99qUzVIOU6uhTBZwOGE3LlH8G7NPmspxSBdg1FRMa5CjozRjP1w4n7c4A%3D%3D","environmentVariables":{"FIREBASE_CONFIG":"{\"projectId\":\"refreshing-website\",\"storageBucket\":\"refreshing-website.firebasestorage.app\"}","GCLOUD_PROJECT":"refreshing-website","EVENTARC_CLOUD_EVENT_SOURCE":"projects/refreshing-website/locations/us-central1/functions/createInvite"},"runtime":"nodejs20","buildId":"f5832f40-26c0-49b5-a0eb-5b522922e509","buildEnvironmentVariables":{"GOOGLE_NODE_RUN_SCRIPTS":""},"secretEnvironmentVariables":[{"key":"EMAIL_API_KEY","projectId":"refreshing-website","secret":"EMAIL_API_KEY","version":"1"}],"buildName":"projects/832093857842/locations/us-central1/builds/f5832f40-26c0-49b5-a0eb-5b522922e509","dockerRegistry":"ARTIFACT_REGISTRY","automaticUpdatePolicy":{},"buildServiceAccount":"projects/refreshing-website/serviceAccounts/832093857842-compute@developer.gserviceaccount.com"},"versionId":"6","updateTime":"2026-08-10T03:15:40Z","buildId":"8396bccd-d1fd-4519-bbd2-33cc12b1fb18","sourceToken":"34a41cb0-eee3-467d-a60b-d9de6c7ee8e3","buildName":"projects/832093857842/locations/us-central1/builds/8396bccd-d1fd-4519-bbd2-33cc12b1fb18"},"done":true,"response":{"@type":"type.googleapis.com/google.cloud.functions.v1.CloudFunction","name":"projects/refreshing-website/locations/us-central1/functions/createInvite","httpsTrigger":{"url":"https://us-central1-refreshing-website.cloudfunctions.net/createInvite","securityLevel":"SECURE_ALWAYS"},"status":"ACTIVE","entryPoint":"createInvite","timeout":"60s","availableMemoryMb":256,"serviceAccountEmail":"refreshing-website@appspot.gserviceaccount.com","updateTime":"2026-08-10T03:15:40.518Z","versionId":"6","labels":{"deployment-tool":"cli-firebase","deployment-callable":"true","firebase-functions-hash":"fd8dcf7cb78b07320b04390e661a2227bbaf8243"},"sourceUploadUrl":"https://storage.googleapis.com/uploads-836972235469.us-central1.cloudfunctions.appspot.com/d25e375b-b285-4ae6-92e7-2788b17d669c.zip","environmentVariables":{"FIREBASE_CONFIG":"{\"projectId\":\"refreshing-website\",\"storageBucket\":\"refreshing-website.firebasestorage.app\"}","GCLOUD_PROJECT":"refreshing-website","EVENTARC_CLOUD_EVENT_SOURCE":"projects/refreshing-website/locations/us-central1/functions/createInvite"},"runtime":"nodejs20","ingressSettings":"ALLOW_ALL","buildId":"8396bccd-d1fd-4519-bbd2-33cc12b1fb18","buildEnvironmentVariables":{"GOOGLE_NODE_RUN_SCRIPTS":""},"secretEnvironmentVariables":[{"key":"EMAIL_API_KEY","projectId":"832093857842","secret":"EMAIL_API_KEY","version":"1"}],"buildName":"projects/832093857842/locations/us-central1/builds/8396bccd-d1fd-4519-bbd2-33cc12b1fb18","dockerRegistry":"ARTIFACT_REGISTRY","automaticUpdatePolicy":{},"buildServiceAccount":"projects/refreshing-website/serviceAccounts/832093857842-compute@developer.gserviceaccount.com"}}
[2026-08-10T03:15:48.927Z] Got source token 34a41cb0-eee3-467d-a60b-d9de6c7ee8e3 for region us-central1
+  functions[createInvite(us-central1)] Successful update operation. 
[2026-08-10T03:15:49.131Z] <<< [apiv2][status] PATCH https://cloudscheduler.googleapis.com/v1/projects/refreshing-website/locations/us-central1/jobs/firebase-schedule-pruneVersionHistory-us-central1 200
[2026-08-10T03:15:49.131Z] <<< [apiv2][body] PATCH https://cloudscheduler.googleapis.com/v1/projects/refreshing-website/locations/us-central1/jobs/firebase-schedule-pruneVersionHistory-us-central1 {"name":"projects/refreshing-website/locations/us-central1/jobs/firebase-schedule-pruneVersionHistory-us-central1","pubsubTarget":{"topicName":"projects/refreshing-website/topics/firebase-schedule-pruneVersionHistory-us-central1","attributes":{"scheduled":"true"}},"userUpdateTime":"2026-08-10T03:15:48.605962Z","state":"ENABLED","status":{"code":-1},"scheduleTime":"2026-08-10T08:00:00Z","retryConfig":{"maxRetryDuration":"0s","minBackoffDuration":"5s","maxBackoffDuration":"3600s","maxDoublings":5},"schedule":"0 1 * * *","timeZone":"America/Los_Angeles"}
[2026-08-10T03:15:49.131Z] updated scheduler job firebase-schedule-pruneVersionHistory-us-central1
+  functions[pruneVersionHistory(us-central1)] Successful update operation. 
[2026-08-10T03:15:49.242Z] <<< [apiv2][status] PATCH https://cloudscheduler.googleapis.com/v1/projects/refreshing-website/locations/us-central1/jobs/firebase-schedule-purgeTrash-us-central1 200
[2026-08-10T03:15:49.242Z] <<< [apiv2][body] PATCH https://cloudscheduler.googleapis.com/v1/projects/refreshing-website/locations/us-central1/jobs/firebase-schedule-purgeTrash-us-central1 {"name":"projects/refreshing-website/locations/us-central1/jobs/firebase-schedule-purgeTrash-us-central1","pubsubTarget":{"topicName":"projects/refreshing-website/topics/firebase-schedule-purgeTrash-us-central1","attributes":{"scheduled":"true"}},"userUpdateTime":"2026-08-10T03:15:48.723949Z","state":"ENABLED","status":{"code":-1},"scheduleTime":"2026-08-10T07:00:00Z","retryConfig":{"maxRetryDuration":"0s","minBackoffDuration":"5s","maxBackoffDuration":"3600s","maxDoublings":5},"schedule":"0 0 * * *","timeZone":"America/Los_Angeles"}
[2026-08-10T03:15:49.242Z] updated scheduler job firebase-schedule-purgeTrash-us-central1
+  functions[purgeTrash(us-central1)] Successful update operation. 
[2026-08-10T03:15:56.544Z] [update-default-us-central1-acceptInvite] Retrying task index 0
[2026-08-10T03:15:56.545Z] Checked if tokens are valid: true, expires at: 1786334449855
[2026-08-10T03:15:56.545Z] Checked if tokens are valid: true, expires at: 1786334449855
[2026-08-10T03:15:56.546Z] >>> [apiv2][query] GET https://cloudfunctions.googleapis.com/v1/operations/cmVmcmVzaGluZy13ZWJzaXRlL3VzLWNlbnRyYWwxL2FjY2VwdEludml0ZS9oeWo4Q1MxbTh0UQ [none]
[2026-08-10T03:15:56.715Z] [update-default-us-central1-syncCheckinView] Retrying task index 0
[2026-08-10T03:15:56.716Z] Checked if tokens are valid: true, expires at: 1786334449855
[2026-08-10T03:15:56.716Z] Checked if tokens are valid: true, expires at: 1786334449855
[2026-08-10T03:15:56.716Z] >>> [apiv2][query] GET https://cloudfunctions.googleapis.com/v1/operations/cmVmcmVzaGluZy13ZWJzaXRlL3VzLWNlbnRyYWwxL3N5bmNDaGVja2luVmlldy9uQTM1UGJGYXpiZw [none]
[2026-08-10T03:15:56.779Z] [update-default-us-central1-auditMinistersWrite] Retrying task index 0
[2026-08-10T03:15:56.779Z] Checked if tokens are valid: true, expires at: 1786334449855
[2026-08-10T03:15:56.779Z] Checked if tokens are valid: true, expires at: 1786334449855
[2026-08-10T03:15:56.779Z] >>> [apiv2][query] GET https://cloudfunctions.googleapis.com/v1/operations/cmVmcmVzaGluZy13ZWJzaXRlL3VzLWNlbnRyYWwxL2F1ZGl0TWluaXN0ZXJzV3JpdGUvWlg4VjVGREpJUW8 [none]
[2026-08-10T03:15:56.826Z] [update-default-us-central1-provisionAdminAccount] Retrying task index 0
[2026-08-10T03:15:56.826Z] Checked if tokens are valid: true, expires at: 1786334449855
[2026-08-10T03:15:56.827Z] Checked if tokens are valid: true, expires at: 1786334449855
[2026-08-10T03:15:56.827Z] >>> [apiv2][query] GET https://cloudfunctions.googleapis.com/v1/operations/cmVmcmVzaGluZy13ZWJzaXRlL3VzLWNlbnRyYWwxL3Byb3Zpc2lvbkFkbWluQWNjb3VudC91cXEwUGxIRm5Fdw [none]
[2026-08-10T03:15:56.909Z] [update-default-us-central1-revokeUserAccess] Retrying task index 0
[2026-08-10T03:15:56.909Z] Checked if tokens are valid: true, expires at: 1786334449855
[2026-08-10T03:15:56.910Z] Checked if tokens are valid: true, expires at: 1786334449855
[2026-08-10T03:15:56.910Z] >>> [apiv2][query] GET https://cloudfunctions.googleapis.com/v1/operations/cmVmcmVzaGluZy13ZWJzaXRlL3VzLWNlbnRyYWwxL3Jldm9rZVVzZXJBY2Nlc3MvOFVjcEI3M05NdTQ [none]
[2026-08-10T03:15:56.960Z] [update-default-us-central1-undoCheckIn] Retrying task index 0
[2026-08-10T03:15:56.960Z] Checked if tokens are valid: true, expires at: 1786334449855
[2026-08-10T03:15:56.960Z] Checked if tokens are valid: true, expires at: 1786334449855
[2026-08-10T03:15:56.960Z] >>> [apiv2][query] GET https://cloudfunctions.googleapis.com/v1/operations/cmVmcmVzaGluZy13ZWJzaXRlL3VzLWNlbnRyYWwxL3VuZG9DaGVja0luL0E0ckIyRFREX0ln [none]
[2026-08-10T03:15:57.025Z] [update-default-us-central1-auditSessionsWrite] Retrying task index 0
[2026-08-10T03:15:57.026Z] Checked if tokens are valid: true, expires at: 1786334449855
[2026-08-10T03:15:57.027Z] Checked if tokens are valid: true, expires at: 1786334449855
[2026-08-10T03:15:57.027Z] >>> [apiv2][query] GET https://cloudfunctions.googleapis.com/v1/operations/cmVmcmVzaGluZy13ZWJzaXRlL3VzLWNlbnRyYWwxL2F1ZGl0U2Vzc2lvbnNXcml0ZS9ZOHJSeDdXZ0xrUQ [none]
[2026-08-10T03:15:57.062Z] <<< [apiv2][status] GET https://cloudfunctions.googleapis.com/v1/operations/cmVmcmVzaGluZy13ZWJzaXRlL3VzLWNlbnRyYWwxL2FjY2VwdEludml0ZS9oeWo4Q1MxbTh0UQ 200
[2026-08-10T03:15:57.063Z] <<< [apiv2][body] GET https://cloudfunctions.googleapis.com/v1/operations/cmVmcmVzaGluZy13ZWJzaXRlL3VzLWNlbnRyYWwxL2FjY2VwdEludml0ZS9oeWo4Q1MxbTh0UQ {"name":"operations/cmVmcmVzaGluZy13ZWJzaXRlL3VzLWNlbnRyYWwxL2FjY2VwdEludml0ZS9oeWo4Q1MxbTh0UQ","metadata":{"@type":"type.googleapis.com/google.cloud.functions.v1.OperationMetadataV1","target":"projects/refreshing-website/locations/us-central1/functions/acceptInvite","type":"UPDATE_FUNCTION","request":{"@type":"type.googleapis.com/google.cloud.functions.v1.CloudFunction","name":"projects/refreshing-website/locations/us-central1/functions/acceptInvite","httpsTrigger":{"url":"https://us-central1-refreshing-website.cloudfunctions.net/acceptInvite","securityLevel":"SECURE_ALWAYS"},"status":"ACTIVE","entryPoint":"acceptInvite","updateTime":"2026-08-10T03:12:39.067Z","versionId":"4","labels":{"deployment-tool":"cli-firebase","deployment-callable":"true","firebase-functions-hash":"4d0e9bd4750926bf686d9a2578c78b22796053a7"},"sourceUploadUrl":"https://storage.googleapis.com/uploads-836972235469.us-central1.cloudfunctions.appspot.com/d25e375b-b285-4ae6-92e7-2788b17d669c.zip?GoogleAccessId=service-832093857842@gcf-admin-robot.iam.gserviceaccount.com&Expires=1786333476&Signature=vodKr4jEv8OxG2kgtja5bkjca7lc4oW09Rk0uIElcJWMVvGfHW3uZTtf0Pxaa9GxMn8AMyP29kWMN9T5upIvLBuEwjRBEITXuHhGqefqzbyP995sP%2FwVvGjBen%2FRGzS8u0F12UgYd%2B6vfLlhqyiKHsaJd1XlNcOVZH5%2BKvMKO3A719qEdkg8Tv8sn%2F7n8PLZFCYQBZr53ba2f1Ap6poBC%2F3XWkvGpzx6V1xj%2F7EwWkOE%2Flk24kM%2F9rpvQ2EESgJWOfdwoBhFXmz8XxdR3comtFOtedwxI99qUzVIOU6uhTBZwOGE3LlH8G7NPmspxSBdg1FRMa5CjozRjP1w4n7c4A%3D%3D","environmentVariables":{"FIREBASE_CONFIG":"{\"projectId\":\"refreshing-website\",\"storageBucket\":\"refreshing-website.firebasestorage.app\"}","GCLOUD_PROJECT":"refreshing-website","EVENTARC_CLOUD_EVENT_SOURCE":"projects/refreshing-website/locations/us-central1/functions/acceptInvite"},"runtime":"nodejs20","buildId":"f5832f40-26c0-49b5-a0eb-5b522922e509","buildEnvironmentVariables":{"GOOGLE_NODE_RUN_SCRIPTS":""},"sourceToken":"34a41cb0-eee3-467d-a60b-d9de6c7ee8e3","buildName":"projects/832093857842/locations/us-central1/builds/f5832f40-26c0-49b5-a0eb-5b522922e509","dockerRegistry":"ARTIFACT_REGISTRY","automaticUpdatePolicy":{},"buildServiceAccount":"projects/refreshing-website/serviceAccounts/832093857842-compute@developer.gserviceaccount.com"},"versionId":"5","updateTime":"2026-08-10T03:15:47Z","buildId":"8396bccd-d1fd-4519-bbd2-33cc12b1fb18","sourceToken":"34a41cb0-eee3-467d-a60b-d9de6c7ee8e3","buildName":"projects/832093857842/locations/us-central1/builds/8396bccd-d1fd-4519-bbd2-33cc12b1fb18"},"done":true,"response":{"@type":"type.googleapis.com/google.cloud.functions.v1.CloudFunction","name":"projects/refreshing-website/locations/us-central1/functions/acceptInvite","httpsTrigger":{"url":"https://us-central1-refreshing-website.cloudfunctions.net/acceptInvite","securityLevel":"SECURE_ALWAYS"},"status":"ACTIVE","entryPoint":"acceptInvite","timeout":"60s","availableMemoryMb":256,"serviceAccountEmail":"refreshing-website@appspot.gserviceaccount.com","updateTime":"2026-08-10T03:15:47.084Z","versionId":"5","labels":{"deployment-tool":"cli-firebase","deployment-callable":"true","firebase-functions-hash":"4d0e9bd4750926bf686d9a2578c78b22796053a7"},"sourceUploadUrl":"https://storage.googleapis.com/uploads-836972235469.us-central1.cloudfunctions.appspot.com/d25e375b-b285-4ae6-92e7-2788b17d669c.zip","environmentVariables":{"FIREBASE_CONFIG":"{\"projectId\":\"refreshing-website\",\"storageBucket\":\"refreshing-website.firebasestorage.app\"}","GCLOUD_PROJECT":"refreshing-website","EVENTARC_CLOUD_EVENT_SOURCE":"projects/refreshing-website/locations/us-central1/functions/acceptInvite"},"runtime":"nodejs20","ingressSettings":"ALLOW_ALL","buildId":"8396bccd-d1fd-4519-bbd2-33cc12b1fb18","buildEnvironmentVariables":{"GOOGLE_NODE_RUN_SCRIPTS":""},"buildName":"projects/832093857842/locations/us-central1/builds/8396bccd-d1fd-4519-bbd2-33cc12b1fb18","dockerRegistry":"ARTIFACT_REGISTRY","automaticUpdatePolicy":{},"buildServiceAccount":"projects/refreshing-website/serviceAccounts/832093857842-compute@developer.gserviceaccount.com"}}
[2026-08-10T03:15:57.063Z] Got source token 34a41cb0-eee3-467d-a60b-d9de6c7ee8e3 for region us-central1
+  functions[acceptInvite(us-central1)] Successful update operation. 
[2026-08-10T03:15:57.219Z] <<< [apiv2][status] GET https://cloudfunctions.googleapis.com/v1/operations/cmVmcmVzaGluZy13ZWJzaXRlL3VzLWNlbnRyYWwxL3N5bmNDaGVja2luVmlldy9uQTM1UGJGYXpiZw 200
[2026-08-10T03:15:57.220Z] <<< [apiv2][body] GET https://cloudfunctions.googleapis.com/v1/operations/cmVmcmVzaGluZy13ZWJzaXRlL3VzLWNlbnRyYWwxL3N5bmNDaGVja2luVmlldy9uQTM1UGJGYXpiZw {"name":"operations/cmVmcmVzaGluZy13ZWJzaXRlL3VzLWNlbnRyYWwxL3N5bmNDaGVja2luVmlldy9uQTM1UGJGYXpiZw","metadata":{"@type":"type.googleapis.com/google.cloud.functions.v1.OperationMetadataV1","target":"projects/refreshing-website/locations/us-central1/functions/syncCheckinView","type":"UPDATE_FUNCTION","request":{"@type":"type.googleapis.com/google.cloud.functions.v1.CloudFunction","name":"projects/refreshing-website/locations/us-central1/functions/syncCheckinView","eventTrigger":{"eventType":"providers/cloud.firestore/eventTypes/document.write","resource":"projects/refreshing-website/databases/(default)/documents/events/{eventId}/attendees/{attendeeId}","service":"firestore.googleapis.com"},"status":"ACTIVE","entryPoint":"syncCheckinView","updateTime":"2026-08-10T03:12:40.842Z","versionId":"4","labels":{"deployment-tool":"cli-firebase","firebase-functions-hash":"4d0e9bd4750926bf686d9a2578c78b22796053a7"},"sourceUploadUrl":"https://storage.googleapis.com/uploads-836972235469.us-central1.cloudfunctions.appspot.com/d25e375b-b285-4ae6-92e7-2788b17d669c.zip?GoogleAccessId=service-832093857842@gcf-admin-robot.iam.gserviceaccount.com&Expires=1786333476&Signature=vodKr4jEv8OxG2kgtja5bkjca7lc4oW09Rk0uIElcJWMVvGfHW3uZTtf0Pxaa9GxMn8AMyP29kWMN9T5upIvLBuEwjRBEITXuHhGqefqzbyP995sP%2FwVvGjBen%2FRGzS8u0F12UgYd%2B6vfLlhqyiKHsaJd1XlNcOVZH5%2BKvMKO3A719qEdkg8Tv8sn%2F7n8PLZFCYQBZr53ba2f1Ap6poBC%2F3XWkvGpzx6V1xj%2F7EwWkOE%2Flk24kM%2F9rpvQ2EESgJWOfdwoBhFXmz8XxdR3comtFOtedwxI99qUzVIOU6uhTBZwOGE3LlH8G7NPmspxSBdg1FRMa5CjozRjP1w4n7c4A%3D%3D","environmentVariables":{"FIREBASE_CONFIG":"{\"projectId\":\"refreshing-website\",\"storageBucket\":\"refreshing-website.firebasestorage.app\"}","GCLOUD_PROJECT":"refreshing-website","EVENTARC_CLOUD_EVENT_SOURCE":"projects/refreshing-website/locations/us-central1/functions/syncCheckinView"},"runtime":"nodejs20","buildId":"f5832f40-26c0-49b5-a0eb-5b522922e509","buildEnvironmentVariables":{"GOOGLE_NODE_RUN_SCRIPTS":""},"sourceToken":"34a41cb0-eee3-467d-a60b-d9de6c7ee8e3","buildName":"projects/832093857842/locations/us-central1/builds/f5832f40-26c0-49b5-a0eb-5b522922e509","dockerRegistry":"ARTIFACT_REGISTRY","automaticUpdatePolicy":{},"buildServiceAccount":"projects/refreshing-website/serviceAccounts/832093857842-compute@developer.gserviceaccount.com"},"versionId":"5","updateTime":"2026-08-10T03:15:50Z","buildId":"8396bccd-d1fd-4519-bbd2-33cc12b1fb18","sourceToken":"34a41cb0-eee3-467d-a60b-d9de6c7ee8e3","buildName":"projects/832093857842/locations/us-central1/builds/8396bccd-d1fd-4519-bbd2-33cc12b1fb18"},"done":true,"response":{"@type":"type.googleapis.com/google.cloud.functions.v1.CloudFunction","name":"projects/refreshing-website/locations/us-central1/functions/syncCheckinView","eventTrigger":{"eventType":"providers/cloud.firestore/eventTypes/document.write","resource":"projects/refreshing-website/databases/(default)/documents/events/{eventId}/attendees/{attendeeId}","service":"firestore.googleapis.com","failurePolicy":{}},"status":"ACTIVE","entryPoint":"syncCheckinView","timeout":"60s","availableMemoryMb":256,"serviceAccountEmail":"refreshing-website@appspot.gserviceaccount.com","updateTime":"2026-08-10T03:15:50.032Z","versionId":"5","labels":{"deployment-tool":"cli-firebase","firebase-functions-hash":"4d0e9bd4750926bf686d9a2578c78b22796053a7"},"sourceUploadUrl":"https://storage.googleapis.com/uploads-836972235469.us-central1.cloudfunctions.appspot.com/d25e375b-b285-4ae6-92e7-2788b17d669c.zip","environmentVariables":{"FIREBASE_CONFIG":"{\"projectId\":\"refreshing-website\",\"storageBucket\":\"refreshing-website.firebasestorage.app\"}","GCLOUD_PROJECT":"refreshing-website","EVENTARC_CLOUD_EVENT_SOURCE":"projects/refreshing-website/locations/us-central1/functions/syncCheckinView"},"runtime":"nodejs20","maxInstances":3000,"ingressSettings":"ALLOW_ALL","buildId":"8396bccd-d1fd-4519-bbd2-33cc12b1fb18","buildEnvironmentVariables":{"GOOGLE_NODE_RUN_SCRIPTS":""},"buildName":"projects/832093857842/locations/us-central1/builds/8396bccd-d1fd-4519-bbd2-33cc12b1fb18","dockerRegistry":"ARTIFACT_REGISTRY","automaticUpdatePolicy":{},"buildServiceAccount":"projects/refreshing-website/serviceAccounts/832093857842-compute@developer.gserviceaccount.com"}}
[2026-08-10T03:15:57.220Z] Got source token 34a41cb0-eee3-467d-a60b-d9de6c7ee8e3 for region us-central1
+  functions[syncCheckinView(us-central1)] Successful update operation. 
[2026-08-10T03:15:57.277Z] <<< [apiv2][status] GET https://cloudfunctions.googleapis.com/v1/operations/cmVmcmVzaGluZy13ZWJzaXRlL3VzLWNlbnRyYWwxL2F1ZGl0TWluaXN0ZXJzV3JpdGUvWlg4VjVGREpJUW8 200
[2026-08-10T03:15:57.277Z] <<< [apiv2][body] GET https://cloudfunctions.googleapis.com/v1/operations/cmVmcmVzaGluZy13ZWJzaXRlL3VzLWNlbnRyYWwxL2F1ZGl0TWluaXN0ZXJzV3JpdGUvWlg4VjVGREpJUW8 {"name":"operations/cmVmcmVzaGluZy13ZWJzaXRlL3VzLWNlbnRyYWwxL2F1ZGl0TWluaXN0ZXJzV3JpdGUvWlg4VjVGREpJUW8","metadata":{"@type":"type.googleapis.com/google.cloud.functions.v1.OperationMetadataV1","target":"projects/refreshing-website/locations/us-central1/functions/auditMinistersWrite","type":"UPDATE_FUNCTION","request":{"@type":"type.googleapis.com/google.cloud.functions.v1.CloudFunction","name":"projects/refreshing-website/locations/us-central1/functions/auditMinistersWrite","eventTrigger":{"eventType":"providers/cloud.firestore/eventTypes/document.write","resource":"projects/refreshing-website/databases/(default)/documents/events/{eventId}/ministers/{ministerId}","service":"firestore.googleapis.com"},"status":"ACTIVE","entryPoint":"auditMinistersWrite","updateTime":"2026-08-10T03:12:38.944Z","versionId":"4","labels":{"deployment-tool":"cli-firebase","firebase-functions-hash":"4d0e9bd4750926bf686d9a2578c78b22796053a7"},"sourceUploadUrl":"https://storage.googleapis.com/uploads-836972235469.us-central1.cloudfunctions.appspot.com/d25e375b-b285-4ae6-92e7-2788b17d669c.zip?GoogleAccessId=service-832093857842@gcf-admin-robot.iam.gserviceaccount.com&Expires=1786333476&Signature=vodKr4jEv8OxG2kgtja5bkjca7lc4oW09Rk0uIElcJWMVvGfHW3uZTtf0Pxaa9GxMn8AMyP29kWMN9T5upIvLBuEwjRBEITXuHhGqefqzbyP995sP%2FwVvGjBen%2FRGzS8u0F12UgYd%2B6vfLlhqyiKHsaJd1XlNcOVZH5%2BKvMKO3A719qEdkg8Tv8sn%2F7n8PLZFCYQBZr53ba2f1Ap6poBC%2F3XWkvGpzx6V1xj%2F7EwWkOE%2Flk24kM%2F9rpvQ2EESgJWOfdwoBhFXmz8XxdR3comtFOtedwxI99qUzVIOU6uhTBZwOGE3LlH8G7NPmspxSBdg1FRMa5CjozRjP1w4n7c4A%3D%3D","environmentVariables":{"FIREBASE_CONFIG":"{\"projectId\":\"refreshing-website\",\"storageBucket\":\"refreshing-website.firebasestorage.app\"}","GCLOUD_PROJECT":"refreshing-website","EVENTARC_CLOUD_EVENT_SOURCE":"projects/refreshing-website/locations/us-central1/functions/auditMinistersWrite"},"runtime":"nodejs20","buildId":"f5832f40-26c0-49b5-a0eb-5b522922e509","buildEnvironmentVariables":{"GOOGLE_NODE_RUN_SCRIPTS":""},"sourceToken":"34a41cb0-eee3-467d-a60b-d9de6c7ee8e3","buildName":"projects/832093857842/locations/us-central1/builds/f5832f40-26c0-49b5-a0eb-5b522922e509","dockerRegistry":"ARTIFACT_REGISTRY","automaticUpdatePolicy":{},"buildServiceAccount":"projects/refreshing-website/serviceAccounts/832093857842-compute@developer.gserviceaccount.com"},"versionId":"5","updateTime":"2026-08-10T03:15:49Z","buildId":"8396bccd-d1fd-4519-bbd2-33cc12b1fb18","sourceToken":"34a41cb0-eee3-467d-a60b-d9de6c7ee8e3","buildName":"projects/832093857842/locations/us-central1/builds/8396bccd-d1fd-4519-bbd2-33cc12b1fb18"},"done":true,"response":{"@type":"type.googleapis.com/google.cloud.functions.v1.CloudFunction","name":"projects/refreshing-website/locations/us-central1/functions/auditMinistersWrite","eventTrigger":{"eventType":"providers/cloud.firestore/eventTypes/document.write","resource":"projects/refreshing-website/databases/(default)/documents/events/{eventId}/ministers/{ministerId}","service":"firestore.googleapis.com","failurePolicy":{}},"status":"ACTIVE","entryPoint":"auditMinistersWrite","timeout":"60s","availableMemoryMb":256,"serviceAccountEmail":"refreshing-website@appspot.gserviceaccount.com","updateTime":"2026-08-10T03:15:49.890Z","versionId":"5","labels":{"deployment-tool":"cli-firebase","firebase-functions-hash":"4d0e9bd4750926bf686d9a2578c78b22796053a7"},"sourceUploadUrl":"https://storage.googleapis.com/uploads-836972235469.us-central1.cloudfunctions.appspot.com/d25e375b-b285-4ae6-92e7-2788b17d669c.zip","environmentVariables":{"FIREBASE_CONFIG":"{\"projectId\":\"refreshing-website\",\"storageBucket\":\"refreshing-website.firebasestorage.app\"}","GCLOUD_PROJECT":"refreshing-website","EVENTARC_CLOUD_EVENT_SOURCE":"projects/refreshing-website/locations/us-central1/functions/auditMinistersWrite"},"runtime":"nodejs20","maxInstances":3000,"ingressSettings":"ALLOW_ALL","buildId":"8396bccd-d1fd-4519-bbd2-33cc12b1fb18","buildEnvironmentVariables":{"GOOGLE_NODE_RUN_SCRIPTS":""},"buildName":"projects/832093857842/locations/us-central1/builds/8396bccd-d1fd-4519-bbd2-33cc12b1fb18","dockerRegistry":"ARTIFACT_REGISTRY","automaticUpdatePolicy":{},"buildServiceAccount":"projects/refreshing-website/serviceAccounts/832093857842-compute@developer.gserviceaccount.com"}}
[2026-08-10T03:15:57.277Z] Got source token 34a41cb0-eee3-467d-a60b-d9de6c7ee8e3 for region us-central1
+  functions[auditMinistersWrite(us-central1)] Successful update operation. 
[2026-08-10T03:15:57.303Z] <<< [apiv2][status] GET https://cloudfunctions.googleapis.com/v1/operations/cmVmcmVzaGluZy13ZWJzaXRlL3VzLWNlbnRyYWwxL3Byb3Zpc2lvbkFkbWluQWNjb3VudC91cXEwUGxIRm5Fdw 200
[2026-08-10T03:15:57.303Z] <<< [apiv2][body] GET https://cloudfunctions.googleapis.com/v1/operations/cmVmcmVzaGluZy13ZWJzaXRlL3VzLWNlbnRyYWwxL3Byb3Zpc2lvbkFkbWluQWNjb3VudC91cXEwUGxIRm5Fdw {"name":"operations/cmVmcmVzaGluZy13ZWJzaXRlL3VzLWNlbnRyYWwxL3Byb3Zpc2lvbkFkbWluQWNjb3VudC91cXEwUGxIRm5Fdw","metadata":{"@type":"type.googleapis.com/google.cloud.functions.v1.OperationMetadataV1","target":"projects/refreshing-website/locations/us-central1/functions/provisionAdminAccount","type":"UPDATE_FUNCTION","request":{"@type":"type.googleapis.com/google.cloud.functions.v1.CloudFunction","name":"projects/refreshing-website/locations/us-central1/functions/provisionAdminAccount","httpsTrigger":{"url":"https://us-central1-refreshing-website.cloudfunctions.net/provisionAdminAccount","securityLevel":"SECURE_ALWAYS"},"status":"ACTIVE","entryPoint":"provisionAdminAccount","updateTime":"2026-08-10T03:12:35.356Z","versionId":"4","labels":{"deployment-tool":"cli-firebase","deployment-callable":"true","firebase-functions-hash":"4d0e9bd4750926bf686d9a2578c78b22796053a7"},"sourceUploadUrl":"https://storage.googleapis.com/uploads-836972235469.us-central1.cloudfunctions.appspot.com/d25e375b-b285-4ae6-92e7-2788b17d669c.zip?GoogleAccessId=service-832093857842@gcf-admin-robot.iam.gserviceaccount.com&Expires=1786333476&Signature=vodKr4jEv8OxG2kgtja5bkjca7lc4oW09Rk0uIElcJWMVvGfHW3uZTtf0Pxaa9GxMn8AMyP29kWMN9T5upIvLBuEwjRBEITXuHhGqefqzbyP995sP%2FwVvGjBen%2FRGzS8u0F12UgYd%2B6vfLlhqyiKHsaJd1XlNcOVZH5%2BKvMKO3A719qEdkg8Tv8sn%2F7n8PLZFCYQBZr53ba2f1Ap6poBC%2F3XWkvGpzx6V1xj%2F7EwWkOE%2Flk24kM%2F9rpvQ2EESgJWOfdwoBhFXmz8XxdR3comtFOtedwxI99qUzVIOU6uhTBZwOGE3LlH8G7NPmspxSBdg1FRMa5CjozRjP1w4n7c4A%3D%3D","environmentVariables":{"FIREBASE_CONFIG":"{\"projectId\":\"refreshing-website\",\"storageBucket\":\"refreshing-website.firebasestorage.app\"}","GCLOUD_PROJECT":"refreshing-website","EVENTARC_CLOUD_EVENT_SOURCE":"projects/refreshing-website/locations/us-central1/functions/provisionAdminAccount"},"runtime":"nodejs20","buildId":"f5832f40-26c0-49b5-a0eb-5b522922e509","buildEnvironmentVariables":{"GOOGLE_NODE_RUN_SCRIPTS":""},"sourceToken":"34a41cb0-eee3-467d-a60b-d9de6c7ee8e3","buildName":"projects/832093857842/locations/us-central1/builds/f5832f40-26c0-49b5-a0eb-5b522922e509","dockerRegistry":"ARTIFACT_REGISTRY","automaticUpdatePolicy":{},"buildServiceAccount":"projects/refreshing-website/serviceAccounts/832093857842-compute@developer.gserviceaccount.com"},"versionId":"5","updateTime":"2026-08-10T03:15:49Z","buildId":"8396bccd-d1fd-4519-bbd2-33cc12b1fb18","sourceToken":"34a41cb0-eee3-467d-a60b-d9de6c7ee8e3","buildName":"projects/832093857842/locations/us-central1/builds/8396bccd-d1fd-4519-bbd2-33cc12b1fb18"},"done":true,"response":{"@type":"type.googleapis.com/google.cloud.functions.v1.CloudFunction","name":"projects/refreshing-website/locations/us-central1/functions/provisionAdminAccount","httpsTrigger":{"url":"https://us-central1-refreshing-website.cloudfunctions.net/provisionAdminAccount","securityLevel":"SECURE_ALWAYS"},"status":"ACTIVE","entryPoint":"provisionAdminAccount","timeout":"60s","availableMemoryMb":256,"serviceAccountEmail":"refreshing-website@appspot.gserviceaccount.com","updateTime":"2026-08-10T03:15:49.705Z","versionId":"5","labels":{"deployment-tool":"cli-firebase","deployment-callable":"true","firebase-functions-hash":"4d0e9bd4750926bf686d9a2578c78b22796053a7"},"sourceUploadUrl":"https://storage.googleapis.com/uploads-836972235469.us-central1.cloudfunctions.appspot.com/d25e375b-b285-4ae6-92e7-2788b17d669c.zip","environmentVariables":{"FIREBASE_CONFIG":"{\"projectId\":\"refreshing-website\",\"storageBucket\":\"refreshing-website.firebasestorage.app\"}","GCLOUD_PROJECT":"refreshing-website","EVENTARC_CLOUD_EVENT_SOURCE":"projects/refreshing-website/locations/us-central1/functions/provisionAdminAccount"},"runtime":"nodejs20","ingressSettings":"ALLOW_ALL","buildId":"8396bccd-d1fd-4519-bbd2-33cc12b1fb18","buildEnvironmentVariables":{"GOOGLE_NODE_RUN_SCRIPTS":""},"buildName":"projects/832093857842/locations/us-central1/builds/8396bccd-d1fd-4519-bbd2-33cc12b1fb18","dockerRegistry":"ARTIFACT_REGISTRY","automaticUpdatePolicy":{},"buildServiceAccount":"projects/refreshing-website/serviceAccounts/832093857842-compute@developer.gserviceaccount.com"}}
[2026-08-10T03:15:57.303Z] Got source token 34a41cb0-eee3-467d-a60b-d9de6c7ee8e3 for region us-central1
+  functions[provisionAdminAccount(us-central1)] Successful update operation. 
[2026-08-10T03:15:57.405Z] <<< [apiv2][status] GET https://cloudfunctions.googleapis.com/v1/operations/cmVmcmVzaGluZy13ZWJzaXRlL3VzLWNlbnRyYWwxL3Jldm9rZVVzZXJBY2Nlc3MvOFVjcEI3M05NdTQ 200
[2026-08-10T03:15:57.407Z] <<< [apiv2][body] GET https://cloudfunctions.googleapis.com/v1/operations/cmVmcmVzaGluZy13ZWJzaXRlL3VzLWNlbnRyYWwxL3Jldm9rZVVzZXJBY2Nlc3MvOFVjcEI3M05NdTQ {"name":"operations/cmVmcmVzaGluZy13ZWJzaXRlL3VzLWNlbnRyYWwxL3Jldm9rZVVzZXJBY2Nlc3MvOFVjcEI3M05NdTQ","metadata":{"@type":"type.googleapis.com/google.cloud.functions.v1.OperationMetadataV1","target":"projects/refreshing-website/locations/us-central1/functions/revokeUserAccess","type":"UPDATE_FUNCTION","request":{"@type":"type.googleapis.com/google.cloud.functions.v1.CloudFunction","name":"projects/refreshing-website/locations/us-central1/functions/revokeUserAccess","httpsTrigger":{"url":"https://us-central1-refreshing-website.cloudfunctions.net/revokeUserAccess","securityLevel":"SECURE_ALWAYS"},"status":"ACTIVE","entryPoint":"revokeUserAccess","updateTime":"2026-08-10T03:12:38.596Z","versionId":"4","labels":{"deployment-tool":"cli-firebase","deployment-callable":"true","firebase-functions-hash":"4d0e9bd4750926bf686d9a2578c78b22796053a7"},"sourceUploadUrl":"https://storage.googleapis.com/uploads-836972235469.us-central1.cloudfunctions.appspot.com/d25e375b-b285-4ae6-92e7-2788b17d669c.zip?GoogleAccessId=service-832093857842@gcf-admin-robot.iam.gserviceaccount.com&Expires=1786333476&Signature=vodKr4jEv8OxG2kgtja5bkjca7lc4oW09Rk0uIElcJWMVvGfHW3uZTtf0Pxaa9GxMn8AMyP29kWMN9T5upIvLBuEwjRBEITXuHhGqefqzbyP995sP%2FwVvGjBen%2FRGzS8u0F12UgYd%2B6vfLlhqyiKHsaJd1XlNcOVZH5%2BKvMKO3A719qEdkg8Tv8sn%2F7n8PLZFCYQBZr53ba2f1Ap6poBC%2F3XWkvGpzx6V1xj%2F7EwWkOE%2Flk24kM%2F9rpvQ2EESgJWOfdwoBhFXmz8XxdR3comtFOtedwxI99qUzVIOU6uhTBZwOGE3LlH8G7NPmspxSBdg1FRMa5CjozRjP1w4n7c4A%3D%3D","environmentVariables":{"FIREBASE_CONFIG":"{\"projectId\":\"refreshing-website\",\"storageBucket\":\"refreshing-website.firebasestorage.app\"}","GCLOUD_PROJECT":"refreshing-website","EVENTARC_CLOUD_EVENT_SOURCE":"projects/refreshing-website/locations/us-central1/functions/revokeUserAccess"},"runtime":"nodejs20","buildId":"f5832f40-26c0-49b5-a0eb-5b522922e509","buildEnvironmentVariables":{"GOOGLE_NODE_RUN_SCRIPTS":""},"sourceToken":"34a41cb0-eee3-467d-a60b-d9de6c7ee8e3","buildName":"projects/832093857842/locations/us-central1/builds/f5832f40-26c0-49b5-a0eb-5b522922e509","dockerRegistry":"ARTIFACT_REGISTRY","automaticUpdatePolicy":{},"buildServiceAccount":"projects/refreshing-website/serviceAccounts/832093857842-compute@developer.gserviceaccount.com"},"versionId":"5","updateTime":"2026-08-10T03:15:50Z","buildId":"8396bccd-d1fd-4519-bbd2-33cc12b1fb18","sourceToken":"34a41cb0-eee3-467d-a60b-d9de6c7ee8e3","buildName":"projects/832093857842/locations/us-central1/builds/8396bccd-d1fd-4519-bbd2-33cc12b1fb18"},"done":true,"response":{"@type":"type.googleapis.com/google.cloud.functions.v1.CloudFunction","name":"projects/refreshing-website/locations/us-central1/functions/revokeUserAccess","httpsTrigger":{"url":"https://us-central1-refreshing-website.cloudfunctions.net/revokeUserAccess","securityLevel":"SECURE_ALWAYS"},"status":"ACTIVE","entryPoint":"revokeUserAccess","timeout":"60s","availableMemoryMb":256,"serviceAccountEmail":"refreshing-website@appspot.gserviceaccount.com","updateTime":"2026-08-10T03:15:49.985Z","versionId":"5","labels":{"deployment-tool":"cli-firebase","deployment-callable":"true","firebase-functions-hash":"4d0e9bd4750926bf686d9a2578c78b22796053a7"},"sourceUploadUrl":"https://storage.googleapis.com/uploads-836972235469.us-central1.cloudfunctions.appspot.com/d25e375b-b285-4ae6-92e7-2788b17d669c.zip","environmentVariables":{"FIREBASE_CONFIG":"{\"projectId\":\"refreshing-website\",\"storageBucket\":\"refreshing-website.firebasestorage.app\"}","GCLOUD_PROJECT":"refreshing-website","EVENTARC_CLOUD_EVENT_SOURCE":"projects/refreshing-website/locations/us-central1/functions/revokeUserAccess"},"runtime":"nodejs20","ingressSettings":"ALLOW_ALL","buildId":"8396bccd-d1fd-4519-bbd2-33cc12b1fb18","buildEnvironmentVariables":{"GOOGLE_NODE_RUN_SCRIPTS":""},"buildName":"projects/832093857842/locations/us-central1/builds/8396bccd-d1fd-4519-bbd2-33cc12b1fb18","dockerRegistry":"ARTIFACT_REGISTRY","automaticUpdatePolicy":{},"buildServiceAccount":"projects/refreshing-website/serviceAccounts/832093857842-compute@developer.gserviceaccount.com"}}
[2026-08-10T03:15:57.408Z] Got source token 34a41cb0-eee3-467d-a60b-d9de6c7ee8e3 for region us-central1
+  functions[revokeUserAccess(us-central1)] Successful update operation. 
[2026-08-10T03:15:57.459Z] <<< [apiv2][status] GET https://cloudfunctions.googleapis.com/v1/operations/cmVmcmVzaGluZy13ZWJzaXRlL3VzLWNlbnRyYWwxL3VuZG9DaGVja0luL0E0ckIyRFREX0ln 200
[2026-08-10T03:15:57.460Z] <<< [apiv2][body] GET https://cloudfunctions.googleapis.com/v1/operations/cmVmcmVzaGluZy13ZWJzaXRlL3VzLWNlbnRyYWwxL3VuZG9DaGVja0luL0E0ckIyRFREX0ln {"name":"operations/cmVmcmVzaGluZy13ZWJzaXRlL3VzLWNlbnRyYWwxL3VuZG9DaGVja0luL0E0ckIyRFREX0ln","metadata":{"@type":"type.googleapis.com/google.cloud.functions.v1.OperationMetadataV1","target":"projects/refreshing-website/locations/us-central1/functions/undoCheckIn","type":"UPDATE_FUNCTION","request":{"@type":"type.googleapis.com/google.cloud.functions.v1.CloudFunction","name":"projects/refreshing-website/locations/us-central1/functions/undoCheckIn","httpsTrigger":{"url":"https://us-central1-refreshing-website.cloudfunctions.net/undoCheckIn","securityLevel":"SECURE_ALWAYS"},"status":"ACTIVE","entryPoint":"undoCheckIn","updateTime":"2026-08-10T03:12:41.295Z","versionId":"4","labels":{"deployment-tool":"cli-firebase","deployment-callable":"true","firebase-functions-hash":"4d0e9bd4750926bf686d9a2578c78b22796053a7"},"sourceUploadUrl":"https://storage.googleapis.com/uploads-836972235469.us-central1.cloudfunctions.appspot.com/d25e375b-b285-4ae6-92e7-2788b17d669c.zip?GoogleAccessId=service-832093857842@gcf-admin-robot.iam.gserviceaccount.com&Expires=1786333476&Signature=vodKr4jEv8OxG2kgtja5bkjca7lc4oW09Rk0uIElcJWMVvGfHW3uZTtf0Pxaa9GxMn8AMyP29kWMN9T5upIvLBuEwjRBEITXuHhGqefqzbyP995sP%2FwVvGjBen%2FRGzS8u0F12UgYd%2B6vfLlhqyiKHsaJd1XlNcOVZH5%2BKvMKO3A719qEdkg8Tv8sn%2F7n8PLZFCYQBZr53ba2f1Ap6poBC%2F3XWkvGpzx6V1xj%2F7EwWkOE%2Flk24kM%2F9rpvQ2EESgJWOfdwoBhFXmz8XxdR3comtFOtedwxI99qUzVIOU6uhTBZwOGE3LlH8G7NPmspxSBdg1FRMa5CjozRjP1w4n7c4A%3D%3D","environmentVariables":{"FIREBASE_CONFIG":"{\"projectId\":\"refreshing-website\",\"storageBucket\":\"refreshing-website.firebasestorage.app\"}","GCLOUD_PROJECT":"refreshing-website","EVENTARC_CLOUD_EVENT_SOURCE":"projects/refreshing-website/locations/us-central1/functions/undoCheckIn"},"runtime":"nodejs20","buildId":"f5832f40-26c0-49b5-a0eb-5b522922e509","buildEnvironmentVariables":{"GOOGLE_NODE_RUN_SCRIPTS":""},"sourceToken":"34a41cb0-eee3-467d-a60b-d9de6c7ee8e3","buildName":"projects/832093857842/locations/us-central1/builds/f5832f40-26c0-49b5-a0eb-5b522922e509","dockerRegistry":"ARTIFACT_REGISTRY","automaticUpdatePolicy":{},"buildServiceAccount":"projects/refreshing-website/serviceAccounts/832093857842-compute@developer.gserviceaccount.com"},"versionId":"5","updateTime":"2026-08-10T03:15:49Z","buildId":"8396bccd-d1fd-4519-bbd2-33cc12b1fb18","sourceToken":"34a41cb0-eee3-467d-a60b-d9de6c7ee8e3","buildName":"projects/832093857842/locations/us-central1/builds/8396bccd-d1fd-4519-bbd2-33cc12b1fb18"},"done":true,"response":{"@type":"type.googleapis.com/google.cloud.functions.v1.CloudFunction","name":"projects/refreshing-website/locations/us-central1/functions/undoCheckIn","httpsTrigger":{"url":"https://us-central1-refreshing-website.cloudfunctions.net/undoCheckIn","securityLevel":"SECURE_ALWAYS"},"status":"ACTIVE","entryPoint":"undoCheckIn","timeout":"60s","availableMemoryMb":256,"serviceAccountEmail":"refreshing-website@appspot.gserviceaccount.com","updateTime":"2026-08-10T03:15:49.380Z","versionId":"5","labels":{"deployment-tool":"cli-firebase","deployment-callable":"true","firebase-functions-hash":"4d0e9bd4750926bf686d9a2578c78b22796053a7"},"sourceUploadUrl":"https://storage.googleapis.com/uploads-836972235469.us-central1.cloudfunctions.appspot.com/d25e375b-b285-4ae6-92e7-2788b17d669c.zip","environmentVariables":{"FIREBASE_CONFIG":"{\"projectId\":\"refreshing-website\",\"storageBucket\":\"refreshing-website.firebasestorage.app\"}","GCLOUD_PROJECT":"refreshing-website","EVENTARC_CLOUD_EVENT_SOURCE":"projects/refreshing-website/locations/us-central1/functions/undoCheckIn"},"runtime":"nodejs20","ingressSettings":"ALLOW_ALL","buildId":"8396bccd-d1fd-4519-bbd2-33cc12b1fb18","buildEnvironmentVariables":{"GOOGLE_NODE_RUN_SCRIPTS":""},"buildName":"projects/832093857842/locations/us-central1/builds/8396bccd-d1fd-4519-bbd2-33cc12b1fb18","dockerRegistry":"ARTIFACT_REGISTRY","automaticUpdatePolicy":{},"buildServiceAccount":"projects/refreshing-website/serviceAccounts/832093857842-compute@developer.gserviceaccount.com"}}
[2026-08-10T03:15:57.460Z] Got source token 34a41cb0-eee3-467d-a60b-d9de6c7ee8e3 for region us-central1
+  functions[undoCheckIn(us-central1)] Successful update operation. 
[2026-08-10T03:15:57.562Z] <<< [apiv2][status] GET https://cloudfunctions.googleapis.com/v1/operations/cmVmcmVzaGluZy13ZWJzaXRlL3VzLWNlbnRyYWwxL2F1ZGl0U2Vzc2lvbnNXcml0ZS9ZOHJSeDdXZ0xrUQ 200
[2026-08-10T03:15:57.562Z] <<< [apiv2][body] GET https://cloudfunctions.googleapis.com/v1/operations/cmVmcmVzaGluZy13ZWJzaXRlL3VzLWNlbnRyYWwxL2F1ZGl0U2Vzc2lvbnNXcml0ZS9ZOHJSeDdXZ0xrUQ {"name":"operations/cmVmcmVzaGluZy13ZWJzaXRlL3VzLWNlbnRyYWwxL2F1ZGl0U2Vzc2lvbnNXcml0ZS9ZOHJSeDdXZ0xrUQ","metadata":{"@type":"type.googleapis.com/google.cloud.functions.v1.OperationMetadataV1","target":"projects/refreshing-website/locations/us-central1/functions/auditSessionsWrite","type":"UPDATE_FUNCTION","request":{"@type":"type.googleapis.com/google.cloud.functions.v1.CloudFunction","name":"projects/refreshing-website/locations/us-central1/functions/auditSessionsWrite","eventTrigger":{"eventType":"providers/cloud.firestore/eventTypes/document.write","resource":"projects/refreshing-website/databases/(default)/documents/events/{eventId}/sessions/{sessionId}","service":"firestore.googleapis.com"},"status":"ACTIVE","entryPoint":"auditSessionsWrite","updateTime":"2026-08-10T03:12:38.512Z","versionId":"4","labels":{"deployment-tool":"cli-firebase","firebase-functions-hash":"4d0e9bd4750926bf686d9a2578c78b22796053a7"},"sourceUploadUrl":"https://storage.googleapis.com/uploads-836972235469.us-central1.cloudfunctions.appspot.com/d25e375b-b285-4ae6-92e7-2788b17d669c.zip?GoogleAccessId=service-832093857842@gcf-admin-robot.iam.gserviceaccount.com&Expires=1786333476&Signature=vodKr4jEv8OxG2kgtja5bkjca7lc4oW09Rk0uIElcJWMVvGfHW3uZTtf0Pxaa9GxMn8AMyP29kWMN9T5upIvLBuEwjRBEITXuHhGqefqzbyP995sP%2FwVvGjBen%2FRGzS8u0F12UgYd%2B6vfLlhqyiKHsaJd1XlNcOVZH5%2BKvMKO3A719qEdkg8Tv8sn%2F7n8PLZFCYQBZr53ba2f1Ap6poBC%2F3XWkvGpzx6V1xj%2F7EwWkOE%2Flk24kM%2F9rpvQ2EESgJWOfdwoBhFXmz8XxdR3comtFOtedwxI99qUzVIOU6uhTBZwOGE3LlH8G7NPmspxSBdg1FRMa5CjozRjP1w4n7c4A%3D%3D","environmentVariables":{"FIREBASE_CONFIG":"{\"projectId\":\"refreshing-website\",\"storageBucket\":\"refreshing-website.firebasestorage.app\"}","GCLOUD_PROJECT":"refreshing-website","EVENTARC_CLOUD_EVENT_SOURCE":"projects/refreshing-website/locations/us-central1/functions/auditSessionsWrite"},"runtime":"nodejs20","buildId":"f5832f40-26c0-49b5-a0eb-5b522922e509","buildEnvironmentVariables":{"GOOGLE_NODE_RUN_SCRIPTS":""},"sourceToken":"34a41cb0-eee3-467d-a60b-d9de6c7ee8e3","buildName":"projects/832093857842/locations/us-central1/builds/f5832f40-26c0-49b5-a0eb-5b522922e509","dockerRegistry":"ARTIFACT_REGISTRY","automaticUpdatePolicy":{},"buildServiceAccount":"projects/refreshing-website/serviceAccounts/832093857842-compute@developer.gserviceaccount.com"},"versionId":"5","updateTime":"2026-08-10T03:15:51Z","buildId":"8396bccd-d1fd-4519-bbd2-33cc12b1fb18","sourceToken":"34a41cb0-eee3-467d-a60b-d9de6c7ee8e3","buildName":"projects/832093857842/locations/us-central1/builds/8396bccd-d1fd-4519-bbd2-33cc12b1fb18"},"done":true,"response":{"@type":"type.googleapis.com/google.cloud.functions.v1.CloudFunction","name":"projects/refreshing-website/locations/us-central1/functions/auditSessionsWrite","eventTrigger":{"eventType":"providers/cloud.firestore/eventTypes/document.write","resource":"projects/refreshing-website/databases/(default)/documents/events/{eventId}/sessions/{sessionId}","service":"firestore.googleapis.com","failurePolicy":{}},"status":"ACTIVE","entryPoint":"auditSessionsWrite","timeout":"60s","availableMemoryMb":256,"serviceAccountEmail":"refreshing-website@appspot.gserviceaccount.com","updateTime":"2026-08-10T03:15:51.443Z","versionId":"5","labels":{"deployment-tool":"cli-firebase","firebase-functions-hash":"4d0e9bd4750926bf686d9a2578c78b22796053a7"},"sourceUploadUrl":"https://storage.googleapis.com/uploads-836972235469.us-central1.cloudfunctions.appspot.com/d25e375b-b285-4ae6-92e7-2788b17d669c.zip","environmentVariables":{"FIREBASE_CONFIG":"{\"projectId\":\"refreshing-website\",\"storageBucket\":\"refreshing-website.firebasestorage.app\"}","GCLOUD_PROJECT":"refreshing-website","EVENTARC_CLOUD_EVENT_SOURCE":"projects/refreshing-website/locations/us-central1/functions/auditSessionsWrite"},"runtime":"nodejs20","maxInstances":3000,"ingressSettings":"ALLOW_ALL","buildId":"8396bccd-d1fd-4519-bbd2-33cc12b1fb18","buildEnvironmentVariables":{"GOOGLE_NODE_RUN_SCRIPTS":""},"buildName":"projects/832093857842/locations/us-central1/builds/8396bccd-d1fd-4519-bbd2-33cc12b1fb18","dockerRegistry":"ARTIFACT_REGISTRY","automaticUpdatePolicy":{},"buildServiceAccount":"projects/refreshing-website/serviceAccounts/832093857842-compute@developer.gserviceaccount.com"}}
[2026-08-10T03:15:57.563Z] Got source token 34a41cb0-eee3-467d-a60b-d9de6c7ee8e3 for region us-central1
+  functions[auditSessionsWrite(us-central1)] Successful update operation. 
[2026-08-10T03:15:57.586Z] Total Function Deployment time: 79524
[2026-08-10T03:15:57.586Z] 13 Functions Deployed
[2026-08-10T03:15:57.586Z] 0 Functions Errored
[2026-08-10T03:15:57.586Z] 0 Function Deployments Aborted
[2026-08-10T03:15:57.586Z] Average Function Deployment time: 74974.46153846153
[2026-08-10T03:15:58.157Z] Checked if tokens are valid: true, expires at: 1786334449855
[2026-08-10T03:15:58.157Z] Checked if tokens are valid: true, expires at: 1786334449855
[2026-08-10T03:15:58.157Z] >>> [apiv2][query] GET https://artifactregistry.googleapis.com/v1/projects/refreshing-website/locations/us-central1/repositories/gcf-artifacts [none]
[2026-08-10T03:15:59.168Z] <<< [apiv2][status] GET https://artifactregistry.googleapis.com/v1/projects/refreshing-website/locations/us-central1/repositories/gcf-artifacts 200
[2026-08-10T03:15:59.168Z] <<< [apiv2][body] GET https://artifactregistry.googleapis.com/v1/projects/refreshing-website/locations/us-central1/repositories/gcf-artifacts {"name":"projects/refreshing-website/locations/us-central1/repositories/gcf-artifacts","format":"DOCKER","description":"This repository is created and used by Cloud Functions for storing function docker images.","labels":{"goog-managed-by":"cloudfunctions"},"createTime":"2026-08-10T02:40:48.158003Z","updateTime":"2026-08-10T03:15:40.696960Z","mode":"STANDARD_REPOSITORY","cleanupPolicies":{"firebase-functions-cleanup":{"id":"firebase-functions-cleanup","action":"DELETE","condition":{"tagState":"ANY","olderThan":"604800s"}}},"sizeBytes":"614340940","vulnerabilityScanningConfig":{"lastEnableTime":"2026-08-10T02:40:39.376433654Z","enablementState":"SCANNING_DISABLED","enablementStateReason":"API containerscanning.googleapis.com is not enabled."},"satisfiesPzi":true,"registryUri":"us-central1-docker.pkg.dev/refreshing-website/gcf-artifacts"}

+  Deploy complete! 

Project Console: https://console.firebase.google.com/project/refreshing-website/overview
